iata_code,airport_name,city,country_code,country_name,airport_type,coordinates
AAN,Al Ain International Airport,Al Ain,AE,United Arab Emirates,medium_airport,"24.261699676513672, 55.60919952392578"
AUH,Zayed International Airport,Abu Dhabi,AE,United Arab Emirates,large_airport,"24.443764, 54.651718"
AZI,Al Bateen Executive Airport,Abu Dhabi,AE,United Arab Emirates,medium_airport,"24.428301, 54.458099"
DHF,Al Dhafra Air Base,,AE,United Arab Emirates,medium_airport,"24.248199462900004, 54.547698974599996"
DWC,Al Maktoum International Airport,Jebel Ali,AE,United Arab Emirates,large_airport,"24.896356, 55.161389"
DXB,Dubai International Airport,Dubai,AE,United Arab Emirates,large_airport,"25.2527999878, 55.3643989563"
FJR,Fujairah International Airport,Fujairah,AE,United Arab Emirates,medium_airport,"25.1122, 56.324001"
NHD,Al Minhad Air Base,Dubai,AE,United Arab Emirates,medium_airport,"25.0268001556, 55.3661994934"
RKT,Ras Al Khaimah International Airport,Ras Al Khaimah,AE,United Arab Emirates,medium_airport,"25.613500595092773, 55.93880081176758"
SHJ,Sharjah International Airport,Sharjah,AE,United Arab Emirates,large_airport,"25.3286, 55.5172"
XSB,Sir Bani Yas Airport,Sir Bani Yas,AE,United Arab Emirates,medium_airport,"24.283611, 52.580278"
ZDY,Delma Airport,Delma Island,AE,United Arab Emirates,small_airport,"24.51, 52.3352"
BIN,Bamyan Airport,Bamyan,AF,Afghanistan,small_airport,"34.808916, 67.816629"
BST,Bost Airport,Lashkar Gah,AF,Afghanistan,small_airport,"31.5597, 64.364998"
CCN,Chaghcharan Airport,Chaghcharan,AF,Afghanistan,small_airport,"34.526465, 65.27102"
DAZ,Darwaz Airport,Darwaz,AF,Afghanistan,small_airport,"38.461798, 70.881606"
DWR,Dwyer Airport,Reg,AF,Afghanistan,small_airport,"31.091265, 64.066053"
FAH,Farah Airport,Farah,AF,Afghanistan,small_airport,"32.366667, 62.165347"
FBD,Fayzabad Airport,Fayzabad,AF,Afghanistan,small_airport,"37.122148, 70.5201"
GRG,Gardez Airport,Gardez,AF,Afghanistan,small_airport,"33.627366, 69.237023"
GZI,Ghazni Airport,Ghazni,AF,Afghanistan,small_airport,"33.487853, 68.525243"
HEA,Herat - Khwaja Abdullah Ansari International Airport,Guzara,AF,Afghanistan,medium_airport,"34.209999, 62.228298"
JAA,Jalalabad Airport,Jalalabad,AF,Afghanistan,medium_airport,"34.399799, 70.498596"
KBL,Kabul International Airport,Kabul,AF,Afghanistan,medium_airport,"34.565899, 69.212303"
KDH,Ahmad Shah Baba International Airport / Kandahar Airfield,Khvoshab,AF,Afghanistan,medium_airport,"31.5058, 65.847801"
KHT,Khost International Airport,Khost,AF,Afghanistan,medium_airport,"33.284605, 69.80734"
KUR,Razer Airport,Skazar,AF,Afghanistan,small_airport,"36.029893, 70.714159"
KWH,Khwahan Airport,Khwahan,AF,Afghanistan,small_airport,"37.890021, 70.20383"
LQN,Qala-i-Naw Airport,Qala-i-Naw,AF,Afghanistan,small_airport,"34.985472, 63.117404"
MMZ,Maymana Zahiraddin Faryabi Airport,Maymana,AF,Afghanistan,medium_airport,"35.930801, 64.760902"
MZR,Mazar-i-Sharif International Airport,Mazar-i-Sharif,AF,Afghanistan,medium_airport,"36.706902, 67.209702"
OAA,Shank Air Base,Baraki Barak,AF,Afghanistan,small_airport,"33.922217, 69.07794"
OAH,Shindand Air Base,Shindand,AF,Afghanistan,small_airport,"33.3913, 62.261002"
OAI,Bagram Airfield,Bagram,AF,Afghanistan,medium_airport,"34.946098, 69.264999"
OAS,Sharana Airstrip,Sharana,AF,Afghanistan,small_airport,"33.12575, 68.838517"
OAZ,Camp Shorabak Airfield,Lashkar Gah,AF,Afghanistan,small_airport,"31.848735, 64.223175"
OLR,Salerno Airport,Khost,AF,Afghanistan,small_airport,"33.3638, 69.9561"
SBF,Sardeh Band Airport,Sardeh Band,AF,Afghanistan,small_airport,"33.3207015991, 68.6364974976"
SGA,Sheghnan Airport,Shiveh,AF,Afghanistan,small_airport,"37.497642, 71.508484"
TII,Tarinkot Airport,Tarinkot,AF,Afghanistan,small_airport,"32.604198, 65.865799"
TQN,Taleqan Airport,Taleqan,AF,Afghanistan,small_airport,"36.770699, 69.531998"
UND,Kunduz Airport,Kunduz,AF,Afghanistan,medium_airport,"36.6651, 68.910797"
URN,Urgun Airport,Urgun,AF,Afghanistan,small_airport,"32.939933, 69.150064"
URZ,Orūzgān Airport,Orūzgān,AF,Afghanistan,small_airport,"32.9029998779, 66.630897522"
ZAJ,Zaranj Airport,Zaranj,AF,Afghanistan,small_airport,"30.972222, 61.865833"
ANU,V C Bird International Airport,Osbourn,AG,Antigua and Barbuda,medium_airport,"17.1367, -61.792702"
BBQ,Codrington Airport,Codrington,AG,Antigua and Barbuda,medium_airport,"17.635799, -61.828602"
AXA,Clayton J Lloyd International Airport,The Valley,AI,AI,medium_airport,"18.204773, -63.05383"
KFZ,Kukës International Airport,Kukës,AL,Albania,medium_airport,"42.035802, 20.415955"
TIA,Tirana International Airport Mother Teresa,Rinas,AL,Albania,large_airport,"41.4147, 19.7206"
EVN,Zvartnots International Airport,Yerevan,AM,Armenia,large_airport,"40.1473007202, 44.3959007263"
LWN,Shirak International Airport,Gyumri,AM,Armenia,medium_airport,"40.750401, 43.859299"
ANL,Andulo Airport,Andulo,AO,Angola,small_airport,"-11.4723, 16.710899"
ARZ,N'zeto Airport,N'zeto,AO,Angola,small_airport,"-7.259277, 12.862355"
AZZ,Ambriz Airport,Ambriz,AO,Angola,small_airport,"-7.86222, 13.1161"
BUG,Benguela 17th of September Airport,Benguela,AO,Angola,medium_airport,"-12.609, 13.4037"
CAB,Cabinda Airport,Cabinda,AO,Angola,medium_airport,"-5.59699010848999, 12.188400268554688"
CAV,Cazombo Airport,Cazombo,AO,Angola,small_airport,"-11.8931, 22.916239"
CBT,Catumbela Airport,Catumbela,AO,Angola,medium_airport,"-12.4792, 13.4869"
CEO,Waco Kungo Airport,Waco Kungo,AO,Angola,small_airport,"-11.4264, 15.1014"
CFF,Cafunfo Airport,Cafunfo,AO,Angola,small_airport,"-8.78361, 17.9897"
CNZ,Cangamba Airport,Cangamba,AO,Angola,small_airport,"-13.7106, 19.861099"
CTI,Cuito Cuanavale Airport,Cuito Cuanavale,AO,Angola,small_airport,"-15.1603, 19.156099"
CTV,Catoca Airport,Saurimo,AO,Angola,small_airport,"-9.431359, 20.311557"
CXM,Camaxilo Airport,Camaxilo,AO,Angola,small_airport,"-8.37361, 18.923599"
DRC,Dirico Airport,Dirico,AO,Angola,small_airport,"-17.981924, 20.768061"
DUE,Dundo Airport,Chitato,AO,Angola,medium_airport,"-7.400889873504639, 20.818500518798828"
GGC,Lumbala Airport,Lumbala N'guimbo,AO,Angola,small_airport,"-14.105106, 21.45083"
GXG,Negage Airport,Negage,AO,Angola,medium_airport,"-7.754509925842285, 15.287699699401855"
JMB,Jamba Airport,Jamba,AO,Angola,small_airport,"-14.698193, 16.070148"
KNP,Capanda Airport,Capanda,AO,Angola,small_airport,"-9.76937007904, 15.4553194046"
LAD,Quatro de Fevereiro International Airport,Luanda,AO,Angola,large_airport,"-8.85837, 13.2312"
LBZ,Lucapa Airport,Lucapa,AO,Angola,small_airport,"-8.445727348330001, 20.7320861816"
LLT,Lobito Airport,Lobito,AO,Angola,small_airport,"-12.3712, 13.5366"
LUO,Luena Airport,Luena,AO,Angola,medium_airport,"-11.7681, 19.897699"
LZM,Luzamba Airport,Luzamba,AO,Angola,small_airport,"-9.11596012115, 18.049299240099998"
MEG,Malanje Airport,Malanje,AO,Angola,medium_airport,"-9.525090217590332, 16.312400817871094"
MSZ,Welwitschia Mirabilis International Airport,Moçâmedes,AO,Angola,medium_airport,"-15.2612, 12.1468"
NBJ,Dr. Antonio Agostinho Neto International Airport,Luanda (Ícolo e Bengo),AO,Angola,medium_airport,"-9.050734, 13.499078"
NDD,Sumbe Airport,Sumbe,AO,Angola,medium_airport,"-11.1679, 13.8475"
NDF,N'dalatando Airport,N'dalatando,AO,Angola,small_airport,"-9.280378, 14.982432"
NOV,Nova Lisboa Airport,Huambo,AO,Angola,medium_airport,"-12.808899879455566, 15.760499954223633"
NZA,Nzagi Airport,Nzagi,AO,Angola,small_airport,"-7.716939926149999, 21.358200073200003"
PBN,Porto Amboim Airport,Port Amboim,AO,Angola,medium_airport,"-10.722, 13.7655"
PGI,Chitato Airport,Chitato,AO,Angola,small_airport,"-7.35889, 20.804701"
SDD,Lubango Airport,Lubango,AO,Angola,medium_airport,"-14.924699783325195, 13.574999809265137"
SPP,Menongue Airport,Menongue,AO,Angola,medium_airport,"-14.657600402832031, 17.71980094909668"
SSY,Mbanza Congo Airport,Mbanza Congo,AO,Angola,medium_airport,"-6.269899845123291, 14.246999740600586"
SVP,Kuito Airport,Kuito,AO,Angola,medium_airport,"-12.404600143433, 16.947399139404"
SZA,Soyo Airport,Soyo,AO,Angola,medium_airport,"-6.141089916229248, 12.371800422668457"
UAL,Luau Airport,Luau,AO,Angola,small_airport,"-10.7158, 22.2311"
UGO,Uige Airport,Uige,AO,Angola,medium_airport,"-7.60307, 15.0278"
VHC,Saurimo Airport,Saurimo,AO,Angola,medium_airport,"-9.68907, 20.4319"
VPE,Ngjiva Pereira Airport,Ngiva,AO,Angola,medium_airport,"-17.0435009003, 15.683799743700002"
XGN,Xangongo Airport,Xangongo,AO,Angola,medium_airport,"-16.755399703979492, 14.965299606323242"
TNM,Teniente Rodolfo Marsh Martin Airport,Villa Las Estrellas,AQ,Antarctica,small_airport,"-62.191026, -58.98669"
UGL,Union Glacier Blue-Ice Runway,Union Glacier,AQ,Antarctica,small_airport,"-79.777778, -83.320833"
AEP,Jorge Newbery Airpark,Buenos Aires,AR,Argentina,large_airport,"-34.5592, -58.4156"
AFA,Suboficial Ay Santiago Germano Airport,San Rafael,AR,Argentina,medium_airport,"-34.588299, -68.4039"
AOL,Paso De Los Libres Airport,Paso de los Libres,AR,Argentina,medium_airport,"-29.6894, -57.1521"
APZ,Zapala Airport,Zapala,AR,Argentina,medium_airport,"-38.975498, -70.113602"
ARR,D. Casimiro Szlapelis Airport,Alto Rio Senguerr,AR,Argentina,small_airport,"-45.013599, -70.812202"
BHI,Comandante Espora Airport,Bahía Blanca,AR,Argentina,medium_airport,"-38.725, -62.1693"
BRC,San Carlos de Bariloche Airport,San Carlos de Bariloche,AR,Argentina,medium_airport,"-41.151199, -71.157501"
CLX,Aeródromo de Clorinda,Clorinda,AR,Argentina,small_airport,"-25.3036, -57.7344"
CNQ,Corrientes Airport,Corrientes,AR,Argentina,medium_airport,"-27.4455, -58.7619"
CNT,Charata Airport,Charata,AR,Argentina,small_airport,"-27.2164, -61.2103"
COC,Comodoro Pierrestegui Airport,Concordia,AR,Argentina,medium_airport,"-31.2969, -57.9966"
COR,Ingeniero Ambrosio Taravella Airport,Cordoba,AR,Argentina,medium_airport,"-31.323601, -64.208"
CPC,Aviador C. Campos Airport,Chapelco/San Martin de los Andes,AR,Argentina,medium_airport,"-40.075401, -71.137299"
CPG,Carmen de Patagones Airport,Carmen de Patagones,AR,Argentina,small_airport,"-40.7781, -62.9803"
CRD,General E. Mosconi Airport,Comodoro Rivadavia,AR,Argentina,medium_airport,"-45.7853, -67.4655"
CRR,Ceres Airport,Ceres,AR,Argentina,small_airport,"-29.872292, -61.927925"
CSZ,Brigadier D.H.E. Ruiz Airport,Coronel Suarez,AR,Argentina,small_airport,"-37.446098, -61.889301"
CTC,Coronel Felipe Varela International Airport,Catamarca,AR,Argentina,medium_airport,"-28.593117, -65.7512"
CUT,Cutral-Co Airport,Cutral-Co,AR,Argentina,medium_airport,"-38.939701, -69.264603"
CVH,Caviahue Airport,Lafontaine,AR,Argentina,small_airport,"-37.851398, -71.009201"
CVI,Caleta Olivia Airport,Caleta Olivia,AR,Argentina,small_airport,"-46.37428, -67.59409"
EHL,El Bolsón Airfield,El Bolsón,AR,Argentina,medium_airport,"-41.943199, -71.532303"
ELO,El Dorado Airport,El Dorado,AR,Argentina,small_airport,"-26.397499, -54.574699"
EMX,El Maitén Airport,El Maitén,AR,Argentina,small_airport,"-42.029202, -71.172501"
EPA,El Palomar Airport,El Palomar,AR,Argentina,medium_airport,"-34.6099, -58.6126"
EQS,Esquel Brigadier Antonio Parodi International Airport,Esquel,AR,Argentina,medium_airport,"-42.908001, -71.139503"
EZE,Minister Pistarini International Airport,Buenos Aires (Ezeiza),AR,Argentina,large_airport,"-34.8222, -58.5358"
FMA,Formosa National Airport,Formosa,AR,Argentina,medium_airport,"-26.2127, -58.2281"
FTE,El Calafate - Commander Armando Tola International Airport,El Calafate,AR,Argentina,medium_airport,"-50.2803, -72.053101"
GGS,Gobernador Gregores Airport,Gobernador Gregores,AR,Argentina,small_airport,"-48.7831, -70.150002"
GHU,Gualeguaychu Airport,Gualeguaychu,AR,Argentina,medium_airport,"-33.005567, -58.612833"
GNR,Dr. Arturo H. Illia Airport,General Roca,AR,Argentina,small_airport,"-39.000702, -67.620499"
GPO,General Pico Airport,General Pico,AR,Argentina,medium_airport,"-35.696201, -63.758301"
HOS,Chos Malal Airport,Chos Malal,AR,Argentina,small_airport,"-37.444698, -70.222504"
IGB,Ingeniero Jacobacci - Captain H R Bordón Airport,Ingeniero Jacobacci,AR,Argentina,small_airport,"-41.3209, -69.574898"
IGR,Cataratas Del Iguazú International Airport,Puerto Iguazu,AR,Argentina,medium_airport,"-25.737301, -54.4734"
IRJ,Capitan V A Almonacid Airport,La Rioja,AR,Argentina,medium_airport,"-29.381599, -66.795799"
JSM,Jose De San Martin Airport,Chubut,AR,Argentina,small_airport,"-44.048599243199995, -70.4589004517"
JUJ,Gobernador Horacio Guzman International Airport,San Salvador de Jujuy,AR,Argentina,medium_airport,"-24.392799, -65.097801"
LCM,La Cumbre Airport,La Cumbre,AR,Argentina,small_airport,"-31.0058, -64.531898"
LCP,Loncopue Airport,Loncopue,AR,Argentina,small_airport,"-38.081902, -70.643898"
LGS,Comodoro D.R. Salomón Airport,Malargue,AR,Argentina,medium_airport,"-35.493599, -69.574303"
LHS,Las Heras Airport,Las Heras,AR,Argentina,medium_airport,"-46.538517, -68.965323"
LLS,Alferez Armando Rodriguez Airport,Las Lomitas,AR,Argentina,small_airport,"-24.721399, -60.548801"
LMD,Los Menucos Airport,Los Menucos,AR,Argentina,small_airport,"-40.817699, -68.074699"
LPG,La Plata Airport,La Plata,AR,Argentina,medium_airport,"-34.9722, -57.8947"
LUQ,Brigadier Mayor D Cesar Raul Ojeda Airport,San Luis,AR,Argentina,medium_airport,"-33.273201, -66.3564"
MCS,Monte Caseros Airport,Monte Caseros,AR,Argentina,medium_airport,"-30.2719, -57.6402"
MDQ,Ástor Piazzola International Airport,Mar del Plata,AR,Argentina,medium_airport,"-37.9342, -57.5733"
MDX,Mercedes Airport,Mercedes,AR,Argentina,small_airport,"-29.221399, -58.087799"
MDZ,El Plumerillo Airport,Mendoza,AR,Argentina,medium_airport,"-32.8316993713, -68.7929000854"
MJR,Miramar Airport,Miramar,AR,Argentina,small_airport,"-38.2271, -57.8697"
MQD,Maquinchao Airport,Maquinchao,AR,Argentina,small_airport,"-41.2430992126, -68.7078018188"
NCJ,Sunchales Aeroclub Airport,Sunchales,AR,Argentina,small_airport,"-30.9575, -61.5283"
NEC,Necochea Airport,Necochea,AR,Argentina,medium_airport,"-38.490746, -58.816337"
NQN,Presidente Peron Airport,Neuquen,AR,Argentina,medium_airport,"-38.949001, -68.155701"
OES,Antoine de Saint Exupéry Airport,San Antonio Oeste,AR,Argentina,small_airport,"-40.7512, -65.0343"
OLN,Lago Musters Airport,Sarmiento,AR,Argentina,small_airport,"-45.5752, -69.077"
ORA,Orán Airport,Orán,AR,Argentina,medium_airport,"-23.1528, -64.329201"
OVR,Olavarria Airport,Olavarria,AR,Argentina,small_airport,"-36.889999, -60.216599"
OYA,Goya Airport,Goya,AR,Argentina,medium_airport,"-29.1058, -59.2189"
OYO,Tres Arroyos Airport,Tres Arroyos,AR,Argentina,medium_airport,"-38.3869, -60.3297"
PEH,Comodoro Pedro Zanni Airport,Pehuajó,AR,Argentina,medium_airport,"-35.8446, -61.8576"
PMQ,Perito Moreno Jalil Hamer Airport,Perito Moreno,AR,Argentina,medium_airport,"-46.537899, -70.978699"
PMY,El Tehuelche Airport,Puerto Madryn,AR,Argentina,medium_airport,"-42.7592, -65.1027"
PRA,General Urquiza Airport,Parana,AR,Argentina,medium_airport,"-31.7948, -60.4804"
PRQ,Termal Airport,Presidencia Roque Sáenz Peña,AR,Argentina,small_airport,"-26.753611, -60.492222"
PSS,Libertador Gral D Jose De San Martin Airport,Posadas,AR,Argentina,medium_airport,"-27.3858, -55.9707"
PUD,Puerto Deseado Airport,Puerto Deseado,AR,Argentina,medium_airport,"-47.7353, -65.9041"
QRF,Bragado Airport,Bragado,AR,Argentina,small_airport,"-35.145811, -60.480294"
RAF,Rafaela Airport,Rafaela,AR,Argentina,small_airport,"-31.2825, -61.5017"
RCQ,Reconquista Airport,Reconquista,AR,Argentina,medium_airport,"-29.210278, -59.683333"
RCU,Area De Material Airport,Rio Cuarto,AR,Argentina,medium_airport,"-33.085098, -64.261299"
RDS,Rincon De Los Sauces Airport,Rincon de los Sauces,AR,Argentina,medium_airport,"-37.390598, -68.904198"
REL,Almirante Marco Andres Zar Airport,Rawson,AR,Argentina,medium_airport,"-43.2105, -65.2703"
RES,Resistencia International Airport,Resistencia,AR,Argentina,medium_airport,"-27.45, -59.0561"
RGA,Gobernador Ramón Trejo Noel International Airport,Rio Grande,AR,Argentina,medium_airport,"-53.7777, -67.7494"
RGL,Piloto Civil N. Fernández Airport,Rio Gallegos,AR,Argentina,medium_airport,"-51.6089, -69.3126"
RHD,Termas de Río Hondo international Airport,Termas de Río Hondo,AR,Argentina,medium_airport,"-27.4966, -64.93595"
RLO,Valle Del Conlara International Airport,Merlo,AR,Argentina,small_airport,"-32.384701, -65.186501"
ROS,Rosario Islas Malvinas International Airport,Rosario,AR,Argentina,medium_airport,"-32.9036, -60.785"
ROY,Rio Mayo Airport,Rio Mayo,AR,Argentina,small_airport,"-45.703899, -70.245598"
RSA,Santa Rosa Airport,Santa Rosa,AR,Argentina,medium_airport,"-36.588299, -64.275703"
RYO,28 de Noviembre Airport,Rio Turbio,AR,Argentina,small_airport,"-51.605, -72.2203"
RZA,Santa Cruz Airport,Puerto Santa Cruz,AR,Argentina,medium_airport,"-50.0165, -68.5792"
SDE,Vicecomodoro Angel D. La Paz Aragonés Airport,Santiago del Estero,AR,Argentina,medium_airport,"-27.765556335399996, -64.3099975586"
SFN,Sauce Viejo Airport,Santa Fe,AR,Argentina,medium_airport,"-31.7117, -60.8117"
SGV,Sierra Grande Airport,Sierra Grande,AR,Argentina,small_airport,"-41.591702, -65.339401"
SLA,Martin Miguel De Guemes International Airport,Salta,AR,Argentina,medium_airport,"-24.856000900299996, -65.4861984253"
SST,Santa Teresita Airport,Santa Teresita,AR,Argentina,medium_airport,"-36.5423, -56.7218"
TDL,Héroes de Malvinas Airport,Tandil,AR,Argentina,medium_airport,"-37.234634, -59.228647"
TTG,General Enrique Mosconi Airport,Tartagal,AR,Argentina,medium_airport,"-22.616877, -63.793015"
TUC,Teniente Benjamin Matienzo Airport,San Miguel de Tucumán,AR,Argentina,medium_airport,"-26.8409, -65.104897"
UAQ,Domingo Faustino Sarmiento Airport,San Juan,AR,Argentina,medium_airport,"-31.571501, -68.418198"
ULA,Capitan D Daniel Vazquez Airport,San Julian,AR,Argentina,medium_airport,"-49.306816, -67.802596"
USH,Ushuaia - Malvinas Argentinas International Airport,Ushuaia,AR,Argentina,medium_airport,"-54.8433, -68.2958"
UZU,Curuzu Cuatia Airport,Curuzu Cuatia,AR,Argentina,medium_airport,"-29.7706, -57.9789"
VCF,Valcheta Airport,Valcheta,AR,Argentina,small_airport,"-40.700001, -66.150002"
VDM,Gobernador Castello Airport,Viedma / Carmen de Patagones,AR,Argentina,medium_airport,"-40.8692, -63.0004"
VDR,Villa Dolores Airport,Villa Dolores,AR,Argentina,medium_airport,"-31.9452, -65.146301"
VGS,General Villegas Airport,General Villegas,AR,Argentina,small_airport,"-34.995728, -62.999725"
VLG,Villa Gesell Airport,Villa Gesell,AR,Argentina,medium_airport,"-37.2354, -57.0292"
VME,Villa Reynolds Airport,Villa Mercedes,AR,Argentina,medium_airport,"-33.7299003601, -65.3873977661"
FTI,Fitiuta Airport,Fitiuta Village,AS,AS,small_airport,"-14.216131, -169.423771"
OFU,Ofu Airport,Ofu,AS,AS,small_airport,"-14.1844, -169.669998"
PPG,Pago Pago International Airport,Pago Pago,AS,AS,medium_airport,"-14.331, -170.710007"
GRZ,Graz Airport,Feldkirchen bei Graz,AT,Austria,medium_airport,"46.9911, 15.4396"
HOH,Hohenems-Dornbirn Airfield,Hohenems,AT,Austria,small_airport,"47.384477, 9.699776"
INN,Innsbruck Airport,Innsbruck,AT,Austria,medium_airport,"47.260201, 11.344"
KLU,Klagenfurt Airport,Klagenfurt am Wörthersee,AT,Austria,medium_airport,"46.642502, 14.3377"
LNZ,Linz-Hörsching Airport / Vogler Air Base,Linz,AT,Austria,medium_airport,"48.2332, 14.1875"
SZG,Salzburg Airport,Salzburg,AT,Austria,medium_airport,"47.793301, 13.0043"
VIE,Vienna International Airport,Vienna,AT,Austria,large_airport,"48.110298, 16.5697"
AAB,Arrabury Airport,Tanbar,AU,Australia,small_airport,"-26.69639, 141.048718"
ABG,Abingdon Downs Airport,Abingdon Downs,AU,Australia,small_airport,"-17.608814, 143.183531"
ABH,Alpha Airport,Alpha,AU,Australia,small_airport,"-23.652849, 146.582668"
ABM,Northern Peninsula Airport,Bamaga,AU,Australia,small_airport,"-10.946194, 142.455081"
ABX,Albury Airport,East Albury,AU,Australia,medium_airport,"-36.066758, 146.959148"
ADL,Adelaide International Airport,Adelaide,AU,Australia,large_airport,"-34.947512, 138.533393"
ADO,Andamooka Airport,Andamooka,AU,Australia,small_airport,"-30.438299, 137.136993"
AGW,Agnew Airport,Agnew,AU,Australia,small_airport,"-12.1456, 142.149369"
AGY,Argyle Downs Airport,Argyle Downs,AU,Australia,small_airport,"-16.508604, 128.922485"
ALH,Albany Airport,Albany,AU,Australia,medium_airport,"-34.94329833984375, 117.80899810791016"
AMT,Amata Airport,,AU,Australia,small_airport,"-26.097363, 131.202732"
AMX,Ammaroo Airport,,AU,Australia,small_airport,"-21.738300323486328, 135.24200439453125"
ANZ,Angus Downs Airport,Angus Downs Station,AU,Australia,small_airport,"-25.0325, 132.2748"
ARM,Armidale Airport,Armidale,AU,Australia,medium_airport,"-30.528099060099997, 151.617004395"
ARY,Ararat Airport,Ararat,AU,Australia,medium_airport,"-37.309978, 142.988688"
ASP,Alice Springs Airport,Alice Springs,AU,Australia,medium_airport,"-23.806588, 133.903427"
AUD,Augustus Downs Airport,,AU,Australia,small_airport,"-18.514999389648438, 139.8780059814453"
AUU,Aurukun Airport,Aurukun,AU,Australia,small_airport,"-13.354019, 141.720028"
AVG,Auvergne Airport,,AU,Australia,small_airport,"-15.699999809265137, 130.0"
AVV,Avalon Airport,Lara,AU,Australia,medium_airport,"-38.039398, 144.468994"
AWN,Alton Downs Airport,,AU,Australia,small_airport,"-26.488959, 139.259906"
AWP,Austral Downs Airport,,AU,Australia,small_airport,"-20.5, 137.75"
AXC,Aramac Airport,,AU,Australia,small_airport,"-22.95788, 145.249504"
AXL,Alexandria Homestead Airport,,AU,Australia,small_airport,"-19.060199737548828, 136.7100067138672"
AYD,Alroy Downs Airport,Alroy Downs,AU,Australia,small_airport,"-19.2908, 136.078995"
AYL,Anthony Lagoon Airport,,AU,Australia,small_airport,"-18.018079031, 135.535068512"
AYQ,Ayers Rock Connellan Airport,Yulara,AU,Australia,medium_airport,"-25.185913, 130.97703"
AYR,Ayr Airport,Ayr,AU,Australia,small_airport,"-19.595832, 147.324495"
BBL,Ballera Airport,,AU,Australia,small_airport,"-27.405633, 141.809458"
BCI,Barcaldine Airport,Barcaldine,AU,Australia,medium_airport,"-23.566268, 145.302086"
BCK,Bolwarra Airport,,AU,Australia,small_airport,"-17.388299942, 144.169006348"
BCZ,Milyakburra Airport,Bickerton Island,AU,Australia,small_airport,"-13.780833333299999, 136.201666667"
BDB,Bundaberg Airport,Bundaberg,AU,Australia,medium_airport,"-24.905039, 152.322612"
BDD,Badu Island Airport,Badu Island,AU,Australia,small_airport,"-10.14955, 142.173665"
BDW,Bedford Downs Airport,,AU,Australia,small_airport,"-17.286699295, 127.462997437"
BEE,Beagle Bay Airport,Dampier Peninsula,AU,Australia,small_airport,"-17.0165, 122.6464"
BEO,Lake Macquarie Airport,City of Lake Macquarie,AU,Australia,small_airport,"-33.065975, 151.646283"
BEU,Bedourie Airport,Bedourie,AU,Australia,medium_airport,"-24.3461, 139.460007"
BFC,Bloomfield River Airport,,AU,Australia,small_airport,"-15.8736000061, 145.330001831"
BHQ,Broken Hill Airport,Broken Hill,AU,Australia,medium_airport,"-32.0013999939, 141.472000122"
BHS,Bathurst Airport,Bathurst,AU,Australia,medium_airport,"-33.406817, 149.651161"
BHT,Brighton Downs Airport,Brighton Downs,AU,Australia,small_airport,"-23.363333, 141.562778"
BIP,Bulimba Airport,,AU,Australia,small_airport,"-16.8808002472, 143.479003906"
BIW,Billiluna Airport,,AU,Australia,small_airport,"-19.566699981699998, 127.666999817"
BKP,Barkly Downs Airport,,AU,Australia,small_airport,"-20.4958333333, 138.474722222"
BKQ,Blackall Airport,Blackall,AU,Australia,medium_airport,"-24.431678, 145.429716"
BLN,Benalla Airport,Benalla,AU,Australia,medium_airport,"-36.551899, 146.007004"
BLS,Bollon Airport,,AU,Australia,small_airport,"-28.051247, 147.481799"
BLT,Blackwater Airport,,AU,Australia,medium_airport,"-23.6031, 148.807007"
BME,Broome International Airport,Broome,AU,Australia,medium_airport,"-17.948789, 122.227407"
BMP,Brampton Island Airport,,AU,Australia,small_airport,"-20.804633, 149.279931"
BNE,Brisbane International Airport,Brisbane,AU,Australia,large_airport,"-27.384199142456055, 153.11700439453125"
BNK,Ballina Byron Gateway Airport,Ballina,AU,Australia,medium_airport,"-28.833236, 153.561471"
BOX,Borroloola Airport,,AU,Australia,small_airport,"-16.0753, 136.302002"
BQB,Busselton Margaret River Regional Airport,Busselton,AU,Australia,small_airport,"-33.688423, 115.401596"
BQL,Boulia Airport,,AU,Australia,medium_airport,"-22.913299560546875, 139.89999389648438"
BQW,Balgo Hill Airport,Balgo,AU,Australia,small_airport,"-20.1483, 127.973"
BRK,Bourke Airport,,AU,Australia,medium_airport,"-30.039199829101562, 145.95199584960938"
BRT,Bathurst Island Airport,Wurrumiyanga,AU,Australia,medium_airport,"-11.764966, 130.615774"
BSJ,Bairnsdale Airport,Bairnsdale,AU,Australia,medium_airport,"-37.887539, 147.569379"
BTD,Brunette Downs Airport,,AU,Australia,small_airport,"-18.637472, 135.938355"
BTX,Betoota Airport,,AU,Australia,small_airport,"-25.694791, 140.738339"
BUC,Burketown Airport,,AU,Australia,small_airport,"-17.748600006103516, 139.53399658203125"
BUY,Bunbury Airport,,AU,Australia,small_airport,"-33.3783, 115.677002"
BVI,Birdsville Airport,,AU,Australia,medium_airport,"-25.897499084472656, 139.34800720214844"
BVW,Batavia Downs Airport,,AU,Australia,small_airport,"-12.6592, 142.675003"
BVZ,Beverley Springs Airport,Wunaamin Miliwundi Ranges,AU,Australia,small_airport,"-16.732756, 125.439105"
BWB,Barrow Island Airport,,AU,Australia,small_airport,"-20.864401, 115.405998"
BWQ,Brewarrina Airport,,AU,Australia,medium_airport,"-29.975792, 146.81438"
BWT,Wynyard Airport,Burnie,AU,Australia,medium_airport,"-40.997039, 145.726"
BWU,Sydney Bankstown Airport,Sydney,AU,Australia,medium_airport,"-33.923618, 150.990792"
BXF,Bellburn Airstrip,Pumululu National Park,AU,Australia,small_airport,"-17.545, 128.305"
BXG,Bendigo Airport,,AU,Australia,small_airport,"-36.739399, 144.330002"
BYP,Barimunya Airport,,AU,Australia,small_airport,"-22.673900604248, 119.16600036621"
BYX,Baniyala Airport,Baniyala,AU,Australia,small_airport,"-13.1981, 136.227005"
BZD,Balranald Airport,,AU,Australia,medium_airport,"-34.624834, 143.577114"
BZP,Bizant Airport,Lakefield National Park,AU,Australia,small_airport,"-14.7402777778, 144.119444444"
CAZ,Cobar Airport,,AU,Australia,medium_airport,"-31.538299560546875, 145.79400634765625"
CBC,Cherrabun Airport,,AU,Australia,small_airport,"-18.917777777800005, 125.537777778"
CBI,Cape Barren Island Airport,Cape Barren Island,AU,Australia,small_airport,"-40.390537, 148.016933"
CBR,Canberra Airport,Canberra,AU,Australia,medium_airport,"-35.3069, 149.195007"
CBX,Condobolin Airport,,AU,Australia,small_airport,"-33.06565, 147.21316"
CBY,Canobie Airport,Canobie,AU,Australia,small_airport,"-19.479400634799998, 140.927001953"
CCL,Chinchilla Airport,Chinchilla,AU,Australia,medium_airport,"-26.771947, 150.617571"
CCW,Cowell Airport,,AU,Australia,small_airport,"-33.666698, 136.891998"
CDA,Cooinda Airport,,AU,Australia,small_airport,"-12.903300285339355, 132.53199768066406"
CDQ,Croydon Airport,,AU,Australia,small_airport,"-18.225000381469727, 142.25799560546875"
CDU,Camden Airport,Cobbitty,AU,Australia,medium_airport,"-34.038338, 150.686406"
CED,Ceduna Airport,,AU,Australia,medium_airport,"-32.13059997558594, 133.7100067138672"
CES,Cessnock Airport,,AU,Australia,small_airport,"-32.787498, 151.341995"
CFH,Clifton Hills Airport,Clifton Hills,AU,Australia,small_airport,"-27.018299, 138.891998"
CFI,Camfield Airport,,AU,Australia,small_airport,"-17.021699905395508, 131.32699584960938"
CFP,Carpentaria Downs Airport,Carpentaria Downs,AU,Australia,small_airport,"-18.718481, 144.313028"
CFS,Coffs Harbour Airport,Coffs Harbour,AU,Australia,medium_airport,"-30.320601, 153.115997"
CGV,Caiguna Airport,,AU,Australia,small_airport,"-32.280457, 125.477943"
CIE,Collie Airport,Collie,AU,Australia,small_airport,"-33.3666992188, 116.217002869"
CJF,Coondewanna Airport,Coondewanna,AU,Australia,small_airport,"-22.96669960022, 118.81300354004"
CKI,Croker Island Airport,,AU,Australia,small_airport,"-11.165, 132.483002"
CKW,Christmas Creek Airport,Christmas Creek Mine,AU,Australia,small_airport,"-22.3543, 119.6426"
CLH,Coolah Airport,,AU,Australia,small_airport,"-31.773864, 149.615322"
CMA,Cunnamulla Airport,,AU,Australia,medium_airport,"-28.030000686645508, 145.6219940185547"
CMD,Cootamundra Airport,,AU,Australia,medium_airport,"-34.624283, 148.036641"
CML,Camooweal Airport,,AU,Australia,small_airport,"-19.911699, 138.125"
CMQ,Clermont Airport,,AU,Australia,medium_airport,"-22.7731, 147.621002"
CNB,Coonamble Airport,,AU,Australia,medium_airport,"-30.980946, 148.377833"
CNC,Coconut Island Airport,,AU,Australia,small_airport,"-10.050139, 143.070007"
CNJ,Cloncurry Airport,Cloncurry,AU,Australia,medium_airport,"-20.668600082399998, 140.503997803"
CNS,Cairns International Airport,Cairns,AU,Australia,medium_airport,"-16.885799408, 145.755004883"
COB,Coolibah Airport,Coolibah,AU,Australia,small_airport,"-15.548299789428711, 130.96200561523438"
COJ,Coonabarabran Airport,,AU,Australia,medium_airport,"-31.3325, 149.266998"
COY,Coolawanyah Airport,Coolawanyah Station,AU,Australia,small_airport,"-21.7946, 117.755"
CPD,Coober Pedy Airport,Coober Pedy,AU,Australia,medium_airport,"-29.038312, 134.722166"
CQP,Cape Flattery Airport,,AU,Australia,small_airport,"-14.970832, 145.311667"
CRB,Collarenebri Airport,,AU,Australia,small_airport,"-29.523239, 148.578243"
CRH,Cherrabah Airport,Cherrabah Homestead Resort,AU,Australia,small_airport,"-28.4301, 152.08895"
CRJ,Coorabie Airport,Coorabie,AU,Australia,small_airport,"-31.894399642944336, 132.29600524902344"
CRY,Carlton Hill Airport,Carlton Hill,AU,Australia,small_airport,"-15.501899719238281, 128.53399658203125"
CSD,Cresswell Downs Airport,Cresswell Downs,AU,Australia,small_airport,"-17.947999954223633, 135.91600036621094"
CSI,Casino Airport,,AU,Australia,small_airport,"-28.881304, 153.060724"
CTL,Charleville Airport,Charleville,AU,Australia,medium_airport,"-26.4132995605, 146.261993408"
CTN,Cooktown Airport,,AU,Australia,medium_airport,"-15.443649, 145.183221"
CTR,Cattle Creek Airport,,AU,Australia,small_airport,"-17.607000351, 131.548995972"
CUD,Caloundra Airport,Caloundra,AU,Australia,small_airport,"-26.80336, 153.104975"
CUG,Cudal Airport,,AU,Australia,small_airport,"-33.278026, 148.768708"
CUQ,Coen Airport,Coen,AU,Australia,medium_airport,"-13.761133, 143.113311"
CUY,Cue Airport,,AU,Australia,small_airport,"-27.4508, 117.917515"
CVC,Cleve Airport,,AU,Australia,medium_airport,"-33.709702, 136.505005"
CVQ,Carnarvon Airport,Carnarvon,AU,Australia,medium_airport,"-24.880091, 113.670752"
CWR,Cowarie Airport,,AU,Australia,small_airport,"-27.711700439453125, 138.3280029296875"
CWT,Cowra Airport,,AU,Australia,medium_airport,"-33.846894, 148.648007"
CWW,Corowa Airport,,AU,Australia,medium_airport,"-35.994701, 146.356995"
CXQ,Christmas Creek Station Airport,Wangkat Jungka,AU,Australia,small_airport,"-18.8728, 125.934"
CXT,Charters Towers Airport,,AU,Australia,small_airport,"-20.0431, 146.272995"
CYG,Corryong Airport,,AU,Australia,medium_airport,"-36.18280029296875, 147.88800048828125"
CZY,Cluny Airport,,AU,Australia,small_airport,"-24.516700744628906, 139.61700439453125"
DBO,Dubbo City Regional Airport,Dubbo,AU,Australia,medium_airport,"-32.2167015076, 148.574996948"
DBY,Dalby Airport,,AU,Australia,small_airport,"-27.158476, 151.263428"
DCN,RAAF Base Curtin,Derby,AU,Australia,medium_airport,"-17.580458, 123.828449"
DDN,Delta Downs Airport,,AU,Australia,small_airport,"-16.99169921875, 141.31700134277344"
DFP,Drumduff Airport,Palmer,AU,Australia,small_airport,"-16.052124, 143.013339"
DGD,Dalgaranga Gold Mine Airport,,AU,Australia,small_airport,"-27.830277777800003, 117.316388889"
DGE,Mudgee Airport,Mudgee,AU,Australia,medium_airport,"-32.564794, 149.609452"
DHD,Durham Downs Airport,,AU,Australia,small_airport,"-27.075000762939453, 141.89999389648438"
DJR,Dajarra Airport,,AU,Australia,small_airport,"-21.70829963684082, 139.5330047607422"
DKI,Dunk Island Airport,Dunk Island,AU,Australia,small_airport,"-17.93913, 146.141447"
DKV,Docker River Airport,Kaltukatjara,AU,Australia,small_airport,"-24.859533, 129.122209"
DLK,Dulkaninna Airport,Dulkaninna,AU,Australia,small_airport,"-29.0132999420166, 138.4810028076172"
DLV,Delissaville Airport,,AU,Australia,small_airport,"-12.550000190734863, 130.68499755859375"
DMD,Doomadgee Airport,,AU,Australia,small_airport,"-17.9403, 138.822006"
DNB,Dunbar Airport,Maramie,AU,Australia,small_airport,"-16.047394, 142.394415"
DNG,Doongan Airport,Drysdale River,AU,Australia,small_airport,"-15.386429, 126.302235"
DNQ,Deniliquin Airport,Deniliquin,AU,Australia,medium_airport,"-35.5593986511, 144.945999146"
DOX,Dongara Airport,Port Denison,AU,Australia,small_airport,"-29.298128, 114.927334"
DPO,Devonport Airport,Devonport,AU,Australia,medium_airport,"-41.1697006226, 146.429992676"
DRB,Derby Airport,Derby,AU,Australia,medium_airport,"-17.37193, 123.66221"
DRD,Dorunda Airport,Dorunda Outstation,AU,Australia,small_airport,"-16.5537, 141.8238"
DRN,Dirranbandi Airport,,AU,Australia,medium_airport,"-28.587912, 148.217161"
DRR,Durrie Airport,,AU,Australia,small_airport,"-25.684999465942383, 140.22799682617188"
DRW,Darwin International Airport / RAAF Darwin,Darwin,AU,Australia,large_airport,"-12.41497, 130.88185"
DRY,Drysdale River Airport,Drysdale River,AU,Australia,small_airport,"-15.71357, 126.381097"
DVP,Davenport Downs Airport,,AU,Australia,small_airport,"-24.149999618530273, 141.10800170898438"
DVR,Daly River Airport,Nauiyu,AU,Australia,small_airport,"-13.749806, 130.693878"
DXD,Dixie Airport,New Dixie,AU,Australia,small_airport,"-15.1174944348, 143.316049576"
DYA,Dysart Airport,,AU,Australia,medium_airport,"-22.6222, 148.363998"
DYM,Diamantina Lakes Airport,Diamantina Lakes,AU,Australia,small_airport,"-23.761699676513672, 141.14500427246094"
DYW,Daly Waters Airport,Daly Waters,AU,Australia,small_airport,"-16.264695066399998, 133.383378983"
ECH,Echuca Airport,,AU,Australia,medium_airport,"-36.15719985961914, 144.76199340820312"
EDD,Erldunda Airport,Ghan,AU,Australia,small_airport,"-25.206106, 133.254161"
EDR,Pormpuraaw Airport,Pormpuraaw,AU,Australia,small_airport,"-14.896451, 141.60908"
EIH,Einasleigh Airport,Einasleigh,AU,Australia,small_airport,"-18.503299713100002, 144.093994141"
EKD,Elkedra Airport,,AU,Australia,small_airport,"-21.172500610399997, 135.444000244"
ELC,Elcho Island Airport,Elcho Island,AU,Australia,medium_airport,"-12.019399642899998, 135.570999146"
EMD,Emerald Airport,Emerald,AU,Australia,medium_airport,"-23.5674991608, 148.179000854"
ENB,Eneabba Airport,Eneabba,AU,Australia,small_airport,"-29.832500457763672, 115.24600219726562"
EPR,Esperance Airport,Esperance,AU,Australia,medium_airport,"-33.684399, 121.822998"
ERB,Ernabella Airport,,AU,Australia,small_airport,"-26.2632999420166, 132.1820068359375"
ERQ,Elrose Airport,Elrose Mine,AU,Australia,small_airport,"-20.9764, 141.0066"
ETD,Etadunna Airport,Etadunna,AU,Australia,small_airport,"-28.740801, 138.589005"
EUC,Eucla Airport,,AU,Australia,small_airport,"-31.707084, 128.877243"
EVD,Eva Downs Airport,Eva Downs,AU,Australia,small_airport,"-18.0009994507, 134.863006592"
EVH,Evans Head Aerodrome,,AU,Australia,small_airport,"-29.101786, 153.419255"
EXM,Exmouth Airport,Exmouth,AU,Australia,small_airport,"-22.040677, 114.102663"
FIK,Finke Airport,Finke,AU,Australia,small_airport,"-25.5946998596, 134.582992554"
FIZ,Fitzroy Crossing Airport,,AU,Australia,medium_airport,"-18.183596, 125.559783"
FLS,Flinders Island Airport,Whitemark,AU,Australia,small_airport,"-40.091702, 147.992996"
FLY,Finley Airport,,AU,Australia,small_airport,"-35.658918, 145.561214"
FOS,Forrest Airport,,AU,Australia,medium_airport,"-30.83662, 128.112811"
FOT,Forster (Wallis Is) Airport,,AU,Australia,small_airport,"-32.202489, 152.481136"
FRB,Forbes Airport,Forbes,AU,Australia,medium_airport,"-33.363602, 147.934998"
FSL,Fossil Downs Airport,Fossil Downs Station,AU,Australia,small_airport,"-18.1321, 125.7873"
FVL,Flora Valley Airport,,AU,Australia,small_airport,"-18.297844, 128.455897"
FVR,Oombulgurri Airport,Oombulgurri,AU,Australia,small_airport,"-15.1647, 127.8401"
GAH,Gayndah Airport,Gayndah,AU,Australia,small_airport,"-25.615939, 151.62055"
GBL,South Goulburn Is Airport,,AU,Australia,small_airport,"-11.65, 133.382004"
GBP,Gamboola Airport,Gamboola,AU,Australia,small_airport,"-16.54412, 143.668155"
GBV,Gibb River Airport,Gibb,AU,Australia,small_airport,"-16.418661, 126.445685"
GBW,Ginbata Airport,Ginbata,AU,Australia,small_airport,"-22.5812, 120.03553"
GDD,Gordon Downs Airport,Gordon Downs,AU,Australia,small_airport,"-18.6781005859375, 128.5919952392578"
GEE,George Town Airport,George Town,AU,Australia,small_airport,"-41.079491, 146.839061"
GET,Geraldton Airport,Moonyoonooka,AU,Australia,medium_airport,"-28.796101, 114.707001"
GFE,Grenfell Airport,Grenfell,AU,Australia,small_airport,"-34.0, 148.132995605"
GFF,Griffith Airport,Griffith,AU,Australia,medium_airport,"-34.2508010864, 146.067001343"
GFN,Clarence Valley Regional Airport,Grafton,AU,Australia,medium_airport,"-29.754795, 153.031234"
GGD,Gregory Downs Airport,,AU,Australia,small_airport,"-18.625, 139.23300170898438"
GIC,Boigu Island Airport,Boigu Island,AU,Australia,small_airport,"-9.23278, 142.218002"
GKL,Great Keppel Is Airport,Great Keppel Island,AU,Australia,small_airport,"-23.184575, 150.94164"
GLG,Glengyle Airport,,AU,Australia,small_airport,"-24.808300018310547, 139.60000610351562"
GLI,Glen Innes Airport,Glen Innes,AU,Australia,medium_airport,"-29.676029, 151.691156"
GLM,Glenormiston Airport,,AU,Australia,small_airport,"-22.8883, 138.824997"
GLT,Gladstone Airport,Gladstone,AU,Australia,medium_airport,"-23.869763, 151.225439"
GOO,Goondiwindi Airport,,AU,Australia,small_airport,"-28.5214, 150.320007"
GOS,Somersby Airstrip,Gosford,AU,Australia,small_airport,"-33.367681, 151.299806"
GOV,Gove Airport,Nhulunbuy,AU,Australia,medium_airport,"-12.269399642899998, 136.817993164"
GPD,Mount Gordon Airport,Mount Gordon Mine,AU,Australia,small_airport,"-19.77265, 139.40425"
GPN,Garden Point Airport,Pirlangimpi,AU,Australia,medium_airport,"-11.399686, 130.425568"
GSC,Gascoyne Junction Airport,Gascoyne Junction,AU,Australia,small_airport,"-25.0546, 115.2026"
GSN,Mount Gunson Airport,Mount Gunson,AU,Australia,small_airport,"-31.4597, 137.174443333"
GTE,Groote Eylandt Airport,Groote Eylandt,AU,Australia,medium_airport,"-13.972405, 136.458553"
GTS,The Granites Airport,The Granites Gold Mine,AU,Australia,small_airport,"-20.5483, 130.347"
GTT,Georgetown Airport,Georgetown,AU,Australia,small_airport,"-18.302676, 143.530925"
GUH,Gunnedah Airport,,AU,Australia,medium_airport,"-30.957511, 150.248981"
GUL,Goulburn Airport,,AU,Australia,medium_airport,"-34.810298919677734, 149.7259979248047"
GVP,Greenvale Airport,,AU,Australia,small_airport,"-18.9966, 145.0136"
GYB,Port Hedland/Wodgina Airport,Wodgina,AU,Australia,small_airport,"-21.036568, 118.642936"
GYL,Argyle Airport,,AU,Australia,small_airport,"-16.6369, 128.451004"
GYP,Gympie Airport,,AU,Australia,small_airport,"-26.290149, 152.702998"
GYZ,Gruyere Airport,Cosmo Newbery,AU,Australia,small_airport,"-28.034548, 123.81506"
HAT,Heathlands Airport,Shelburne,AU,Australia,small_airport,"-11.7369, 142.576996"
HBA,Hobart International Airport,Hobart (Cambridge),AU,Australia,medium_airport,"-42.8371, 147.51295"
HCQ,Halls Creek Airport,,AU,Australia,medium_airport,"-18.2339, 127.669998"
HGD,Hughenden Airport,Hughenden,AU,Australia,small_airport,"-20.815001, 144.225006"
HID,Horn Island Airport,Horn,AU,Australia,medium_airport,"-10.585628, 142.292653"
HIG,Highbury Airport,Highbury,AU,Australia,small_airport,"-16.424148, 143.14534"
HIP,Headingly Airport,,AU,Australia,small_airport,"-21.33329963684082, 138.2830047607422"
HLL,Hillside Airport,Hillside,AU,Australia,small_airport,"-21.718283, 119.440334"
HLS,St Helens Airport,,AU,Australia,small_airport,"-41.336700439453125, 148.28199768066406"
HLT,Hamilton Airport,,AU,Australia,medium_airport,"-37.64889907836914, 142.06500244140625"
HLV,Helenvale Airport,Helenvale,AU,Australia,small_airport,"-15.685799598693848, 145.21499633789062"
HMG,Hermannsburg Airport,Hermannsburg (Ntaria),AU,Australia,small_airport,"-23.926485, 132.807798"
HOK,Hooker Creek Airport,Lajamanu,AU,Australia,small_airport,"-18.3367004395, 130.638000488"
HPE,Hope Vale Airport,Hope Vale,AU,Australia,small_airport,"-15.2923, 145.1035"
HRY,Henbury Airport,Ghan,AU,Australia,small_airport,"-24.584, 133.236"
HSM,Horsham Airport,,AU,Australia,medium_airport,"-36.669700622558594, 142.17300415039062"
HTI,Hamilton Island Airport,Hamilton Island,AU,Australia,medium_airport,"-20.3581008911, 148.95199585"
HTU,Hopetoun Airport,,AU,Australia,medium_airport,"-35.715302, 142.360001"
HUB,Humbert River Airport,,AU,Australia,small_airport,"-16.489669799804688, 130.63027954101562"
HVB,Hervey Bay Airport,Hervey Bay,AU,Australia,medium_airport,"-25.320127, 152.880662"
HWK,Wilpena Pound Airport,Hawker,AU,Australia,small_airport,"-31.855907, 138.468079"
HXX,Hay Airport,,AU,Australia,medium_airport,"-34.531399, 144.830002"
IBM,Iron Bridge Mine Airport,Japal Camp,AU,Australia,small_airport,"-21.287575, 118.88252"
IDK,Indulkana Airport,Indulkana,AU,Australia,small_airport,"-26.965435, 133.321989"
IFF,Iffley Airport,,AU,Australia,small_airport,"-18.899999618530273, 141.2169952392578"
IFL,Innisfail Airport,,AU,Australia,small_airport,"-17.559401, 146.011993"
IGH,Ingham Airport,,AU,Australia,small_airport,"-18.664149, 146.145804"
IKP,Inkerman Airport,Inkerman,AU,Australia,small_airport,"-16.229225, 141.434607"
INJ,Injune Airport,Injune,AU,Australia,small_airport,"-25.851, 148.5497"
INM,Innamincka Airport,,AU,Australia,small_airport,"-27.697589, 140.739498"
IRG,Lockhart River Airport,Lockhart River,AU,Australia,medium_airport,"-12.7869, 143.304993"
ISA,Mount Isa Airport,Mount Isa,AU,Australia,medium_airport,"-20.663900375399997, 139.488998413"
ISI,Isisford Airport,,AU,Australia,small_airport,"-24.25830078125, 144.4250030517578"
IVR,Inverell Airport,Inverell,AU,Australia,medium_airport,"-29.888299942, 151.143997192"
IVW,Inverway Airport,Inverway,AU,Australia,small_airport,"-17.8411006927, 129.643005371"
JAB,Jabiru Airport,,AU,Australia,small_airport,"-12.658056, 132.894638"
JAD,Perth Jandakot Airport,Perth,AU,Australia,medium_airport,"-32.09749984741211, 115.88099670410156"
JCK,Julia Creek Airport,,AU,Australia,small_airport,"-20.66830062866211, 141.72300720214844"
JUN,Jundah Airport,Jundah,AU,Australia,small_airport,"-24.838045, 143.061962"
JUR,Jurien Bay Airport,Jurien Bay,AU,Australia,small_airport,"-30.302699, 115.055551"
KAX,Kalbarri Airport,Kalbarri,AU,Australia,small_airport,"-27.692813, 114.259169"
KBB,Kirkimbie Station Airport,Kirkimbie,AU,Australia,small_airport,"-17.7791996002, 129.210006714"
KBD,Kimberley Downs Airport,Kimberley Downs,AU,Australia,small_airport,"-17.39780044555664, 124.3550033569336"
KBJ,Kings Canyon Airport,Petermann,AU,Australia,small_airport,"-24.260229, 131.488924"
KBY,Streaky Bay Airport,,AU,Australia,small_airport,"-32.836621, 134.292991"
KCE,Collinsville Airport,,AU,Australia,small_airport,"-20.59670066833496, 147.86000061035156"
KCI,Koolan Central Airport,Koolan Island,AU,Australia,small_airport,"-16.125, 123.735"
KCS,Kings Creek Airport,Petermann,AU,Australia,small_airport,"-24.421285, 131.819458"
KDB,Kambalda Airport,Kambalda West,AU,Australia,small_airport,"-31.1907, 121.5978"
KDS,Kamaran Downs Airport,Kamaran Downs,AU,Australia,small_airport,"-24.3388, 139.2785"
KFE,Fortescue - Dave Forrest Aerodrome,Cloudbreak Village,AU,Australia,small_airport,"-22.290754, 119.437143"
KFG,Kalkgurung Airport,,AU,Australia,small_airport,"-17.431900024414062, 130.80799865722656"
KGC,Kingscote Airport,,AU,Australia,medium_airport,"-35.71390151977539, 137.52099609375"
KGI,Kalgoorlie Boulder Airport,Broadwood,AU,Australia,medium_airport,"-30.791543, 121.464586"
KGR,Kulgera Airport,Ghan,AU,Australia,small_airport,"-25.8428, 133.292007"
KGY,Kingaroy Airport,,AU,Australia,medium_airport,"-26.581077, 151.839927"
KKP,Koolburra Airport,Koolburra,AU,Australia,small_airport,"-15.318900108337402, 143.9550018310547"
KML,Kamileroi Airport,,AU,Australia,small_airport,"-19.375, 140.0570068359375"
KNI,Katanning Airport,,AU,Australia,small_airport,"-33.699423, 117.65703"
KNS,King Island Airport,,AU,Australia,medium_airport,"-39.877498626708984, 143.8780059814453"
KNX,East Kimberley Regional (Kununurra) Airport,Kununurra,AU,Australia,medium_airport,"-15.7781, 128.707993"
KOH,Koolatah Airport,Maramie,AU,Australia,small_airport,"-15.888484, 142.439461"
KPP,Kalpowar Airport,Kalpower,AU,Australia,small_airport,"-14.89, 144.22"
KPS,Kempsey Airport,,AU,Australia,medium_airport,"-31.07232, 152.765313"
KQR,Karara Airport,Karara,AU,Australia,small_airport,"-29.217223, 116.687154"
KRA,Kerang Airport,,AU,Australia,medium_airport,"-35.751399993896484, 143.93899536132812"
KRB,Karumba Airport,,AU,Australia,small_airport,"-17.45669937133789, 140.8300018310547"
KRD,Kurundi Airport,Kurundi Station,AU,Australia,small_airport,"-20.51, 134.6706"
KSV,Springvale Airport,,AU,Australia,small_airport,"-23.549999, 140.699997"
KTA,Karratha Airport,Karratha,AU,Australia,medium_airport,"-20.712200164799995, 116.773002625"
KTR,Tindal Airport,,AU,Australia,medium_airport,"-14.521100044250488, 132.3780059814453"
KUG,Kubin Island Airport,Kubin Island,AU,Australia,small_airport,"-10.22648, 142.219619"
KWM,Kowanyama Airport,Kowanyama,AU,Australia,medium_airport,"-15.485369, 141.752572"
KYB,Ken's Bore airport,Ken's Bore,AU,Australia,small_airport,"-22.15722, 116.156223"
KYF,Yeelirrie Airport,,AU,Australia,small_airport,"-27.277060037800002, 120.095672607"
KYI,Yalata Mission Airport,Yalata Mission,AU,Australia,small_airport,"-31.4706, 131.824997"
LCN,Balcanoona Airport,,AU,Australia,small_airport,"-30.535, 139.337006"
LDC,Lindeman Island Airport,Lindeman Island,AU,Australia,small_airport,"-20.4535999298, 149.039993286"
LDH,Lord Howe Island Airport,Lord Howe Island,AU,Australia,small_airport,"-31.538204, 159.07546"
LDW,Lansdowne Airport,Lansdowne Station,AU,Australia,small_airport,"-17.6128, 126.743"
LEA,Learmonth Airport,Exmouth,AU,Australia,medium_airport,"-22.235201, 114.090024"
LEL,Lake Evella Airport,,AU,Australia,small_airport,"-12.498900413513184, 135.80599975585938"
LER,Leinster Airport,,AU,Australia,medium_airport,"-27.843299865722656, 120.7030029296875"
LFP,Lakefield Airport,Lakefield,AU,Australia,small_airport,"-14.9207, 144.203"
LGE,Mulan Airport,Lake Gregory,AU,Australia,small_airport,"-20.1089, 127.619"
LGH,Leigh Creek Airport,,AU,Australia,medium_airport,"-30.598301, 138.425995"
LHG,Lightning Ridge Airport,,AU,Australia,medium_airport,"-29.452857, 147.977146"
LIB,Limbunya Airport,Limbunya,AU,Australia,small_airport,"-17.2355995178, 129.882003784"
LKD,Lakeland Airport,Lakeland Downs,AU,Australia,small_airport,"-15.841213, 144.849118"
LLG,Chillagoe Airport,Chillagoe,AU,Australia,small_airport,"-17.138386, 144.528494"
LLL,Lissadell Airport,Lissadell Station,AU,Australia,small_airport,"-16.661, 128.594"
LNH,Lake Nash Airport,Alpurrurulam,AU,Australia,small_airport,"-20.9807, 137.9178"
LNO,Leonora Airport,Leonora,AU,Australia,medium_airport,"-28.87809944152832, 121.31500244140625"
LOA,Lorraine Airport,,AU,Australia,small_airport,"-18.99329948425293, 139.90699768066406"
LOC,Lock Airport,Lock,AU,Australia,small_airport,"-33.5442008972168, 135.6929931640625"
LRE,Longreach Airport,Longreach,AU,Australia,medium_airport,"-23.4342, 144.279999"
LST,Launceston Airport,Launceston (Western Junction),AU,Australia,medium_airport,"-41.544935, 147.210785"
LSY,Lismore Airport,Lismore,AU,Australia,medium_airport,"-28.830689, 153.258419"
LTP,Lyndhurst Airport,Lyndhurst,AU,Australia,small_airport,"-19.1958007812, 144.371002197"
LTV,Lotus Vale Airport,Lotus Vale,AU,Australia,small_airport,"-17.048299789399998, 141.37600708"
LUT,New Laura Airport,Laura Station,AU,Australia,small_airport,"-15.182758, 144.345535"
LUU,Laura Airport,,AU,Australia,small_airport,"-15.560495, 144.451418"
LVO,Laverton Airport,Laverton,AU,Australia,small_airport,"-28.614267, 122.428673"
LWH,Lawn Hill Airport,,AU,Australia,small_airport,"-18.57453, 138.586106"
LYT,Lady Elliot Island Airstrip,Lady Elliot Island,AU,Australia,small_airport,"-24.1129, 152.7156"
LZR,Lizard Island Airport,,AU,Australia,small_airport,"-14.673273, 145.454571"
MBB,Marble Bar Airport,,AU,Australia,small_airport,"-21.163299560546875, 119.83300018310547"
MBF,Porepunkah Airport,,AU,Australia,small_airport,"-36.717731, 146.890039"
MBH,Maryborough Airport,Maryborough,AU,Australia,small_airport,"-25.513528, 152.713603"
MBN,Mount Barnett Airport,Wunaamin Miliwundi Ranges,AU,Australia,small_airport,"-16.741453, 125.905608"
MBW,Melbourne Moorabbin Airport,Melbourne,AU,Australia,medium_airport,"-37.975799560546875, 145.1020050048828"
MCV,McArthur River Mine Airport,McArthur River Mine,AU,Australia,small_airport,"-16.4424991608, 136.083999634"
MCY,Sunshine Coast Airport,Maroochydore,AU,Australia,medium_airport,"-26.593324, 153.08319"
MEB,Melbourne Essendon Airport,Essendon Fields,AU,Australia,medium_airport,"-37.7281, 144.901993"
MEL,Melbourne Airport,Melbourne,AU,Australia,large_airport,"-37.661548, 144.836432"
MET,Moreton Airport,Moreton,AU,Australia,small_airport,"-12.444199562099998, 142.638000488"
MFL,Mount Full Stop Airport,Wando Vale,AU,Australia,small_airport,"-19.67, 144.8852"
MFP,Manners Creek Airport,,AU,Australia,small_airport,"-22.100000381469727, 137.98300170898438"
MGB,Mount Gambier Airport,Mount Gambier,AU,Australia,medium_airport,"-37.744382, 140.780561"
MGT,Milingimbi Airport,Milingimbi Island,AU,Australia,small_airport,"-12.0944004059, 134.893997192"
MGV,Margaret River (Station) Airport,,AU,Australia,small_airport,"-18.6217002869, 126.883003235"
MHO,Mount House Airport,Wunaamin Miliwundi Ranges,AU,Australia,small_airport,"-17.051917, 125.712491"
MHU,Mount Hotham Airport,Mount Hotham,AU,Australia,medium_airport,"-37.0475006104, 147.333999634"
MIH,Mitchell Plateau Airport,Mitchell Plateau,AU,Australia,small_airport,"-14.790817, 125.825729"
MIM,Merimbula Airport,Merimbula,AU,Australia,medium_airport,"-36.9085998535, 149.901000977"
MIN,Minnipa Airport,,AU,Australia,small_airport,"-32.843299865722656, 135.14500427246094"
MIY,Mittebah Airport,,AU,Australia,small_airport,"-18.8093, 137.0815"
MIZ,Mainoru Airstrip,Mainoru,AU,Australia,small_airport,"-14.0533, 134.0942"
MJK,Shark Bay Airport,Denham,AU,Australia,medium_airport,"-25.897294, 113.575802"
MJP,Manjimup Airport,,AU,Australia,small_airport,"-34.26530075073242, 116.13999938964844"
MKR,Meekatharra Airport,,AU,Australia,medium_airport,"-26.6117000579834, 118.5479965209961"
MKY,Mackay Airport,Mackay,AU,Australia,medium_airport,"-21.170816, 149.182588"
MLR,Millicent Airport,,AU,Australia,small_airport,"-37.58359909057617, 140.36599731445312"
MLV,Merluna Airport,Merluna,AU,Australia,small_airport,"-13.0649, 142.4536"
MMG,Mount Magnet Airport,,AU,Australia,medium_airport,"-28.116100311279297, 117.84200286865234"
MMM,Middlemount Airport,,AU,Australia,small_airport,"-22.801444, 148.706796"
MNE,Mungeranie Airport,Mungeranie,AU,Australia,small_airport,"-28.009199142456055, 138.65699768066406"
MNG,Maningrida Airport,Maningrida,AU,Australia,medium_airport,"-12.0560998917, 134.23399353"
MNQ,Monto Airport,,AU,Australia,small_airport,"-24.892267, 151.101787"
MNV,Mount Valley Airport,,AU,Australia,small_airport,"-14.0833, 133.817001"
MNW,Macdonald Downs Airport,,AU,Australia,small_airport,"-22.444000244099996, 135.199005127"
MOO,Moomba Airport,Moomba,AU,Australia,small_airport,"-28.0994, 140.197006"
MOV,Moranbah Airport,Moranbah,AU,Australia,medium_airport,"-22.057800293, 148.07699585"
MQA,Mandora Airport,Eighty Mile Beach,AU,Australia,small_airport,"-19.73799, 120.83818"
MQE,Marqua Airport,Marqua,AU,Australia,small_airport,"-22.80579948425293, 137.25100708007812"
MQL,Mildura Airport,Mildura,AU,Australia,medium_airport,"-34.229198455799995, 142.085998535"
MQZ,Margaret River Airport,,AU,Australia,small_airport,"-33.930599, 115.099998"
MRG,Mareeba Airport,Mareeba,AU,Australia,medium_airport,"-17.070277, 145.424228"
MRP,Marla Airport,Marla,AU,Australia,small_airport,"-27.334298, 133.627696"
MRT,Moroak Airport,Moroak,AU,Australia,small_airport,"-14.818133, 133.700594"
MRZ,Moree Airport,Moree,AU,Australia,medium_airport,"-29.498899459799997, 149.845001221"
MSF,Mount Swan Airport,,AU,Australia,small_airport,"-22.624696, 135.034512"
MTD,Mount Sanford Station Airport,,AU,Australia,small_airport,"-16.978300094604492, 130.55499267578125"
MTL,Maitland Airport,,AU,Australia,small_airport,"-32.701265, 151.492912"
MTQ,Mitchell Airport,,AU,Australia,small_airport,"-26.483299255371094, 147.93699645996094"
MUP,Mulga Park Airport,,AU,Australia,small_airport,"-25.860000610399997, 131.649993896"
MUQ,Muccan Station Airport,Muccan Station,AU,Australia,small_airport,"-20.658899307250977, 120.06700134277344"
MVK,Mulka Airport,Mulka,AU,Australia,small_airport,"-28.34779930114746, 138.64999389648438"
MVU,Musgrave Airport,Musgrave,AU,Australia,small_airport,"-14.7757, 143.5047"
MWB,Morawa Airport,,AU,Australia,small_airport,"-29.2017, 116.022003"
MWT,Moolawatana Airport,Moolawatana Station,AU,Australia,small_airport,"-29.9069, 139.765"
MWY,Miranda Downs Airport,Miranda Downs,AU,Australia,small_airport,"-17.328899, 141.886002"
MXD,Marion Downs Airport,Marion Downs,AU,Australia,small_airport,"-23.363702, 139.649663"
MXU,Mullewa Airport,,AU,Australia,small_airport,"-28.475, 115.516998"
MYA,Moruya Airport,Moruya,AU,Australia,medium_airport,"-35.8978004456, 150.143997192"
MYI,Murray Island Airport,Murray Island,AU,Australia,small_airport,"-9.915105, 144.054644"
MYO,Myroodan Station Airport,,AU,Australia,small_airport,"-18.123996, 124.270261"
NAA,Narrabri Airport,Narrabri,AU,Australia,medium_airport,"-30.3192005157, 149.82699585"
NAC,Naracoorte Airport,,AU,Australia,small_airport,"-36.985298, 140.725006"
NBH,Nambucca Heads Airport,Nambucca Heads,AU,Australia,small_airport,"-30.673058, 152.984233"
NDS,Sandstone Airport,Sandstone,AU,Australia,small_airport,"-27.979999542236328, 119.2969970703125"
NGA,Young Airport,,AU,Australia,medium_airport,"-34.2556, 148.248001"
NIF,Camp Nifty Airport,,AU,Australia,small_airport,"-21.6717, 121.586998"
NKB,Noonkanbah Airport,,AU,Australia,small_airport,"-18.4946994781, 124.851997375"
NLF,Darnley Island Airport,Darnley Island,AU,Australia,small_airport,"-9.579176, 143.780276"
NLL,Nullagine Airport,,AU,Australia,small_airport,"-21.913299560546875, 120.197998046875"
NLS,Nicholson Airport,,AU,Australia,small_airport,"-18.049999237060547, 128.89999389648438"
NMP,New Moon Airport,Basalt,AU,Australia,small_airport,"-19.2, 145.773"
NMR,Nappa Merrie Airport,,AU,Australia,small_airport,"-27.549201, 141.158416"
NOA,Naval Air Station Nowra - HMAS Albatross,Nowra Hill,AU,Australia,medium_airport,"-34.9466, 150.542451"
NPP,Napperby Airport,Napperby,AU,Australia,small_airport,"-22.5312, 132.7632"
NRA,Narrandera Airport,Narrandera,AU,Australia,medium_airport,"-34.7022018433, 146.511993408"
NRG,Narrogin Airport,Narrogin,AU,Australia,small_airport,"-32.93, 117.080002"
NRY,Newry Airport,Newry,AU,Australia,small_airport,"-16.0442, 129.2638"
NSM,Norseman Aerodrome,Norseman,AU,Australia,small_airport,"-32.203, 121.758127"
NSO,Scone Airport,,AU,Australia,small_airport,"-32.038012, 150.831966"
NSV,Noosa Airport,,AU,Australia,small_airport,"-26.423177, 153.064935"
NTL,Newcastle Airport,Williamtown,AU,Australia,medium_airport,"-32.79499816894531, 151.83399963378906"
NTN,Normanton Airport,Normanton,AU,Australia,medium_airport,"-17.68409, 141.069664"
NUB,Numbulwar Airport,,AU,Australia,small_airport,"-14.2717, 135.716995"
NUR,Nullabor Motel Airport,,AU,Australia,small_airport,"-31.441699981689453, 130.90199279785156"
NYN,Nyngan Airport,,AU,Australia,small_airport,"-31.550645, 147.202973"
OAG,Orange Airport,Orange,AU,Australia,medium_airport,"-33.382014, 149.131262"
OCM,Boolgeeda,,AU,Australia,small_airport,"-22.54, 117.275"
ODD,Oodnadatta Airport,,AU,Australia,small_airport,"-27.562473, 135.442946"
ODL,Cordillo Downs Airport,Cordillo Downs,AU,Australia,small_airport,"-26.74530029296875, 140.63800048828125"
ODR,Ord River Airport,Ord River,AU,Australia,small_airport,"-17.34079933166504, 128.91200256347656"
OKB,Orchid Beach Airport,Orchid Beach,AU,Australia,small_airport,"-24.959400177002, 153.31500244141"
OKR,Yorke Island Airport,Yorke Island,AU,Australia,small_airport,"-9.752801, 143.405673"
OKY,Oakey Army Aviation Centre,,AU,Australia,medium_airport,"-27.409262, 151.736727"
OLP,Olympic Dam Airport,Olympic Dam,AU,Australia,small_airport,"-30.483861, 136.876699"
ONG,Mornington Island Airport,,AU,Australia,small_airport,"-16.662500381469727, 139.17799377441406"
ONR,Monkira Airport,,AU,Australia,small_airport,"-24.816699981689453, 140.5330047607422"
ONS,Onslow Airport,,AU,Australia,small_airport,"-21.670161, 115.114902"
OOD,Koodaideri Mine Airport,Koodaideri Mine,AU,Australia,small_airport,"-22.504291, 119.07683"
OOL,Gold Coast Airport,Gold Coast,AU,Australia,medium_airport,"-28.165962, 153.506641"
OOM,Cooma Snowy Mountains Airport,Cooma,AU,Australia,medium_airport,"-36.300445, 148.972408"
OOR,Mooraberree Airport,,AU,Australia,small_airport,"-25.25, 140.98300170898438"
OPI,Oenpelli Airport,,AU,Australia,small_airport,"-12.325, 133.005997"
ORR,Yorketown Airport,,AU,Australia,small_airport,"-35.003564, 137.619295"
OSO,Osborne Mine Airport,,AU,Australia,small_airport,"-22.0816993713, 140.554992676"
OXO,Orientos Airport,Orientos,AU,Australia,small_airport,"-28.0598, 141.5361"
OXY,Morney Airport,,AU,Australia,small_airport,"-25.358299255371094, 141.43299865722656"
OYN,Ouyen Airport,Ouyen,AU,Australia,small_airport,"-35.088819, 142.354778"
PBO,Paraburdoo Airport,Paraburdoo,AU,Australia,medium_airport,"-23.1711006165, 117.745002747"
PDE,Pandie Pandie Airport,,AU,Australia,small_airport,"-26.122248, 139.403501"
PDN,Parndana Airport,Kangaroo Island,AU,Australia,small_airport,"-35.807, 137.264"
PEA,Penneshaw Airport,Ironstone,AU,Australia,small_airport,"-35.7558462874, 137.962875366"
PEP,Peppimenarti Airport,Peppimenarti,AU,Australia,small_airport,"-14.1442, 130.091003"
PER,Perth International Airport,Perth,AU,Australia,large_airport,"-31.94029998779297, 115.96700286865234"
PEY,Penong Airport,Penong,AU,Australia,small_airport,"-31.916700363159, 133.0"
PHE,Port Hedland International Airport,Port Hedland,AU,Australia,medium_airport,"-20.3777999878, 118.625999451"
PHQ,The Monument Airport,Phosphate Hill,AU,Australia,small_airport,"-21.811100006104, 139.92399597168"
PKE,Parkes Airport,Parkes,AU,Australia,medium_airport,"-33.131401062, 148.238998413"
PKT,Port Keats Airport,Wadeye,AU,Australia,medium_airport,"-14.249701, 129.529538"
PLO,Port Lincoln Airport,Port Lincoln,AU,Australia,medium_airport,"-34.6053009033, 135.880004883"
PMK,Palm Island Airport,,AU,Australia,small_airport,"-18.755300521850586, 146.58099365234375"
PPI,Port Pirie Airport,,AU,Australia,medium_airport,"-33.238899, 137.994995"
PPP,Proserpine Whitsunday Coast Airport,Proserpine,AU,Australia,medium_airport,"-20.494416, 148.553583"
PQQ,Port Macquarie Airport,Port Macquarie,AU,Australia,medium_airport,"-31.4358005524, 152.863006592"
PRD,Pardoo Airport,Pardoo,AU,Australia,small_airport,"-20.119428, 119.571945"
PTJ,Portland Airport,,AU,Australia,medium_airport,"-38.31809997558594, 141.4709930419922"
PUG,Port Augusta Airport,,AU,Australia,medium_airport,"-32.506900787353516, 137.7169952392578"
PXH,Prominent Hill Airport,Mount Eba,AU,Australia,small_airport,"-29.716, 135.5244"
QRM,Narromine Airport,,AU,Australia,medium_airport,"-32.214699, 148.225006"
RAM,Ramingining Airport,,AU,Australia,small_airport,"-12.356399536132812, 134.8979949951172"
RBC,Robinvale Airport,Robinvale,AU,Australia,small_airport,"-34.642887, 142.773042"
RBS,Orbost Airport,,AU,Australia,small_airport,"-37.790000915527344, 148.61000061035156"
RBU,Roebourne Airport,Roebourne,AU,Australia,small_airport,"-20.763898, 117.155199"
RCM,Richmond Airport,,AU,Australia,small_airport,"-20.701900482177734, 143.11500549316406"
RDA,Rockhampton Downs Airport,Rockhampton Downs,AU,Australia,small_airport,"-18.95330047607422, 135.2010040283203"
RHL,Roy Hill Station Airport,,AU,Australia,small_airport,"-22.625815891, 119.959030151"
RKY,Rokeby Airport,Rokeby,AU,Australia,small_airport,"-13.6434, 142.641"
RLP,Rosella Plains Airport,Rosella Plains,AU,Australia,small_airport,"-18.4253, 144.4587"
RMA,Roma Airport,Roma,AU,Australia,medium_airport,"-26.545000076300003, 148.774993896"
RMK,Renmark Airport,,AU,Australia,medium_airport,"-34.1964, 140.673996"
ROH,Robinhood Airport,,AU,Australia,small_airport,"-18.844999313354492, 143.7100067138672"
ROK,Rockhampton Airport,Rockhampton,AU,Australia,medium_airport,"-23.380019, 150.475359"
RPB,Roper Bar Airport,Roper Bar,AU,Australia,small_airport,"-14.734814, 134.525485"
RPM,Ngukurr Airport,,AU,Australia,medium_airport,"-14.7228, 134.746994"
RPV,Roper Valley Airport,Roper Valley,AU,Australia,small_airport,"-14.9215, 134.05"
RRE,Marree Airport,,AU,Australia,small_airport,"-29.663299560546875, 138.06500244140625"
RRV,Robinson River Airport,,AU,Australia,small_airport,"-16.7182998657, 136.945007324"
RSB,Roseberth Airport,,AU,Australia,small_airport,"-25.825737, 139.627476"
RTP,Rutland Plains Airport,Yagoonya,AU,Australia,small_airport,"-15.644963, 141.844373"
RTS,Rottnest Island Airport,,AU,Australia,small_airport,"-32.006699, 115.540001"
RTY,Merty Merty Airport,,AU,Australia,small_airport,"-28.582713, 140.303264"
RVT,Ravensthorpe Airport,,AU,Australia,small_airport,"-33.7971992493, 120.208000183"
SBR,Saibai Island Airport,Saibai Island,AU,Australia,small_airport,"-9.37833, 142.625"
SCG,Spring Creek Airport,,AU,Australia,small_airport,"-18.637704, 144.545672"
SGO,St George Airport,,AU,Australia,small_airport,"-28.049699783325195, 148.59500122070312"
SGP,Shay Gap Airport,Shay Gap,AU,Australia,small_airport,"-20.4247, 120.140999"
SHQ,Southport Airport,,AU,Australia,small_airport,"-27.921848, 153.371469"
SHT,Shepparton Airport,,AU,Australia,medium_airport,"-36.428341, 145.391473"
SHU,Smith Point Airport,,AU,Australia,small_airport,"-11.133566, 132.15957"
SIO,Smithton Airport,,AU,Australia,medium_airport,"-40.834999084472656, 145.08399963378906"
SIX,Singleton Airport,Singleton,AU,Australia,small_airport,"-32.600832, 151.193056"
SLJ,Solomon Airport,Karijini National Park,AU,Australia,small_airport,"-22.25677, 117.850454"
SNB,Snake Bay Airport,Milikapiti,AU,Australia,medium_airport,"-11.417674, 130.648481"
SNH,Stanthorpe Airport,,AU,Australia,small_airport,"-28.620113, 151.983281"
SQC,Southern Cross Airport,,AU,Australia,small_airport,"-31.24, 119.360001"
SRM,Sandringham Airport,Sandringham Station,AU,Australia,small_airport,"-24.0568, 139.0821"
SRN,Strahan Airport,,AU,Australia,small_airport,"-42.154999, 145.292007"
SRR,Dunwich Airport,North Stradbroke Island,AU,Australia,small_airport,"-27.519005, 153.427618"
SSK,Sturt Creek Airport,Sturt Creek,AU,Australia,small_airport,"-19.166400909423828, 128.1739959716797"
SSP,Silver Plains Airport,Silver Plains,AU,Australia,small_airport,"-13.9754, 143.5537"
STH,Strathmore Airport,Strathmore,AU,Australia,small_airport,"-17.862709, 142.557788"
SWB,Shaw River Airport,Shaw River,AU,Australia,small_airport,"-21.510299682617188, 119.36199951171875"
SWC,Stawell Airport,,AU,Australia,medium_airport,"-37.07170104980469, 142.74099731445312"
SWH,Swan Hill Airport,,AU,Australia,medium_airport,"-35.37580108642578, 143.5330047607422"
SXE,West Sale Airport,Sale,AU,Australia,medium_airport,"-38.090827, 146.965335"
SYD,Sydney Kingsford Smith International Airport,Sydney (Mascot),AU,Australia,large_airport,"-33.946098, 151.177002"
SYU,Warraber Island Airport,Sue Islet,AU,Australia,small_airport,"-10.20829963684082, 142.8249969482422"
TAN,Tangalooma Airport,,AU,Australia,small_airport,"-27.137693, 153.364141"
TAQ,Tarcoola Airport,Tarcoola,AU,Australia,small_airport,"-30.702871, 134.58282"
TBK,Timber Creek Airport,,AU,Australia,small_airport,"-15.62, 130.445007"
TBL,Tableland Homestead Airport,,AU,Australia,small_airport,"-17.2833003998, 126.900001526"
TCA,Tennant Creek Airport,Tennant Creek,AU,Australia,medium_airport,"-19.6343994140625, 134.18299865722656"
TCW,Tocumwal Airport,,AU,Australia,small_airport,"-35.81169891357422, 145.60800170898438"
TDN,Theda Station Airport,Drysdale River,AU,Australia,small_airport,"-14.790567, 126.498041"
TDR,Theodore Airport,,AU,Australia,small_airport,"-24.986796, 150.093076"
TEF,Telfer Airport,,AU,Australia,medium_airport,"-21.715, 122.228996"
TEM,Temora Airport,Temora,AU,Australia,medium_airport,"-34.421398, 147.511993"
TGN,Latrobe Valley Airport,Morwell,AU,Australia,medium_airport,"-38.211004, 146.470817"
THG,Thangool Airport,Biloela,AU,Australia,medium_airport,"-24.494863, 150.577967"
TKY,Turkey Creek Airport,Turkey Creek,AU,Australia,small_airport,"-17.0408000946, 128.205993652"
TMW,Tamworth Airport,Tamworth,AU,Australia,medium_airport,"-31.077898, 150.845484"
TPR,Tom Price Airport,Tom Price,AU,Australia,small_airport,"-22.746000289900003, 117.869003296"
TQP,Trepell Airport,Trepell,AU,Australia,small_airport,"-21.834999084473, 140.88800048828"
TRO,Taree Airport,Taree,AU,Australia,medium_airport,"-31.888599, 152.514008"
TSV,Townsville Airport / RAAF Base Townsville,Townsville,AU,Australia,medium_airport,"-19.252904, 146.766512"
TTX,Truscott-Mungalalu Airport,Anjo Peninsula,AU,Australia,small_airport,"-14.089699745178, 126.3809967041"
TUM,Tumut Aerodrome,Tumut,AU,Australia,medium_airport,"-35.26832, 148.240526"
TWB,Toowoomba Airport,Toowoomba,AU,Australia,small_airport,"-27.543365, 151.919112"
TWP,Torwood Airport,Torwood,AU,Australia,small_airport,"-17.363300323486328, 143.75"
TXR,Tanbar Airport,Tanbar Station,AU,Australia,small_airport,"-25.847799301147, 141.92799377441"
TYB,Tibooburra Airport,,AU,Australia,medium_airport,"-29.451099, 142.057999"
TYG,Thylungra Airport,,AU,Australia,small_airport,"-26.093047, 143.45136"
TYP,Tobermorey Airport,Tobermorey,AU,Australia,small_airport,"-22.255800247192383, 137.9530029296875"
UBB,Mabuiag Island Airport,Mabuiag Island,AU,Australia,small_airport,"-9.950168, 142.19523"
UBU,Kalumburu Airport,Kalumburu,AU,Australia,small_airport,"-14.28784, 126.633182"
UDA,Undara Airport,Undara,AU,Australia,small_airport,"-18.19134, 144.61224"
UEE,Queenstown Airport,,AU,Australia,small_airport,"-42.075001, 145.531998"
UIR,Quirindi Airport,,AU,Australia,small_airport,"-31.498177, 150.521708"
ULP,Quilpie Airport,,AU,Australia,medium_airport,"-26.612199783325195, 144.2530059814453"
UMR,Woomera Airfield,Woomera,AU,Australia,small_airport,"-31.144199, 136.817001"
USL,Useless Loop Airport,Useless Loop,AU,Australia,small_airport,"-26.157923, 113.394817"
UTB,Muttaburra Airport,,AU,Australia,small_airport,"-22.58329963684082, 144.5330047607422"
UTD,Nutwood Downs Airport,Nutwood Downs,AU,Australia,small_airport,"-15.8074, 134.1459"
VCD,Victoria River Downs Airport,Victoria River,AU,Australia,small_airport,"-16.402124, 131.004974"
VNR,Vanrook Station Airport,,AU,Australia,small_airport,"-16.963300704956055, 141.9499969482422"
WAN,Waverney Airport,Waverney,AU,Australia,small_airport,"-25.3563, 141.9254"
WAU,Wauchope Airport,Wauchope,AU,Australia,small_airport,"-20.640614, 134.215276"
WAV,Wave Hill Airport,,AU,Australia,small_airport,"-17.393299102783203, 131.1179962158203"
WAZ,Warwick Airport,,AU,Australia,small_airport,"-28.149401, 151.942993"
WCD,Carosue Dam Airport,Cundeelee,AU,Australia,small_airport,"-30.174236, 122.322249"
WDI,Wondai Airport,,AU,Australia,small_airport,"-26.277392, 151.861673"
WEI,Weipa Airport,Weipa,AU,Australia,medium_airport,"-12.677493, 141.922618"
WEW,Wee Waa Airport,,AU,Australia,small_airport,"-30.25830078125, 149.4080047607422"
WGA,Wagga Wagga Airport,Forest Hill,AU,Australia,medium_airport,"-35.163484, 147.46832"
WGE,Walgett Airport,,AU,Australia,medium_airport,"-30.032801, 148.126007"
WGT,Wangaratta Airport,Laceby,AU,Australia,medium_airport,"-36.417914, 146.306896"
WHB,Eliwana,,AU,Australia,medium_airport,"-22.428395, 116.887879"
WHL,Welshpool Airport,Welshpool,AU,Australia,small_airport,"-38.682382, 146.445331"
WIN,Winton Airport,,AU,Australia,medium_airport,"-22.36359977722168, 143.08599853515625"
WIO,Wilcannia Airport,,AU,Australia,small_airport,"-31.522082, 143.378358"
WIT,Wittenoom Airport,,AU,Australia,small_airport,"-22.224992, 118.353739"
WKB,Warracknabeal Airport,,AU,Australia,medium_airport,"-36.32109832763672, 142.41900634765625"
WLA,Wallal Downs Airport,Eighty Mile Beach,AU,Australia,small_airport,"-19.7736, 120.649002"
WLC,Walcha Airport,,AU,Australia,small_airport,"-31.009492, 151.547442"
WLE,Miles Airport,,AU,Australia,small_airport,"-26.806447, 150.168953"
WLL,Wollogorang Airport,,AU,Australia,small_airport,"-17.2199, 137.93453"
WLO,Waterloo Airport,,AU,Australia,small_airport,"-16.6299991607666, 129.32000732421875"
WLP,West Angelas Airport,,AU,Australia,small_airport,"-23.1355555556, 118.707222222"
WMB,Warrnambool Airport,,AU,Australia,small_airport,"-38.2952995300293, 142.44700622558594"
WME,Mount Keith Airport,,AU,Australia,medium_airport,"-27.28733, 120.554937"
WND,Windarra Airport,Laverton,AU,Australia,small_airport,"-28.48061, 122.244415"
WNR,Windorah Airport,Windorah,AU,Australia,medium_airport,"-25.410641, 142.668428"
WOL,Shellharbour Airport,Albion Park Rail,AU,Australia,medium_airport,"-34.5611, 150.789001"
WON,Wondoola Airport,Wondoola,AU,Australia,small_airport,"-18.5750007629, 140.891998291"
WPK,Wrotham Park Airport,Wrotham Park,AU,Australia,small_airport,"-16.658915, 143.999263"
WRN,Windarling Airport,Windarling Mine,AU,Australia,small_airport,"-30.032277, 119.386489"
WRW,Warrawagine Airport,,AU,Australia,small_airport,"-20.8442001343, 120.702003479"
WSY,Shute Harbour/Whitsunday Airport,Shute Harbour,AU,Australia,small_airport,"-20.276127, 148.754979"
WTB,Toowoomba Wellcamp Airport,Toowoomba,AU,Australia,medium_airport,"-27.558332, 151.793335"
WUD,Wudinna Airport,,AU,Australia,small_airport,"-33.043301, 135.447006"
WUI,Murrin Murrin Airport,Murrin Murrin,AU,Australia,small_airport,"-28.705299, 121.89099"
WUN,Wiluna Airport,,AU,Australia,medium_airport,"-26.629199981689453, 120.22100067138672"
WWI,Woodie Woodie Airport,Woodie Woodie,AU,Australia,small_airport,"-21.64551, 121.191184"
WWY,West Wyalong Airport,West Wyalong,AU,Australia,medium_airport,"-33.9371986389, 147.190994263"
WYA,Whyalla Airport,Whyalla,AU,Australia,medium_airport,"-33.05889892578125, 137.51400756835938"
WYN,Wyndham Airport,,AU,Australia,small_airport,"-15.5114, 128.153"
XCO,Colac Airport,Colac,AU,Australia,small_airport,"-38.286701, 143.679993"
XMC,Mallacoota Airport,,AU,Australia,small_airport,"-37.59830093383789, 149.72000122070312"
XML,Minlaton Airport,,AU,Australia,small_airport,"-34.743801, 137.529087"
XMY,Yam Island Airport,Yam Island,AU,Australia,small_airport,"-9.899187, 142.774265"
XRH,RAAF Base Richmond,Richmond,AU,Australia,medium_airport,"-33.604652, 150.783051"
XTG,Thargomindah Airport,Thargomindah,AU,Australia,medium_airport,"-27.986368, 143.812065"
XTO,Taroom Airport,,AU,Australia,small_airport,"-25.801701, 149.899994"
XTR,Tara Airport,,AU,Australia,small_airport,"-27.163054, 150.476423"
YLG,Yalgoo Airport,Yalgoo,AU,Australia,small_airport,"-28.355300903299998, 116.683998108"
YUE,Yuendumu Airport,,AU,Australia,small_airport,"-22.2542, 131.781998"
ZBL,Biloela Airport,Biloela,AU,Australia,small_airport,"-24.320816, 150.509627"
ZBO,Bowen Airport,Bowen,AU,Australia,small_airport,"-20.017999, 148.215245"
ZGL,South Galway Airport,,AU,Australia,small_airport,"-25.6833, 142.108002"
ZNE,Newman Airport,Newman,AU,Australia,medium_airport,"-23.417800903299998, 119.803001404"
ZVG,Springvale Airport,Springvale,AU,Australia,small_airport,"-17.7869, 127.669998"
AUA,Queen Beatrix International Airport,Oranjestad,AW,AW,large_airport,"12.5014, -70.015198"
FZL,Fuzuli International Airport,Fuzuli,AZ,Azerbaijan,small_airport,"39.594578, 47.196128"
GBB,Gabala International Airport,Gabala,AZ,Azerbaijan,medium_airport,"40.808617, 47.725389"
GNJ,Ganja International Airport,Ganja,AZ,Azerbaijan,medium_airport,"40.737701, 46.3176"
GYD,Heydar Aliyev International Airport,Baku,AZ,Azerbaijan,large_airport,"40.467498779296875, 50.04669952392578"
LLK,Lankaran International Airport,Lankaran,AZ,Azerbaijan,small_airport,"38.757919, 48.807042"
NAJ,Nakhchivan Airport,Nakhchivan,AZ,Azerbaijan,medium_airport,"39.18880081176758, 45.45840072631836"
YLV,Yevlakh Airport,Yevlakh,AZ,Azerbaijan,small_airport,"40.631901, 47.141899"
ZTU,Zaqatala International Airport,Zaqatala,AZ,Azerbaijan,medium_airport,"41.557823, 46.669464"
ZXT,Zabrat Airport,Zabrat,AZ,Azerbaijan,medium_airport,"40.494884, 49.977065"
ZZE,Zangilan International Airport,Zangilan,AZ,Azerbaijan,small_airport,"39.11443, 46.74392"
BNX,Banja Luka International Airport,Mahovljani,BA,Bosnia and Herzegovina,medium_airport,"44.941399, 17.297501"
OMO,Mostar International Airport,Mostar,BA,Bosnia and Herzegovina,medium_airport,"43.282901763916016, 17.84589958190918"
SJJ,Sarajevo International Airport,Sarajevo,BA,Bosnia and Herzegovina,large_airport,"43.8246, 18.331499"
TZL,Tuzla International Airport,Dubrave Gornje,BA,Bosnia and Herzegovina,medium_airport,"44.458698, 18.7248"
BGI,Grantley Adams International Airport,Bridgetown,BB,Barbados,medium_airport,"13.0746, -59.4925"
BZL,Barisal Airport,Barisal,BD,Bangladesh,medium_airport,"22.801000595092773, 90.30120086669922"
CGP,Shah Amanat International Airport,Chattogram (Chittagong),BD,Bangladesh,medium_airport,"22.249599, 91.813301"
CLA,Comilla Airport,Comilla,BD,Bangladesh,small_airport,"23.437201, 91.189697"
CXB,Cox's Bazar Airport,Cox's Bazar,BD,Bangladesh,medium_airport,"21.452199935913086, 91.96389770507812"
DAC,Hazrat Shahjalal International Airport,Dhaka,BD,Bangladesh,large_airport,"23.843347, 90.397783"
IRD,Ishurdi Airport,Ishurdi,BD,Bangladesh,medium_airport,"24.1525, 89.0494"
JSR,Jessore Airport,Jashore (Jessore),BD,Bangladesh,medium_airport,"23.1838, 89.160797"
RJH,Shah Mokhdum Airport,Rajshahi,BD,Bangladesh,medium_airport,"24.43720054626465, 88.61650085449219"
SPD,Saidpur Airport,Saidpur,BD,Bangladesh,medium_airport,"25.759199142456055, 88.90889739990234"
TKR,Thakurgaon Airport,Thakurgaon,BD,Bangladesh,small_airport,"26.016399, 88.403603"
ZHM,Shamshernagar Airport,Shamshernagar,BD,Bangladesh,small_airport,"24.398333, 91.916944"
ZYL,Osmany International Airport,Sylhet,BD,Bangladesh,medium_airport,"24.963832, 91.864843"
ANR,Antwerp International Airport (Deurne),Antwerp,BE,Belgium,medium_airport,"51.190667, 4.463153"
BRU,Brussels Airport,Zaventem,BE,Belgium,large_airport,"50.901402, 4.48444"
CRL,Brussels South Charleroi Airport,Charleroi,BE,Belgium,medium_airport,"50.460982, 4.457158"
KJK,Flanders International Airport Kortrijk-Wevelgem,Wevelgem,BE,Belgium,medium_airport,"50.818878, 3.209551"
LGG,Liège Airport,Grâce-Hollogne,BE,Belgium,medium_airport,"50.638574, 5.443897"
OBL,Oostmalle Airfield,Zoersel,BE,Belgium,small_airport,"51.269092, 4.762428"
OST,Oostende-Brugge International Airport,Oostende,BE,Belgium,medium_airport,"51.1998, 2.874673"
ARL,Arly Airport,Arly,BF,Burkina Faso,small_airport,"11.597, 1.483"
BNR,Banfora Airport,Banfora,BF,Burkina Faso,small_airport,"10.688861, -4.727726"
BOY,Bobo Dioulasso Airport,Bobo Dioulasso,BF,Burkina Faso,medium_airport,"11.160099983215332, -4.33096981048584"
DGU,Dedougou Airport,Dedougou,BF,Burkina Faso,small_airport,"12.459, -3.49"
DIP,Diapaga Airport,Diapaga,BF,Burkina Faso,small_airport,"12.060324, 1.784631"
DOR,Dori Airport,Dori,BF,Burkina Faso,small_airport,"14.021638, -0.068207"
FNG,Fada N'gourma Airport,Fada N'gourma,BF,Burkina Faso,small_airport,"12.033, 0.35"
OUA,Ouagadougou Airport,Ouagadougou,BF,Burkina Faso,medium_airport,"12.3532, -1.51242"
OUG,Ouahigouya Airport,Ouahigouya,BF,Burkina Faso,small_airport,"13.655287, -2.322067"
PUP,Po Airport,Po,BF,Burkina Faso,small_airport,"11.179139, -1.148472"
TEG,Tenkodogo Airport,Tenkodogo,BF,Burkina Faso,small_airport,"11.801149, -0.371377"
TMQ,Tambao Airport,Tambao,BF,Burkina Faso,small_airport,"14.790874, 0.039492"
TUQ,Tougan Airport,Tougan,BF,Burkina Faso,small_airport,"13.059091, -3.077291"
XAR,Aribinda Airport,Aribinda,BF,Burkina Faso,small_airport,"14.217000007600001, -0.883000016212"
XBG,Bogande Airport,Bogande,BF,Burkina Faso,small_airport,"12.983, -0.167"
XBO,Boulsa Airport,Boulsa,BF,Burkina Faso,small_airport,"12.65, -0.567"
XDE,Diebougou Airport,Diebougou,BF,Burkina Faso,small_airport,"10.95, -3.25"
XDJ,Djibo Airport,Djibo,BF,Burkina Faso,small_airport,"14.125, -1.624722"
XGA,Gaoua Airport,Gaoua,BF,Burkina Faso,small_airport,"10.384059, -3.163454"
XGG,Gorom-Gorom Airport,Gorom-Gorom,BF,Burkina Faso,small_airport,"14.454174, -0.218644"
XKA,Kantchari Airport,Kantchari,BF,Burkina Faso,small_airport,"12.464046, 1.492939"
XKY,Kaya Airport,Kaya,BF,Burkina Faso,small_airport,"13.067, -1.1"
XLU,Leo Airport,Leo,BF,Burkina Faso,small_airport,"11.1, -2.1"
XNU,Nouna Airport,Nouna,BF,Burkina Faso,small_airport,"12.75, -3.867000103"
XPA,Pama Airport,Pama,BF,Burkina Faso,small_airport,"11.25, 0.7"
XSE,Sebba Airport,Sebba,BF,Burkina Faso,small_airport,"13.45, 0.517"
XZA,Zabré Airport,Zabré,BF,Burkina Faso,small_airport,"11.167, -0.617"
BOJ,Burgas Airport,Burgas,BG,Bulgaria,large_airport,"42.569917, 27.515173"
GOZ,Gorna Oryahovitsa Airport,Gorna Oryahovitsa,BG,Bulgaria,medium_airport,"43.151402, 25.7129"
HKV,Malevo Airfield,Malevo,BG,Bulgaria,small_airport,"41.871799, 25.604799"
JAM,Bezmer Air Base,Bezmer,BG,Bulgaria,medium_airport,"42.454899, 26.3522"
PDV,Plovdiv International Airport,Plovdiv,BG,Bulgaria,medium_airport,"42.067799, 24.8508"
ROU,Ruse Airport,Shtraklevo,BG,Bulgaria,small_airport,"43.694801, 26.0567"
SOF,Sofia Airport,Sofia,BG,Bulgaria,large_airport,"42.696357, 23.417671"
SZR,Stara Zagora Airport,Stara Zagora,BG,Bulgaria,small_airport,"42.3766667, 25.655"
VAR,Varna Airport,Varna,BG,Bulgaria,large_airport,"43.232101, 27.8251"
BAH,Bahrain International Airport,Manama,BH,Bahrain,large_airport,"26.267295, 50.63764"
BJM,Bujumbura Melchior Ndadaye International Airport,Bujumbura,BI,Burundi,medium_airport,"-3.32402, 29.318501"
GID,Gitega Airport,Gitega,BI,Burundi,small_airport,"-3.417209, 29.911308"
KRE,Kirundo Airport,Kirundo,BI,Burundi,small_airport,"-2.544772, 30.094575"
COO,Cadjehoun Airport,Cotonou,BJ,Benin,medium_airport,"6.357230186462402, 2.384350061416626"
DJA,Djougou Airport,Djougou,BJ,Benin,small_airport,"9.69208333333, 1.63777777778"
KDC,Kandi Airport,Kandi,BJ,Benin,small_airport,"11.14479, 2.940381"
NAE,Natitingou Airport,Natitingou,BJ,Benin,small_airport,"10.376965, 1.360507"
PKO,Parakou Airport,Parakou,BJ,Benin,small_airport,"9.35768985748291, 2.609679937362671"
SVF,Savé Airport,Savé,BJ,Benin,small_airport,"8.018170356750488, 2.4645800590515137"
SBH,Saint Barthélemy - Gustaf III Airport,Gustavia,BL,BL,medium_airport,"17.9044, -62.843601"
BDA,L.F. Wade International Airport,Hamilton,BM,BM,medium_airport,"32.363998, -64.678703"
BWN,Brunei International Airport,Bandar Seri Begawan,BN,Brunei,large_airport,"4.9442, 114.928001"
APB,Apolo Airport,Apolo,BO,Bolivia,small_airport,"-14.7356, -68.411903"
ASC,Ascención De Guarayos Airport,Ascensión de Guarayos,BO,Bolivia,small_airport,"-15.9303, -63.1567"
BJO,Bermejo Airport,Bermejo,BO,Bolivia,medium_airport,"-22.7733001709, -64.31289672850001"
BVK,Huacaraje Airport,Itenes,BO,Bolivia,small_airport,"-13.605556, -63.879444"
BVL,Baures Airport,Baures,BO,Bolivia,small_airport,"-13.654426, -63.704718"
BYC,Yacuiba Airport,Yacuíba,BO,Bolivia,medium_airport,"-21.960899353027344, -63.65169906616211"
CAM,Camiri Airport,Camiri,BO,Bolivia,small_airport,"-20.00656, -63.527827"
CBB,Jorge Wilsterman International Airport,Cochabamba,BO,Bolivia,medium_airport,"-17.421100616455078, -66.1771011352539"
CCA,Chimore Airport,Chimore,BO,Bolivia,small_airport,"-16.976834, -65.145568"
CEP,Concepción Airport,Concepción,BO,Bolivia,small_airport,"-16.142688, -62.026595"
CIJ,Capitán Aníbal Arab Airport,Cobija,BO,Bolivia,medium_airport,"-11.040399551400002, -68.7829971313"
GYA,Guayaramerín Airport,Guayaramerín,BO,Bolivia,medium_airport,"-10.88856, -65.380955"
LPB,El Alto International Airport,La Paz / El Alto,BO,Bolivia,medium_airport,"-16.5132999420166, -68.19229888916016"
MGD,Magdalena Airport,Magdalena,BO,Bolivia,small_airport,"-13.2607483767, -64.0607643127"
MHW,Monteagudo Airport,El Bañado,BO,Bolivia,small_airport,"-19.827, -63.960999"
MQK,San Matías Airport,San Matías,BO,Bolivia,small_airport,"-16.339199, -58.401901"
ORU,Juan Mendoza Airport,Oruro,BO,Bolivia,medium_airport,"-17.962601, -67.076202"
POI,Capitan Nicolas Rojas Airport,Potosí,BO,Bolivia,medium_airport,"-19.543331, -65.723734"
PSZ,Capitán Av. Salvador Ogaya G. airport,Puerto Suárez,BO,Bolivia,medium_airport,"-18.975301, -57.820599"
PUR,Puerto Rico Airport,Puerto Rico/Manuripi,BO,Bolivia,small_airport,"-11.107663, -67.551155"
RBO,Roboré Airport,Roboré,BO,Bolivia,small_airport,"-18.328224, -59.765339"
RBQ,Rurrenabaque Airport,Rurrenabaque,BO,Bolivia,small_airport,"-14.4279, -67.496803"
REY,Reyes Airport,Reyes,BO,Bolivia,small_airport,"-14.3044, -67.353401"
RIB,Capitán Av. Selin Zeitun Lopez Airport,Riberalta,BO,Bolivia,medium_airport,"-11.009355, -66.075468"
SBL,Santa Ana Del Yacuma Airport,Santa Ana del Yacuma,BO,Bolivia,medium_airport,"-13.762200355500001, -65.4352035522"
SJB,San Joaquín Airport,San Joaquín,BO,Bolivia,small_airport,"-13.0528, -64.661697"
SJS,San José De Chiquitos Airport,San José de Chiquitos,BO,Bolivia,small_airport,"-17.830799, -60.743099"
SJV,San Javier Airport,San Javier,BO,Bolivia,small_airport,"-16.2708, -62.470299"
SNG,Capitán Av. Juan Cochamanidis S. Airport,San Ignacio de Velasco,BO,Bolivia,small_airport,"-16.38719, -60.962318"
SNM,San Ignacio de Moxos Airport,San Ignacio de Moxos,BO,Bolivia,small_airport,"-14.9658, -65.6338"
SRB,Santa Rosa De Yacuma Airport,Santa Rosa,BO,Bolivia,small_airport,"-14.0662, -66.786797"
SRD,San Ramón Airport,San Ramón / Mamoré,BO,Bolivia,small_airport,"-13.2639, -64.603897"
SRE,Alcantarí Airport,Yamparaez,BO,Bolivia,medium_airport,"-19.246835, -65.149611"
SRJ,Capitán Av. German Quiroga G. Airport,San Borja,BO,Bolivia,small_airport,"-14.8592, -66.737503"
SRZ,El Trompillo Airport,Santa Cruz,BO,Bolivia,medium_airport,"-17.8115997314, -63.1715011597"
TDD,Teniente Av. Jorge Henrich Arauz Airport,Trinidad,BO,Bolivia,medium_airport,"-14.8186998367, -64.9179992676"
TJA,Capitan Oriel Lea Plaza Airport,Tarija,BO,Bolivia,medium_airport,"-21.5557, -64.701302"
UYU,Uyuni Joya Andina Airport,Quijarro,BO,Bolivia,small_airport,"-20.441304, -66.857553"
VAH,Capitán Av. Vidal Villagomez Toledo Airport,Vallegrande,BO,Bolivia,small_airport,"-18.4825, -64.099403"
VLM,Teniente Coronel Rafael Pabón Airport,Villamontes,BO,Bolivia,medium_airport,"-21.255199432399998, -63.4056015015"
VVI,Viru Viru International Airport,Santa Cruz,BO,Bolivia,large_airport,"-17.6448, -63.135399"
BON,Flamingo International Airport,Kralendijk,BQ,BQ,large_airport,"12.131, -68.268501"
EUX,F. D. Roosevelt Airport,Oranjestad,BQ,BQ,medium_airport,"17.4965, -62.979401"
SAB,Juancho E. Yrausquin Airport,Zion's Hill,BQ,BQ,medium_airport,"17.645351, -63.220571"
AAI,Arraias Airport,Arraias,BR,Brazil,small_airport,"-13.025154, -46.884107"
AAX,Romeu Zema Airport,Araxá,BR,Brazil,medium_airport,"-19.5632, -46.9604"
AFL,Piloto Osvaldo Marques Dias Airport,Alta Floresta,BR,Brazil,medium_airport,"-9.866389, -56.106298"
AIF,Marcelo Pires Halzhausen Airport,Assis,BR,Brazil,small_airport,"-22.638601, -50.455983"
AIR,Aripuanã Airport,Aripuanã,BR,Brazil,small_airport,"-10.187375, -59.457469"
AIY,Araçuaí Airport,Araçuaí,BR,Brazil,small_airport,"-16.851571, -42.045633"
AJU,Aracaju - Santa Maria International Airport,Aracaju,BR,Brazil,medium_airport,"-10.984, -37.070301"
ALQ,Alegrete Novo Airport,Alegrete,BR,Brazil,small_airport,"-29.811595, -55.894707"
ALT,Alenquer Municipal Airport,Alenquer,BR,Brazil,small_airport,"-1.917, -54.7231"
AMJ,Cirilo Queiróz Airport,Almenara,BR,Brazil,small_airport,"-16.165579, -40.684024"
APQ,Arapiraca Airport,Arapiraca,BR,Brazil,small_airport,"-9.776589, -36.628983"
APS,Anápolis Airport,Anápolis,BR,Brazil,small_airport,"-16.363575, -48.9288"
APU,Captain João Busse Airport,Apucarana,BR,Brazil,small_airport,"-23.609099, -51.384301"
APX,Arapongas Airport,Arapongas,BR,Brazil,small_airport,"-23.352636, -51.491967"
APY,Alto Parnaíba Airport,Alto Parnaíba,BR,Brazil,small_airport,"-9.083611, -45.950558"
AQA,Araraquara Airport,Araraquara,BR,Brazil,medium_airport,"-21.812, -48.132999"
AQM,Ariquemes Airport,Ariquemes,BR,Brazil,small_airport,"-9.880436, -63.047115"
ARS,Aragarças Airport,Aragarças,BR,Brazil,small_airport,"-15.8994, -52.2411"
ARU,Araçatuba Airport,Araçatuba,BR,Brazil,medium_airport,"-21.141479, -50.424575"
ARX,Aracati Dragão do Mar Regional Airport,Aracati,BR,Brazil,medium_airport,"-4.568896, -37.805135"
ATM,Altamira Interstate Airport,Altamira,BR,Brazil,medium_airport,"-3.253144, -52.253938"
AUX,Araguaína Airport,Araguaína,BR,Brazil,medium_airport,"-7.22787, -48.240501"
AXE,Xanxerê Airport,Xanxerê,BR,Brazil,small_airport,"-26.875067, -52.372862"
AZL,Fazenda Tucunaré Airport,Sapezal,BR,Brazil,small_airport,"-13.465528, -58.866935"
BAT,Chafei Amsei Airport,Barretos,BR,Brazil,medium_airport,"-20.584631, -48.594125"
BAZ,Barcelos Airport,Barcelos,BR,Brazil,small_airport,"-0.981191, -62.918603"
BCR,Novo Campo Airport,Boca do Acre,BR,Brazil,small_airport,"-8.83456, -67.312401"
BDC,Barra do Corda Airport,Barra do Corda,BR,Brazil,small_airport,"-5.5025, -45.215833"
BEL,Val de Cans/Júlio Cezar Ribeiro International Airport,Belém,BR,Brazil,large_airport,"-1.379279, -48.476207"
BFH,Bacacheri Airport,Curitiba,BR,Brazil,medium_airport,"-25.4051, -49.231998"
BGV,Aeroclube de Bento Gonçalves Airport,Bento Gonçalves,BR,Brazil,small_airport,"-29.147424, -51.540791"
BGX,Comandante Gustavo Kraemer Airport,Bagé,BR,Brazil,medium_airport,"-31.390499, -54.112202"
BJP,Estadual Arthur Siqueira Airport,Bragança Paulista,BR,Brazil,small_airport,"-22.978822, -46.537131"
BMS,Sócrates Mariani Bittencourt Airport,Brumado,BR,Brazil,small_airport,"-14.2554, -41.817501"
BNU,Blumenau Airport,Blumenau,BR,Brazil,small_airport,"-26.831661, -49.093569"
BPG,Barra do Garças Airport,Barra do Garças,BR,Brazil,medium_airport,"-15.861417, -52.389008"
BPS,Porto Seguro Airport,Porto Seguro,BR,Brazil,large_airport,"-16.438426, -39.080584"
BQQ,Barra Airport,Barra,BR,Brazil,small_airport,"-11.0808, -43.147499"
BRA,Dom Ricardo Weberberger Airport,Barreiras,BR,Brazil,small_airport,"-12.0789, -45.008999"
BRB,Barreirinhas National Airport,Barreirinhas,BR,Brazil,small_airport,"-2.756644, -42.803187"
BSB,Presidente Juscelino Kubitschek International Airport,Brasília,BR,Brazil,large_airport,"-15.869167, -47.920834"
BSS,Balsas Airport,Balsas,BR,Brazil,small_airport,"-7.525305, -46.053364"
BVB,Atlas Brasil Cantanhede Airport,Boa Vista,BR,Brazil,medium_airport,"2.845855, -60.690944"
BVH,Brigadeiro Camarão Airport,Vilhena,BR,Brazil,medium_airport,"-12.6944, -60.098301"
BVM,Belmonte Airport,Belmonte,BR,Brazil,small_airport,"-15.8717, -38.871899"
BVS,Breves Airport,Breves,BR,Brazil,small_airport,"-1.63653, -50.4436"
BYO,Bonito Airport,Bonito,BR,Brazil,small_airport,"-21.2473, -56.452399"
BZC,Umberto Modiano Airport,Cabo Frio,BR,Brazil,medium_airport,"-22.770881, -41.96308"
CAC,Coronel Adalberto Mendes da Silva Airport,Cascavel,BR,Brazil,medium_airport,"-25.000323, -53.501208"
CAF,Carauari Airport,Carauari,BR,Brazil,small_airport,"-4.871473, -66.897552"
CAU,Caruaru Airport,Caruaru,BR,Brazil,small_airport,"-8.28239, -36.0135"
CAW,Bartolomeu Lisandro Airport,Campos Dos Goytacazes,BR,Brazil,medium_airport,"-21.698299, -41.301701"
CBW,Campo Mourão Airport,Campo Mourão,BR,Brazil,small_airport,"-24.009199, -52.3568"
CCI,Olavo Cecco Rigon Airport,Concórdia,BR,Brazil,small_airport,"-27.180511, -52.051755"
CCM,Forquilhinha - Criciúma  Airport,Criciúma,BR,Brazil,medium_airport,"-28.725743, -49.424475"
CCX,Cáceres Airport,Cáceres,BR,Brazil,small_airport,"-16.0436, -57.629902"
CDI,Cachoeiro do Itapemirim - Raimundo de Andrade Airport,Cachoeiro do Itapemirim,BR,Brazil,small_airport,"-20.834299, -41.1856"
CDJ,Conceição do Araguaia Airport,Conceição do Araguaia,BR,Brazil,medium_airport,"-8.34835, -49.301498"
CEL,Canela Airport,Canela,BR,Brazil,small_airport,"-29.370091, -50.831729"
CFB,Cabo Frio Airport,Cabo Frio,BR,Brazil,small_airport,"-22.921485, -42.071874"
CFC,Doctor Carlos Alberto da Costa Neves Airport,Caçador,BR,Brazil,small_airport,"-26.787423, -50.939942"
CFO,Confresa Airport,Confresa,BR,Brazil,small_airport,"-10.633296, -51.565836"
CGB,Marechal Rondon Airport,Cuiabá,BR,Brazil,medium_airport,"-15.6529, -56.116699"
CGH,Congonhas Airport,São Paulo,BR,Brazil,medium_airport,"-23.627657, -46.654601"
CGR,Campo Grande Airport,Campo Grande,BR,Brazil,medium_airport,"-20.469998, -54.673988"
CHD,Mucugê Airport,Mucugê,BR,Brazil,small_airport,"-13.0312, -41.444099"
CIZ,Coari Airport,Coari,BR,Brazil,small_airport,"-4.13406, -63.132599"
CJZ,Pedro Vieira Moreira Airport,Cajazeiras,BR,Brazil,small_airport,"-6.8827, -38.61583"
CKO,Cornélio Procópio Airport,Cornélio Procópio,BR,Brazil,small_airport,"-23.152711, -50.602868"
CKS,Carajás Airport,Parauapebas,BR,Brazil,medium_airport,"-6.117841, -50.003372"
CLN,Brig. Lysias Augusto Rodrigues Airport,Carolina,BR,Brazil,medium_airport,"-7.32044, -47.458698"
CLV,Nelson Ribeiro Guimarães Airport,Caldas Novas,BR,Brazil,small_airport,"-17.725096, -48.606324"
CMC,Camocim - Pinto Martins Airport,Camocim,BR,Brazil,small_airport,"-2.895596, -40.859299"
CMG,Corumbá International Airport,Corumbá,BR,Brazil,medium_airport,"-19.01193, -57.672772"
CMT,New Cametá Airport,Cametá,BR,Brazil,small_airport,"-2.2468, -49.56"
CNF,Tancredo Neves International Airport,Belo Horizonte,BR,Brazil,large_airport,"-19.63571, -43.966928"
CNV,Sócrates Rezende Airport,Canavieiras,BR,Brazil,small_airport,"-15.666999816895, -38.954700469971"
CPU,Cururupu Airport,Cururupu,BR,Brazil,small_airport,"-1.820006, -44.864065"
CPV,Presidente João Suassuna Airport,Campina Grande,BR,Brazil,medium_airport,"-7.269662, -35.896057"
CQA,Canarana Airport,Canarana,BR,Brazil,small_airport,"-13.574444, -52.270557"
CQS,Costa Marques Airport,Costa Marques,BR,Brazil,small_airport,"-12.4211, -64.251602"
CRQ,Caravelas Airport,Caravelas,BR,Brazil,medium_airport,"-17.6523, -39.253101"
CSS,Cassilândia Airport,Cassilândia,BR,Brazil,small_airport,"-19.146861, -51.676941"
CSU,Santa Cruz do Sul Airport,Santa Cruz Do Sul,BR,Brazil,small_airport,"-29.684099, -52.412201"
CTP,Carutapera Airport,Carutapera,BR,Brazil,small_airport,"-1.225365, -46.019057"
CTQ,Santa Vitória do Palmar Airport,Santa Vitória do Palmar,BR,Brazil,small_airport,"-33.502038, -53.344911"
CWB,Afonso Pena Airport,Curitiba,BR,Brazil,medium_airport,"-25.5285, -49.1758"
CXJ,Hugo Cantergiani Regional Airport,Caxias Do Sul,BR,Brazil,medium_airport,"-29.197183, -51.187647"
CZB,Carlos Ruhl Airport,Cruz Alta,BR,Brazil,small_airport,"-28.657934, -53.610095"
CZS,Cruzeiro do Sul Airport,Cruzeiro Do Sul,BR,Brazil,medium_airport,"-7.59991, -72.769501"
DIQ,Brigadeiro Cabral Airport,Divinópolis,BR,Brazil,small_airport,"-20.180700302124, -44.870899200439"
DMT,Diamantino Airport,Diamantino,BR,Brazil,small_airport,"-14.376899719238281, -56.40039825439453"
DNO,Dianópolis Airport,Dianópolis,BR,Brazil,small_airport,"-11.5953998566, -46.846698761"
DOU,Dourados Airport,Dourados,BR,Brazil,small_airport,"-22.2019, -54.926601"
DTI,Diamantina Airport,Diamantina,BR,Brazil,small_airport,"-18.232000351, -43.650398254399995"
EEA,Planalto Serrano Regional Airport,Correia Pinto,BR,Brazil,medium_airport,"-27.634128, -50.358253"
ERM,Erechim Airport,Erechim,BR,Brazil,small_airport,"-27.663614, -52.271489"
ERN,Eirunepé Airport,Eirunepé,BR,Brazil,small_airport,"-6.63953, -69.879799"
FBA,Fonte Boa Airport,Fonte Boa,BR,Brazil,small_airport,"-2.5326099395800004, -66.0831985474"
FBE,Paulo Abdala Airport,Francisco Beltrão,BR,Brazil,small_airport,"-26.05938, -53.063827"
FEC,João Durval Carneiro Airport,Feira de Santana,BR,Brazil,small_airport,"-12.200694, -38.906164"
FEJ,Feijó Airport,Feijó,BR,Brazil,small_airport,"-8.141213, -70.340821"
FEN,Fernando de Noronha Airport,Fernando de Noronha,BR,Brazil,medium_airport,"-3.854471, -32.423302"
FLB,Cangapara Airport,Floriano,BR,Brazil,small_airport,"-6.84639, -43.077301"
FLN,Hercílio Luz International Airport,Florianópolis,BR,Brazil,large_airport,"-27.670279, -48.552502"
FOR,Pinto Martins International Airport,Fortaleza,BR,Brazil,large_airport,"-3.775833, -38.532222"
FRC,Tenente Lund Pressoto Airport,Franca,BR,Brazil,small_airport,"-20.592199, -47.3829"
GCV,Gravatai Airport,Gravatai,BR,Brazil,small_airport,"-29.9494, -50.98505"
GDP,Guadalupe Airport,Guadalupe,BR,Brazil,small_airport,"-6.782219886779785, -43.58219909667969"
GDR,Angra dos Reis Airport,Angra dos Reis,BR,Brazil,small_airport,"-22.9753, -44.307098"
GEL,Santo Ângelo Airport,Santo Ângelo,BR,Brazil,medium_airport,"-28.282503, -54.169623"
GGB,Frederico Carlos Müller Airport,Água Boa,BR,Brazil,small_airport,"-14.019959, -52.152003"
GGF,Almeirim Airport,Almeirim,BR,Brazil,small_airport,"-1.479524, -52.578214"
GGH,Engenheiro Gastão de Mesquita Filho Airport,Cianorte,BR,Brazil,small_airport,"-23.69157, -52.642091"
GGJ,Guaíra Airport,Guaíra,BR,Brazil,small_airport,"-24.0811, -54.1917"
GIG,Rio Galeão – Tom Jobim International Airport,Rio De Janeiro,BR,Brazil,large_airport,"-22.809999, -43.250557"
GJM,Guajará-Mirim Airport,Guajará-Mirim,BR,Brazil,medium_airport,"-10.78641, -65.28486"
GMS,Antônio Guerreiro Airport,Guimarães,BR,Brazil,small_airport,"-2.109444, -44.651114"
GNM,Guanambi Airport,Guanambi,BR,Brazil,small_airport,"-14.2082, -42.746101"
GPB,Tancredo Thomas de Faria Airport,Guarapuava,BR,Brazil,small_airport,"-25.388327, -51.52349"
GRP,Gurupi Airport,Gurupi,BR,Brazil,small_airport,"-11.7396, -49.132198"
GRU,Guarulhos - Governador André Franco Montoro International Airport,São Paulo,BR,Brazil,large_airport,"-23.431944, -46.467778"
GUJ,Edu Chaves Field,Guaratinguetá,BR,Brazil,medium_airport,"-22.791599, -45.2048"
GUZ,Guarapari Airport,Guarapari,BR,Brazil,small_airport,"-20.6465, -40.491901"
GVR,Coronel Altino Machado Airport,Governador Valadares,BR,Brazil,medium_airport,"-18.895882, -41.982869"
GYN,Santa Genoveva Airport,Goiânia,BR,Brazil,medium_airport,"-16.632, -49.220699"
HRZ,Walter Bündchen Airport,Horizontina,BR,Brazil,small_airport,"-27.6383, -54.3391"
HUW,Humaitá Airport,Humaitá,BR,Brazil,small_airport,"-7.532120227810001, -63.072101593"
IDO,Santa Izabel do Morro Airport,Cristalândia,BR,Brazil,small_airport,"-11.57229995727539, -50.66619873046875"
IGU,Cataratas International Airport,Foz do Iguaçu,BR,Brazil,medium_airport,"-25.594167, -54.489444"
IJU,João Batista Bos Filho Airport,Ijuí,BR,Brazil,small_airport,"-28.368711, -53.846568"
IMP,Prefeito Renato Moreira Airport,Imperatriz,BR,Brazil,medium_airport,"-5.53129, -47.459999"
IOS,Bahia - Jorge Amado Airport,Ilhéus,BR,Brazil,medium_airport,"-14.815929, -39.033458"
IPG,Ipiranga Airport,Santo Antônio do Içá,BR,Brazil,small_airport,"-2.940141, -69.694264"
IPN,Usiminas Airport,Ipatinga,BR,Brazil,medium_airport,"-19.470699, -42.487598"
IPU,Ipiaú Airport,Ipiaú,BR,Brazil,small_airport,"-14.173538, -39.68399"
IRE,Irecê Airport,Irecê,BR,Brazil,small_airport,"-11.339900016784668, -41.84700012207031"
IRZ,Tapuruquara Airport,Santa Isabel Do Rio Negro,BR,Brazil,small_airport,"-0.3786, -64.9923"
ITA,Itacoatiara Airport,Itacoatiara,BR,Brazil,medium_airport,"-3.126539, -58.481668"
ITB,Itaituba Airport,Itaituba,BR,Brazil,medium_airport,"-4.242131, -56.000651"
ITE,Ituberá Airport,Ituberá,BR,Brazil,small_airport,"-13.731571, -39.140377"
ITI,Fazenda Americana Airport,Itambacuri,BR,Brazil,small_airport,"-18.147591, -41.715044"
ITJ,Campo Comandantes Airport,Itajaí,BR,Brazil,small_airport,"-26.983055, -48.816387"
ITN,Tertuliano Guedes de Pinho Airport,Itabuna,BR,Brazil,small_airport,"-14.8105, -39.290401"
ITP,Itaperuna Airport,Itaperuna,BR,Brazil,small_airport,"-21.219299316399997, -41.8759002686"
ITQ,Itaqui Airport,Itaqui,BR,Brazil,small_airport,"-29.173099517822266, -56.53670120239258"
ITR,Francisco Vilela do Amaral Airport,Itumbiara,BR,Brazil,small_airport,"-18.4447, -49.213402"
IUP,Apuí Airport,Apuí,BR,Brazil,small_airport,"-7.172773, -59.8396"
IZA,Presidente Itamar Franco Airport,Juiz de Fora,BR,Brazil,medium_airport,"-21.513086, -43.173069"
JAW,Araripina Airport,Araripina,BR,Brazil,small_airport,"-7.586417, -40.535431"
JBS,São Borja Airport,São Borja,BR,Brazil,small_airport,"-28.6549, -56.034599"
JCB,Santa Terezinha Airport,Joaçaba,BR,Brazil,small_airport,"-27.171514, -51.553327"
JCM,Jacobina Airport,Jacobina,BR,Brazil,small_airport,"-11.1632, -40.553101"
JCR,Jacareacanga Airport,Jacareacanga,BR,Brazil,medium_airport,"-6.23316, -57.776901"
JCS,Crateús Airport,Crateús,BR,Brazil,small_airport,"-5.21135, -40.704201"
JDF,Francisco de Assis Airport,Juiz de Fora,BR,Brazil,medium_airport,"-21.791482, -43.386072"
JDO,Orlando Bezerra de Menezes Airport,Juazeiro do Norte,BR,Brazil,small_airport,"-7.21932, -39.269096"
JDR,Prefeito Octávio de Almeida Neves Airport,São João Del Rei,BR,Brazil,small_airport,"-21.085638, -44.225299"
JEQ,Jequié Airport,Jequié,BR,Brazil,small_airport,"-13.8777, -40.071602"
JHF,São Paulo Catarina Executive Airport,São Roque,BR,Brazil,medium_airport,"-23.426886, -47.165658"
JIA,Juína Airport,Juína,BR,Brazil,small_airport,"-11.419444, -58.701668"
JJD,Comandante Ariston Pessoa Airport,Cruz,BR,Brazil,medium_airport,"-2.906425, -40.357338"
JJG,Humberto Ghizzo Bortoluzzi Regional Airport,Jaguaruna,BR,Brazil,small_airport,"-28.6753, -49.0596"
JLS,Jales Airport,Jales,BR,Brazil,small_airport,"-20.292296, -50.545546"
JMA,Aeroporto Elias Breder Airport,Manhuaçu,BR,Brazil,small_airport,"-20.259722, -42.183887"
JMR,Maricá Airport,Maricá,BR,Brazil,small_airport,"-22.9195, -42.830898"
JNA,Januária Airport,Januária,BR,Brazil,small_airport,"-15.4738, -44.385502"
JOI,Lauro Carneiro de Loyola Airport,Joinville,BR,Brazil,medium_airport,"-26.224501, -48.797401"
JPA,Presidente Castro Pinto International Airport,João Pessoa,BR,Brazil,medium_airport,"-7.148691, -34.950554"
JPE,Nagib Demachki Airport,Paragominas,BR,Brazil,small_airport,"-3.019798, -47.316474"
JPO,Aeroporto Brigadeiro Firmino Ayres,Patos,BR,Brazil,small_airport,"-7.03899, -37.251598"
JPR,Ji-Paraná Airport,Ji-Paraná,BR,Brazil,small_airport,"-10.870743, -61.846675"
JPY,Paraty Airport,Paraty,BR,Brazil,small_airport,"-23.224044, -44.7234"
JRN,Juruena Airport,Juruena,BR,Brazil,small_airport,"-10.305833, -58.489445"
JRT,Juruti Airport,Juruti,BR,Brazil,small_airport,"-2.186667, -56.090279"
JSB,Walfrido Salmito de Almeida Airport,São Benedito,BR,Brazil,small_airport,"-4.042841, -40.893813"
JSO,Dr. Luciano de Arruda Coelho Regional Airport,Sobral,BR,Brazil,medium_airport,"-3.614488, -40.231426"
JTA,Pedro Teixeira Castelo Airport,Tauá,BR,Brazil,small_airport,"-5.9334, -40.2975"
JTC,Bauru/Arealva–Moussa Nakhal Tobias State Airport,Bauru,BR,Brazil,medium_airport,"-22.160755, -49.070325"
JTI,Jataí Airport,Jataí,BR,Brazil,small_airport,"-17.8299007416, -51.7729988098"
JTN,Itanhaém Airport,Itanhaém,BR,Brazil,small_airport,"-24.159729, -46.790604"
JUA,Inácio Luís do Nascimento Airport,Juara,BR,Brazil,small_airport,"-11.2966, -57.5495"
LAJ,Lages Airport,Lages,BR,Brazil,medium_airport,"-27.782101, -50.281502"
LAZ,Bom Jesus da Lapa Airport,Bom Jesus da Lapa,BR,Brazil,medium_airport,"-13.2621, -43.4081"
LBR,Lábrea Airport,Lábrea,BR,Brazil,small_airport,"-7.27897, -64.769501"
LCB,André Antônio Maggi Airport,Pontes e Lacerda,BR,Brazil,small_airport,"-15.1934, -59.3848"
LDB,Governor José Richa Airport,Londrina,BR,Brazil,medium_airport,"-23.334375, -51.128365"
LEC,Coronel Horácio de Mattos Airport,Lençóis,BR,Brazil,small_airport,"-12.4823, -41.277"
LEP,Leopoldina Airport,Leopoldina,BR,Brazil,small_airport,"-21.468226, -42.727076"
LHN,Linhares Municipal Airport,Linhares,BR,Brazil,medium_airport,"-19.355202, -40.07128"
LIP,Lins Airport,Lins,BR,Brazil,medium_airport,"-21.663491, -49.729954"
LOI,Helmuth Baungarten Airport,Lontras,BR,Brazil,small_airport,"-27.159999847399998, -49.5424995422"
LVR,Municipal Bom Futuro Airport,Lucas do Rio Verde,BR,Brazil,small_airport,"-13.037861, -55.95025"
MAB,João Correa da Rocha Airport,Marabá,BR,Brazil,medium_airport,"-5.36859, -49.138"
MAO,Eduardo Gomes International Airport,Manaus,BR,Brazil,large_airport,"-3.03861, -60.049702"
MBK,Orlando Villas Boas Regional Airport,Matupá,BR,Brazil,small_airport,"-10.170368, -54.953964"
MBZ,Maués Airport,Maués,BR,Brazil,small_airport,"-3.37217, -57.7248"
MCP,Macapá - Alberto Alcolumbre International Airport,Macapá,BR,Brazil,medium_airport,"0.050664, -51.072201"
MCZ,Zumbi dos Palmares Airport,Maceió,BR,Brazil,medium_airport,"-9.51081, -35.791698"
MEA,Macaé Benedito Lacerda Airport,Macaé,BR,Brazil,medium_airport,"-22.343, -41.765999"
MEU,Monte Dourado - Serra do Areão Airport,Almeirim,BR,Brazil,medium_airport,"-0.889839, -52.6022"
MGF,Regional de Maringá - Sílvio Name Júnior Airport,Maringá,BR,Brazil,medium_airport,"-23.47606, -52.016187"
MII,Frank Miloye Milenkowichi–Marília State Airport,Marília,BR,Brazil,medium_airport,"-22.196899, -49.926485"
MNX,Manicoré Airport,Manicoré,BR,Brazil,medium_airport,"-5.81138, -61.278301"
MOC,Mário Ribeiro Airport,Montes Claros,BR,Brazil,medium_airport,"-16.706919, -43.818901"
MQH,Minaçu Airport,Minaçu,BR,Brazil,medium_airport,"-13.5491, -48.195301"
MTE,Monte Alegre Airport,Monte Alegre,BR,Brazil,small_airport,"-1.9958, -54.0742"
MTG,Vila Bela da Santíssima Trindade Airport,Vila Bela Da Santíssima Trindade,BR,Brazil,small_airport,"-14.995499, -59.945662"
MUU,Barra Grande Airport,Maraú,BR,Brazil,small_airport,"-13.906082, -38.940804"
MVF,Dix-Sept Rosado Airport,Mossoró,BR,Brazil,medium_airport,"-5.20192, -37.3643"
MVS,Mucuri Airport,Mucuri,BR,Brazil,small_airport,"-18.048901, -39.864321"
MXQ,Lorenzo Airport,Cairu,BR,Brazil,small_airport,"-13.389444, -38.91"
NAT,São Gonçalo do Amarante - Governador Aluízio Alves International Airport,Natal,BR,Brazil,medium_airport,"-5.769804, -35.366578"
NNU,Nanuque Airport,Nanuque,BR,Brazil,small_airport,"-17.823158, -40.329662"
NOK,Xavantina Airport,Nova Xavantina,BR,Brazil,small_airport,"-14.697778, -52.347246"
NPR,Novo Progresso Airport,Novo Progresso,BR,Brazil,small_airport,"-7.125833, -55.400833"
NQL,Niquelândia Airport,Niquelândia,BR,Brazil,small_airport,"-14.434869, -48.491615"
NSR,Serra da Capivara Airport,São Raimundo Nonato,BR,Brazil,small_airport,"-9.083392, -42.644656"
NVM,Brigadeiro Eduardo Gomes Airport,Nova Mutum,BR,Brazil,small_airport,"-13.821021, -56.038591"
NVP,Novo Aripuanã Airport,Novo Aripuanã,BR,Brazil,small_airport,"-5.11803, -60.364899"
NVT,Ministro Victor Konder International Airport,Navegantes,BR,Brazil,medium_airport,"-26.879431, -48.650979"
OAL,Cacoal Airport,Cacoal,BR,Brazil,small_airport,"-11.496, -61.4508"
OBI,Óbidos Municipal Airport,Óbidos,BR,Brazil,small_airport,"-1.867981, -55.514596"
OIA,Ourilândia do Norte Airport,Ourilândia do Norte,BR,Brazil,small_airport,"-6.762992, -51.04993"
OLC,Senadora Eunice Micheles Airport,São Paulo De Olivença,BR,Brazil,small_airport,"-3.46907, -68.921056"
OPP,Salinópolis Airport,Salinópolis,BR,Brazil,small_airport,"-0.696111, -47.336111"
OPS,Presidente João Batista Figueiredo Airport,Sinop,BR,Brazil,small_airport,"-11.885001, -55.586109"
ORX,Oriximiná Airport,Oriximiná,BR,Brazil,small_airport,"-1.71408, -55.836201"
OTT,Andre Maggi Airport,Cotriguaçu,BR,Brazil,small_airport,"-9.898611, -58.581944"
OUS,Jornalista Benedito Pimentel Airport,Ourinhos,BR,Brazil,small_airport,"-22.966598, -49.912049"
OYK,Oiapoque Airport,Oiapoque,BR,Brazil,medium_airport,"3.85412, -51.797056"
PAV,Paulo Afonso Airport,Paulo Afonso,BR,Brazil,medium_airport,"-9.40088, -38.250599"
PBA,Fábio Perini Airport,Cairu,BR,Brazil,small_airport,"-13.5648, -38.939999"
PBB,Paranaíba Airport,Paranaíba,BR,Brazil,small_airport,"-19.651199340820312, -51.19940185546875"
PBQ,Pimenta Bueno Airport,Pimenta Bueno,BR,Brazil,small_airport,"-11.6416, -61.1791"
PBX,Fazenda Piraguassu Airport,Porto Alegre do Norte,BR,Brazil,small_airport,"-10.85935, -51.688152"
PCS,Picos Airport,Picos,BR,Brazil,small_airport,"-7.061385, -41.525871"
PDF,Prado Airport,Prado,BR,Brazil,small_airport,"-17.296976, -39.271131"
PDR,Presidente José Sarney Airport,Presidente Dutra,BR,Brazil,small_airport,"-5.3098, -44.481"
PET,João Simões Lopes Neto International Airport,Pelotas,BR,Brazil,medium_airport,"-31.717253, -52.327952"
PFB,Lauro Kurtz Airport,Passo Fundo,BR,Brazil,medium_airport,"-28.243976, -52.32777"
PGZ,Ponta Grossa Airport - Comandante Antonio Amilton Beraldo,Ponta Grossa,BR,Brazil,medium_airport,"-25.184476, -50.143822"
PHB,Parnaíba - Prefeito Doutor João Silva Filho International Airport,Parnaíba,BR,Brazil,medium_airport,"-2.89375, -41.731998"
PHI,Pinheiro Airport,Pinheiro,BR,Brazil,small_airport,"-2.477426, -45.105003"
PIN,Parintins Airport,Parintins,BR,Brazil,small_airport,"-2.673521, -56.777625"
PIV,Pirapora Airport,Pirapora,BR,Brazil,small_airport,"-17.3169002532959, -44.86029815673828"
PLL,Ponta Pelada Airport / Manaus Air Base,Manaus,BR,Brazil,medium_airport,"-3.14604, -59.986301"
PLU,Pampulha - Carlos Drummond de Andrade Airport,Belo Horizonte,BR,Brazil,medium_airport,"-19.85074, -43.950316"
PMG,Ponta Porã Airport,Ponta Porã,BR,Brazil,medium_airport,"-22.549601, -55.702599"
PMW,Brigadeiro Lysias Rodrigues Airport,Palmas,BR,Brazil,medium_airport,"-10.2915, -48.356998"
PNB,Porto Nacional Airport,Porto Nacional,BR,Brazil,medium_airport,"-10.719402, -48.3997"
PNG,Paranaguá Airport,Paranaguá,BR,Brazil,small_airport,"-25.5401, -48.5312"
PNZ,Senador Nilo Coelho Airport,Petrolina,BR,Brazil,medium_airport,"-9.362422, -40.569098"
POA,Salgado Filho International Airport,Porto Alegre,BR,Brazil,medium_airport,"-29.994712, -51.166592"
POJ,Patos de Minas Airport,Patos de Minas,BR,Brazil,small_airport,"-18.672673, -46.491292"
POO,Poços de Caldas - Embaixador Walther Moreira Salles Airport,Poços De Caldas,BR,Brazil,medium_airport,"-21.842529, -46.569768"
PPB,Presidente Prudente Airport,Presidente Prudente,BR,Brazil,medium_airport,"-22.1751, -51.424599"
PPY,Pouso Alegre Airport,Pouso Alegre,BR,Brazil,small_airport,"-22.2892, -45.919102"
PSW,Municipal José Figueiredo Airport,Passos,BR,Brazil,small_airport,"-20.732200622558594, -46.661800384521484"
PTO,Juvenal Loureiro Cardoso Airport,Pato Branco,BR,Brazil,small_airport,"-26.217184, -52.694463"
PTQ,Porto de Moz Airport,Porto De Moz,BR,Brazil,small_airport,"-1.74145, -52.236099"
PVH,Governador Jorge Teixeira de Oliveira Airport,Porto Velho,BR,Brazil,medium_airport,"-8.707854, -63.90242"
PVI,Paranavaí Airport,Paranavaí,BR,Brazil,small_airport,"-23.089899, -52.488499"
PYT,Pedro Rabelo de Souza Airport,Paracatu,BR,Brazil,small_airport,"-17.242599, -46.883099"
QCH,Colatina Airport,Colatina,BR,Brazil,small_airport,"-19.487476, -40.579362"
QCP,Currais Novos Airport,Currais Novos,BR,Brazil,small_airport,"-6.280832767486572, -36.540279388427734"
QDB,Cachoeira do Sul Airport,Cachoeira Do Sul,BR,Brazil,small_airport,"-30.00189971923828, -52.940799713134766"
QDV,Comte. Rolim Adolfo Amaro–Jundiaí State Airport,Jundiaí,BR,Brazil,small_airport,"-23.180861, -46.943921"
QGF,Montenegro Airport,Montenegro,BR,Brazil,small_airport,"-29.71940040588379, -51.48939895629883"
QGP,Garanhuns Airport,Garanhuns,BR,Brazil,small_airport,"-8.83428, -36.4716"
QHN,Taguatinga Airport,Taguatinga,BR,Brazil,small_airport,"-12.433889389038086, -46.40055465698242"
QHV,Novo Hamburgo Airport,Novo Hamburgo,BR,Brazil,small_airport,"-29.69610023498535, -51.08169937133789"
QIG,Iguatu Airport,Iguatu,BR,Brazil,small_airport,"-6.346319, -39.294448"
QIT,Itapetinga Airport,Itapetinga,BR,Brazil,small_airport,"-15.244500160217285, -40.277198791503906"
QNS,Canoas Air Force Base,Porto Alegre,BR,Brazil,medium_airport,"-29.945928, -51.144413"
QPS,Campo Fontenelle,Pirassununga,BR,Brazil,medium_airport,"-21.984692, -47.341207"
QSC,Mário Pereira Lopes–São Carlos Airport,São Carlos,BR,Brazil,small_airport,"-21.875032, -47.903851"
RAO,Leite Lopes Airport,Ribeirão Preto,BR,Brazil,medium_airport,"-21.134314, -47.774053"
RBB,Borba Airport,Borba,BR,Brazil,small_airport,"-4.40634, -59.602402"
RBR,Rio Branco-Plácido de Castro International Airport,Rio Branco,BR,Brazil,medium_airport,"-9.869031, -67.893984"
RDC,Redenção Airport,Redenção,BR,Brazil,small_airport,"-8.03329, -49.9799"
REC,Recife/Guararapes - Gilberto Freyre International Airport,Recife,BR,Brazil,medium_airport,"-8.125984, -34.923316"
REZ,Resende Airport,Resende,BR,Brazil,small_airport,"-22.4785, -44.480301"
RIA,Santa Maria Airport,Santa Maria,BR,Brazil,medium_airport,"-29.711399, -53.688202"
RIG,Rio Grande Regional Airport,Rio Grande,BR,Brazil,small_airport,"-32.083065, -52.167184"
ROO,Maestro Marinho Franco Airport,Rondonópolis,BR,Brazil,medium_airport,"-16.584292, -54.724803"
RPU,Urucu Airport,Urucu,BR,Brazil,small_airport,"-4.884263, -65.355421"
RRJ,Jacarepaguá - Roberto Marinho Airport,Rio De Janeiro,BR,Brazil,small_airport,"-22.986773, -43.372194"
RTE,Campo de Marte Airport,São Paulo,BR,Brazil,medium_airport,"-23.5091, -46.637798"
RVD,General Leite de Castro Airport,Rio Verde,BR,Brazil,small_airport,"-17.834723, -50.956112"
SBJ,São Mateus - Ernesto Bonomo Airport,São Mateus,BR,Brazil,small_airport,"-18.7213, -39.833698"
SDU,Santos Dumont Airport,Rio de Janeiro,BR,Brazil,medium_airport,"-22.9105, -43.163101"
SET,Santa Magalhães Airport,Serra Talhada,BR,Brazil,small_airport,"-8.061433, -38.328888"
SFK,Soure Airport,Soure,BR,Brazil,small_airport,"-0.697844, -48.519759"
SFV,Fazenda Trêz Irmãos Airport,Santa Fé Do Sul,BR,Brazil,small_airport,"-20.227777, -50.968334"
SJK,Professor Urbano Ernesto Stumpf Airport,São José Dos Campos,BR,Brazil,medium_airport,"-23.2292, -45.8615"
SJL,São Gabriel da Cachoeira Airport,São Gabriel da Cachoeira,BR,Brazil,medium_airport,"-0.14835, -66.9855"
SJP,Prof. Eribelto Manoel Reino State Airport,São José do Rio Preto,BR,Brazil,medium_airport,"-20.817113, -49.406963"
SLZ,Marechal Cunha Machado International Airport,São Luís,BR,Brazil,medium_airport,"-2.58536, -44.2341"
SMT,Adolino Bedin Regional Airport,Sorriso,BR,Brazil,small_airport,"-12.479177, -55.672341"
SNZ,Santa Cruz Air Force Base,Rio de Janeiro,BR,Brazil,medium_airport,"-22.9324, -43.719101"
SOD,Sorocaba Airport,Sorocaba,BR,Brazil,small_airport,"-23.478001, -47.490002"
SQM,São Miguel do Araguaia Airport,São Miguel Do Araguaia,BR,Brazil,small_airport,"-13.331299781799316, -50.197601318359375"
SQX,São Miguel do Oeste Hélio Wasum Airport,São Miguel do Oeste,BR,Brazil,small_airport,"-26.781601, -53.503502"
SQY,São Lourenço do Sul Airport,São Lourenço Do Sul,BR,Brazil,small_airport,"-31.38330078125, -52.032798767089844"
SRA,Luis Alberto Lehr Airport,Santa Rosa,BR,Brazil,small_airport,"-27.90658, -54.520628"
SSA,Deputado Luiz Eduardo Magalhães International Airport,Salvador,BR,Brazil,large_airport,"-12.908611, -38.322498"
SSO,São Lourenço Airport,São Lourenço,BR,Brazil,small_airport,"-22.0909, -45.044498"
SSZ,Santos Nero Moura Air Base / Guarujá Airport,Guarujá,BR,Brazil,medium_airport,"-23.928192, -46.300195"
STM,Santarém - Maestro Wilson Fonseca International Airport,Santarém,BR,Brazil,medium_airport,"-2.422423, -54.79306"
STZ,Santa Terezinha Airport,Santa Terezinha,BR,Brazil,small_airport,"-10.464722, -50.518612"
SXO,São Félix do Araguaia Airport,São Félix Do Araguaia,BR,Brazil,small_airport,"-11.6324, -50.689602"
SXX,São Félix do Xingu Airport,São Félix do Xingu,BR,Brazil,small_airport,"-6.6413, -51.9523"
TBT,Tabatinga Airport,Tabatinga,BR,Brazil,medium_airport,"-4.25567, -69.935799"
TEC,Telêmaco Borba Airport,Telêmaco Borba,BR,Brazil,medium_airport,"-24.317801, -50.6516"
TFF,Tefé Airport,Tefé,BR,Brazil,medium_airport,"-3.38294, -64.724098"
TFL,Juscelino Kubitscheck Airport,Teófilo Otoni,BR,Brazil,small_airport,"-17.8923, -41.513599"
TGQ,Tangará da Serra Airport,Tangará da Serra,BR,Brazil,small_airport,"-14.662, -57.443744"
THE,Senador Petrônio Portela Airport,Teresina,BR,Brazil,medium_airport,"-5.06025, -42.823712"
TJL,Plínio Alarcom Airport,Três Lagoas,BR,Brazil,small_airport,"-20.752643, -51.682026"
TLZ,Catalão Airport,Catalão,BR,Brazil,small_airport,"-18.216801, -47.8997"
TMT,Trombetas Airport,Oriximiná,BR,Brazil,medium_airport,"-1.4896, -56.396801"
TOW,Toledo - Luiz Dalcanale Filho Municipal Airport,Toledo,BR,Brazil,small_airport,"-24.6863, -53.697498"
TRQ,Tarauacá Airport,Tarauacá,BR,Brazil,medium_airport,"-8.155534, -70.782985"
TSQ,Torres Airport,Torres,BR,Brazil,small_airport,"-29.4149, -49.810001"
TUR,Tucuruí Airport,Tucuruí,BR,Brazil,medium_airport,"-3.78601, -49.720299"
TXF,9 de Maio - Teixeira de Freitas Airport,Teixeira de Freitas,BR,Brazil,small_airport,"-17.524392, -39.668499"
UBA,Mário de Almeida Franco Airport,Uberaba,BR,Brazil,medium_airport,"-19.765036, -47.964805"
UBT,Ubatuba Gastão Madeira State Airport,Ubatuba,BR,Brazil,small_airport,"-23.440628, -45.074057"
UDI,Ten. Cel. Aviador César Bombonato Airport,Uberlândia,BR,Brazil,medium_airport,"-18.883579, -48.225936"
UMU,Orlando de Carvalho Airport,Umuarama,BR,Brazil,small_airport,"-23.7987, -53.313801"
UNA,Una-Comandatuba Airport,Una,BR,Brazil,small_airport,"-15.354358, -38.998729"
URG,Rubem Berta Airport,Uruguaiana,BR,Brazil,medium_airport,"-29.7822, -57.0382"
UVI,José Cleto Airport,União da Vitória,BR,Brazil,small_airport,"-26.233224, -51.066754"
VAG,Major Brigadeiro Trompowsky Airport,Varginha,BR,Brazil,medium_airport,"-21.591375, -45.474116"
VAL,Valença Airport,Valença,BR,Brazil,small_airport,"-13.2965, -38.992401"
VCC,Vacaria Airport,Vacaria,BR,Brazil,small_airport,"-28.43248, -51.023322"
VCP,Viracopos International Airport,Campinas,BR,Brazil,medium_airport,"-23.007404, -47.134502"
VDC,Glauber de Andrade Rocha Airport,Vitória da Conquista,BR,Brazil,medium_airport,"-14.907885, -40.914804"
VIA,Videira Airport,Videira,BR,Brazil,small_airport,"-26.999701, -51.141899"
VIX,Eurico de Aguiar Salles Airport,Vitória,BR,Brazil,large_airport,"-20.258, -40.285"
VLP,Vila Rica Airport,Vila Rica,BR,Brazil,small_airport,"-9.979444, -51.142223"
VOT,Domingos Pignatari Airport,Votuporanga,BR,Brazil,small_airport,"-20.458426, -50.003134"
VRZ,Padre Israel Airport,Lavras,BR,Brazil,small_airport,"-21.240601, -44.963902"
XAP,Serafin Enoss Bertaso Airport,Chapecó,BR,Brazil,medium_airport,"-27.134199, -52.656601"
XIG,Xinguara Municipal Airport,Xinguara,BR,Brazil,small_airport,"-7.0906, -49.9765"
ZMD,Sena Madureira Airport,Sena Madureira,BR,Brazil,small_airport,"-9.116, -68.6108"
ASD,Andros Town Airport,Andros Town,BS,Bahamas,medium_airport,"24.697901, -77.795601"
ATC,Arthur's Town Airport,Arthur's Town,BS,Bahamas,medium_airport,"24.6294, -75.673797"
AXP,Spring Point Airport,Spring Point,BS,Bahamas,medium_airport,"22.441799, -73.970901"
BIM,South Bimini Airport,South Bimini,BS,Bahamas,medium_airport,"25.6998996735, -79.2647018433"
CCZ,Chub Cay Airport,Chub Cay,BS,Bahamas,medium_airport,"25.417101, -77.880898"
CRI,Colonel Hill Airport,Colonel Hill,BS,Bahamas,medium_airport,"22.7456, -74.182404"
CXY,Cat Cay Airport,North Cat Cay,BS,Bahamas,small_airport,"25.554425, -79.275404"
DCT,Duncan Town Airport,Duncan Town,BS,Bahamas,medium_airport,"22.181801, -75.7295"
ELH,North Eleuthera Airport,North Eleuthera,BS,Bahamas,medium_airport,"25.474899292, -76.6835021973"
FPO,Grand Bahama International Airport,Freeport,BS,Bahamas,medium_airport,"26.5587005615, -78.695602417"
GGT,Exuma International Airport,Moss Town,BS,Bahamas,medium_airport,"23.562599, -75.877998"
GHB,Governor's Harbour Airport,Governor's Harbour,BS,Bahamas,medium_airport,"25.2847, -76.331001"
GHC,Great Harbour Cay Airport,Bullocks Harbour,BS,Bahamas,medium_airport,"25.7383, -77.840103"
IGA,Inagua Airport,Matthew Town,BS,Bahamas,medium_airport,"20.975, -73.666901"
LGI,Deadman's Cay Airport,Deadman's Cay,BS,Bahamas,medium_airport,"23.1790008545, -75.09359741210001"
MAY,Clarence A. Bain Airport,Mangrove Cay,BS,Bahamas,medium_airport,"24.287701, -77.684601"
MHH,Leonard M Thompson International Airport,Marsh Harbour,BS,Bahamas,medium_airport,"26.510711, -77.084262"
MYG,Mayaguana Airport,Abraham Bay Settlement,BS,Bahamas,medium_airport,"22.379499, -73.013494"
NAS,Lynden Pindling International Airport,Nassau,BS,Bahamas,large_airport,"25.039, -77.466202"
NMC,Normans Cay Airport,Normans Cay,BS,Bahamas,medium_airport,"24.594299, -76.820198"
PWN,Pitts Town Airport,Pitts Town,BS,Bahamas,small_airport,"22.8297, -74.3461"
RCY,Rum Cay International Airport,Port Nelson,BS,Bahamas,small_airport,"23.68344, -74.836302"
RSD,Rock Sound Airport,Rock Sound,BS,Bahamas,medium_airport,"24.8950787333, -76.1768817902"
SAQ,San Andros Airport,Andros Island,BS,Bahamas,medium_airport,"25.053800582885742, -78.04900360107422"
SML,Stella Maris Airport,Stella Maris,BS,Bahamas,medium_airport,"23.582317, -75.268621"
TBI,New Bight Airport,Cat Island,BS,Bahamas,medium_airport,"24.3153, -75.452301"
TCB,Treasure Cay Airport,Treasure Cay,BS,Bahamas,medium_airport,"26.745300293, -77.3912963867"
TYM,Staniel Cay Airport,Staniel Cay,BS,Bahamas,medium_airport,"24.1691, -76.439102"
TZN,Congo Town Airport,Andros,BS,Bahamas,medium_airport,"24.158701, -77.589798"
WKR,Walkers Cay Airport,Walkers Cay,BS,Bahamas,small_airport,"27.259656, -78.400455"
WTD,West End Airport,West End,BS,Bahamas,small_airport,"26.685301, -78.974998"
ZSA,San Salvador Airport,San Salvador,BS,Bahamas,medium_airport,"24.063299, -74.524002"
BUT,Bathpalathang Airport,Jakar,BT,Bhutan,small_airport,"27.5622, 90.7471"
GLU,Gelephu Airport,Gelephu,BT,Bhutan,medium_airport,"26.88456, 90.46412"
PBH,Paro International Airport,Paro,BT,Bhutan,medium_airport,"27.4032, 89.424599"
YON,Yongphulla Airport,Yongphulla,BT,Bhutan,small_airport,"27.25627, 91.514633"
BBK,Kasane Airport,Kasane,BW,Botswana,medium_airport,"-17.832899, 25.162399"
FRW,P G Matante Intl,Francistown,BW,Botswana,medium_airport,"-21.15914, 27.468545"
GBE,Sir Seretse Khama International Airport,Gaborone,BW,Botswana,large_airport,"-24.555201, 25.9182"
GNZ,Ghanzi Airport,Ghanzi,BW,Botswana,small_airport,"-21.692499, 21.6581"
HUK,Hukuntsi Airport,Hukuntsi,BW,Botswana,small_airport,"-23.9897, 21.758101"
JWA,Jwaneng Airport,Jwaneng,BW,Botswana,medium_airport,"-24.602301, 24.691"
KHW,Khwai River Lodge Airport,Khwai River Lodge,BW,Botswana,small_airport,"-19.149477, 23.787937"
LOQ,Lobatse Airport,Lobatse,BW,Botswana,small_airport,"-25.1981, 25.7139"
MUB,Maun Airport,Maun,BW,Botswana,medium_airport,"-19.970491, 23.431409"
ORP,Orapa Airport,Orapa,BW,Botswana,small_airport,"-21.265901, 25.319667"
PKW,Selebi Phikwe Airport,Selebi Phikwe,BW,Botswana,medium_airport,"-22.0583, 27.8288"
QPH,Palapye Airport,Palapye,BW,Botswana,small_airport,"-22.564087, 27.136745"
SVT,Savuti Airport,Savuti,BW,Botswana,small_airport,"-18.518475, 24.077687"
SWX,Shakawe Airport,Shakawe,BW,Botswana,small_airport,"-18.373899459838867, 21.832599639892578"
SXN,Sua Pan Airport,Sowa,BW,Botswana,medium_airport,"-20.5534, 26.115801"
TBY,Tshabong Airport,Tshabong,BW,Botswana,small_airport,"-26.034524, 22.401252"
TLD,Tuli Lodge Airport,Tuli Lodge,BW,Botswana,small_airport,"-22.191897, 29.131229"
BQT,Brest Airport,Brest,BY,Belarus,medium_airport,"52.108299, 23.8981"
GME,Gomel Airport,Gomel,BY,Belarus,medium_airport,"52.527000427246094, 31.016700744628906"
GNA,Hrodna Airport,Hrodna,BY,Belarus,medium_airport,"53.602001, 24.053801"
MSQ,Minsk National Airport,Minsk,BY,Belarus,large_airport,"53.888071, 28.039964"
MVQ,Mogilev Airport,Mogilev,BY,Belarus,medium_airport,"53.954898834228516, 30.09510040283203"
TXC,Orsha Airport - Balbasovo Air Base,Orsha,BY,Belarus,medium_airport,"54.439999, 30.2967"
VTB,Vitebsk Vostochny Airport,Vitebsk,BY,Belarus,medium_airport,"55.126499176025, 30.349599838257"
BCV,Hector Silva Airstrip,Belmopan,BZ,Belize,small_airport,"17.269603, -88.776496"
BGK,Big Creek Airport,Big Creek,BZ,Belize,small_airport,"16.519369, -88.407913"
BZE,Philip S. W. Goldson International Airport,Belize City,BZ,Belize,large_airport,"17.539951, -88.303556"
CUK,Caye Caulker Airport,Caye Caulker,BZ,Belize,medium_airport,"17.735015, -88.032862"
CYC,Caye Chapel Airport,Caye Chapel,BZ,Belize,medium_airport,"17.683792, -88.044985"
CYD,San Ignacio Town (Maya Flats) Airstrip,Maya Flats,BZ,Belize,small_airport,"17.104872, -89.101129"
CZH,Corozal Airport,Corozal,BZ,Belize,medium_airport,"18.3822, -88.411903"
DGA,Dangriga Airport,Dangriga,BZ,Belize,medium_airport,"16.98251, -88.230988"
INB,Independence Airport,Independence,BZ,Belize,small_airport,"16.53456, -88.441615"
MDB,Melinda Airport,Melinda,BZ,Belize,small_airport,"17.004299, -88.304199"
MZE,Manatee Airport,,BZ,Belize,small_airport,"17.27846, -89.0238"
ORZ,H.E Alfredo Martinez (Tower Hill) Airstrip,Orange Walk,BZ,Belize,small_airport,"18.046767, -88.583858"
PLJ,Placencia Airport,Placencia,BZ,Belize,medium_airport,"16.536957, -88.361511"
PND,Punta Gorda Airport,Punta Gorda,BZ,Belize,medium_airport,"16.1024, -88.808296"
SJX,Sartaneja Airport,Sartaneja,BZ,Belize,medium_airport,"18.3561, -88.130798"
SPR,John Greif II Airport,San Pedro,BZ,Belize,medium_airport,"17.9139, -87.9711"
SQS,Matthew Spain Airport,Spanish Lookout,BZ,Belize,small_airport,"17.185898, -89.009936"
STU,Santa Cruz Airport,Santa Cruz,BZ,Belize,small_airport,"18.2721004486084, -88.456298828125"
SVK,Silver Creek Airport,Silver Creek,BZ,Belize,small_airport,"16.728338, -88.369174"
TZA,Sir Barry Bowen Municipal Airport,Belize City,BZ,Belize,medium_airport,"17.517239, -88.195775"
AKV,Akulivik Airport,Akulivik,CA,Canada,small_airport,"60.8186, -78.148598"
CFM,Conklin (Leismer) Airport,Conklin,CA,Canada,small_airport,"55.695301, -111.278999"
CFQ,Creston Valley Regional Airport - Art Sutcliffe Field,Creston,CA,Canada,small_airport,"49.03689956665, -116.49800109863"
CJH,Chilko Lake (Tsylos Park Lodge) Airport,Chilko Lake,CA,Canada,small_airport,"51.625797, -124.144478"
DAS,Great Bear Lake Airport,Great Bear Lake,CA,Canada,small_airport,"66.703053, -119.716816"
DGF,Douglas Lake Airport,Douglas Lake,CA,Canada,small_airport,"50.1654600485, -120.171273351"
DUQ,Duncan Airport,Duncan,CA,Canada,small_airport,"48.754534, -123.709702"
DVK,Diavik Airport,Diavik,CA,Canada,small_airport,"64.5113983154, -110.289001465"
GHK,Gahcho Kue,Kennedy Lake,CA,Canada,small_airport,"63.435198, -109.144812"
GSL,Taltheilei Narrows Airport,Taltheilei Narrows,CA,Canada,small_airport,"62.5980987549, -111.542999268"
HZP,Fort Mackay / Horizon Airport,Fort Mackay,CA,Canada,small_airport,"57.381699, -111.700996"
ILF,Ilford Airport,Ilford,CA,Canada,small_airport,"56.051622, -95.61882"
JHL,Fort MacKay/Albian Aerodrome,Albian Village,CA,Canada,small_airport,"57.223899841299996, -111.418998718"
JOJ,Doris Lake,Hope Bay,CA,Canada,small_airport,"68.1252746582, -106.585281372"
KES,Kelsey Airport,Kelsey,CA,Canada,medium_airport,"56.0374984741, -96.50969696039999"
KEW,Keewaywin Airport,Keewaywin,CA,Canada,small_airport,"52.9911, -92.836403"
KFM,Kirby Lake Airport,Kirby Lake,CA,Canada,small_airport,"55.355598, -110.637001"
KIF,Kingfisher Lake Airport,Kingfisher Lake,CA,Canada,small_airport,"53.01250076293945, -89.85530090332031"
LAK,Aklavik/Freddie Carmichael Airport,Aklavik,CA,Canada,small_airport,"68.223297, -135.00599"
LRQ,Laurie River Airport,Laurie River,CA,Canada,small_airport,"56.2486000061, -101.304000854"
MSA,Muskrat Dam Airport,Muskrat Dam,CA,Canada,small_airport,"53.441399, -91.762802"
NML,Fort McMurray / Mildred Lake Airport,Fort McMurray,CA,Canada,small_airport,"57.0555992126, -111.573997498"
PFM,Primrose Airport,Primrose,CA,Canada,small_airport,"55.390002, -111.1198"
PIW,Pikwitonei Airport,Pikwitonei,CA,Canada,medium_airport,"55.58890151977539, -97.16419982910156"
QBC,Bella Coola Airport,Bella Coola,CA,Canada,medium_airport,"52.387501, -126.596001"
SSQ,La Sarre Airport,La Sarre,CA,Canada,small_airport,"48.917198181152, -79.178596496582"
SUR,Summer Beaver Airport,Summer Beaver,CA,Canada,small_airport,"52.70859909057617, -88.54190063476562"
TIL,Cheadle Airport,Cheadle,CA,Canada,small_airport,"51.057498931885, -113.62400054932"
TNS,Tungsten (Cantung) Airport,Tungsten,CA,Canada,small_airport,"61.956901550293, -128.20300292969"
TUX,Tumbler Ridge Airport,Tumbler Ridge,CA,Canada,small_airport,"55.025001525879, -120.93499755859"
UZM,Hope Bay Aerodrome,Hope Bay,CA,Canada,small_airport,"68.156, -106.618"
WNN,Wunnumin Lake Airport,Wunnumin Lake,CA,Canada,small_airport,"52.893902, -89.2892"
WPC,Pincher Creek Airport,Pincher Creek,CA,Canada,medium_airport,"49.520429, -113.997002"
XBE,Bearskin Lake Airport,Bearskin Lake,CA,Canada,small_airport,"53.965599060058594, -91.0271987915039"
XBR,Brockville - Thousand Islands Regional Tackaberry Airport,Brockville,CA,Canada,small_airport,"44.6394004822, -75.7502975464"
XCL,Cluff Lake Airport,Cluff Lake,CA,Canada,small_airport,"58.3911018372, -109.51599884"
XCM,Chatham Kent Airport,Chatham-Kent,CA,Canada,small_airport,"42.3064002991, -82.0819015503"
XGR,Kangiqsualujjuaq (Georges River) Airport,Kangiqsualujjuaq,CA,Canada,small_airport,"58.711399, -65.992798"
XKS,Kasabonika Airport,Kasabonika,CA,Canada,medium_airport,"53.52470016479492, -88.6427993774414"
XLB,Lac Brochet Airport,Lac Brochet,CA,Canada,small_airport,"58.614279, -101.468954"
XMP,Macmillan Pass Airport,Macmillan Pass,CA,Canada,small_airport,"63.181098938, -130.20199585"
XPK,Pukatawagan Airport,Pukatawagan,CA,Canada,small_airport,"55.749199, -101.265999"
XPP,Poplar River Airport,Poplar River,CA,Canada,small_airport,"52.996526, -97.274194"
XQU,Qualicum Beach Airport,Qualicum Beach,CA,Canada,medium_airport,"49.337456, -124.393086"
XRR,Ross River Airport,Ross River,CA,Canada,medium_airport,"61.9706001282, -132.42300415"
XSI,South Indian Lake Airport,South Indian Lake,CA,Canada,small_airport,"56.792801, -98.907204"
XTL,Tadoule Lake Airport,Tadoule Lake,CA,Canada,small_airport,"58.706308, -98.511057"
YAA,Anahim Lake Airport,Anahim Lake,CA,Canada,medium_airport,"52.451501, -125.303776"
YAB,Arctic Bay Airport,Arctic Bay,CA,Canada,small_airport,"73.006101, -85.04616"
YAC,Cat Lake Airport,Cat Lake,CA,Canada,small_airport,"51.7272, -91.824402"
YAG,Fort Frances Municipal Airport,Fort Frances,CA,Canada,medium_airport,"48.655749, -93.44349"
YAH,La Grande-4 Airport,La Grande-4,CA,Canada,medium_airport,"53.754699707, -73.6753005981"
YAL,Alert Bay Airport,Alert Bay,CA,Canada,small_airport,"50.582199, -126.916"
YAM,Sault Ste Marie Airport,Sault Ste Marie,CA,Canada,medium_airport,"46.483216, -84.508467"
YAR,La Grande-3 Airport,La Grande-3,CA,Canada,small_airport,"53.5717010498, -76.19640350339999"
YAT,Attawapiskat Airport,Attawapiskat,CA,Canada,small_airport,"52.927502, -82.4319"
YAU,Donaldson Airport,Kattiniq,CA,Canada,small_airport,"61.6622009277, -73.3214035034"
YAX,Wapekeka Airport,Angling Lake,CA,Canada,small_airport,"53.84920120239258, -89.57939910888672"
YAY,St. Anthony Airport,St. Anthony,CA,Canada,medium_airport,"51.391909, -56.08321"
YAZ,Tofino / Long Beach Airport,Tofino,CA,Canada,medium_airport,"49.079833, -125.775583"
YBA,Banff Airport,Banff,CA,Canada,small_airport,"51.208222, -115.540624"
YBB,Kugaaruk Airport,Kugaaruk,CA,Canada,small_airport,"68.535711, -89.805508"
YBC,Baie-Comeau Airport,Baie-Comeau,CA,Canada,medium_airport,"49.1325, -68.204399"
YBE,Uranium City Airport,Uranium City,CA,Canada,small_airport,"59.561401, -108.481003"
YBG,CFB Bagotville / Saguenay-Bagotville Airport,La Baie,CA,Canada,medium_airport,"48.331908, -70.992909"
YBI,Black Tickle Airport,Black Tickle,CA,Canada,small_airport,"53.469836, -55.787501"
YBK,Baker Lake Airport,Baker Lake,CA,Canada,medium_airport,"64.29889678960001, -96.077796936"
YBL,Campbell River Airport,Campbell River,CA,Canada,medium_airport,"49.950802, -125.271004"
YBO,Bob Quinn Lake Airport,Bob Quinn Lake,CA,Canada,small_airport,"56.966702, -130.25"
YBR,Brandon Municipal Airport,Brandon,CA,Canada,medium_airport,"49.91, -99.951897"
YBS,Opapimiskan Lake Airport,Opapimiskan Lake,CA,Canada,small_airport,"52.6067008972, -90.3768997192"
YBT,Brochet Airport,Brochet,CA,Canada,small_airport,"57.8894, -101.679001"
YBV,Berens River Airport,Berens River,CA,Canada,small_airport,"52.358898, -97.018303"
YBX,Lourdes-de-Blanc-Sablon Airport,Blanc-Sablon,CA,Canada,medium_airport,"51.4436, -57.185299"
YBY,Bonnyville Airport,Bonnyville,CA,Canada,medium_airport,"54.304199, -110.744003"
YCA,Courtenay Airpark,Courtenay,CA,Canada,small_airport,"49.679237, -124.98064"
YCB,Cambridge Bay Airport,Cambridge Bay,CA,Canada,medium_airport,"69.1081008911, -105.138000488"
YCC,Cornwall Regional Airport,Cornwall,CA,Canada,medium_airport,"45.092637, -74.567724"
YCD,Nanaimo Airport,Nanaimo,CA,Canada,medium_airport,"49.05497, -123.869863"
YCE,Centralia / James T. Field Memorial Aerodrome,Huron Park,CA,Canada,medium_airport,"43.285599, -81.508301"
YCG,Castlegar/West Kootenay Regional Airport,Castlegar,CA,Canada,medium_airport,"49.296398, -117.632004"
YCH,Miramichi Airport,Miramichi,CA,Canada,medium_airport,"47.007801, -65.449203"
YCK,Tommy Kochon Airport,Colville Lake,CA,Canada,small_airport,"67.02, -126.126"
YCL,Charlo Airport,Charlo,CA,Canada,medium_airport,"47.990799, -66.330299"
YCM,Niagara District Airport,Niagara-on-the-Lake,CA,Canada,medium_airport,"43.191598, -79.171686"
YCN,Cochrane Airport,Cochrane,CA,Canada,medium_airport,"49.10559844970703, -81.01360321044922"
YCO,Kugluktuk Airport,Kugluktuk,CA,Canada,small_airport,"67.816408, -115.14307"
YCQ,Chetwynd Airport,Chetwynd,CA,Canada,medium_airport,"55.687198638916016, -121.62699890136719"
YCR,Cross Lake (Charlie Sinclair Memorial) Airport,Cross Lake,CA,Canada,small_airport,"54.609758, -97.762442"
YCS,Chesterfield Inlet Airport,Chesterfield Inlet,CA,Canada,small_airport,"63.346901, -90.731102"
YCT,Coronation Airport,Coronation,CA,Canada,small_airport,"52.0750007629, -111.444999695"
YCW,Chilliwack Airport,Chilliwack,CA,Canada,small_airport,"49.153157, -121.939309"
YCY,Clyde River Airport,Clyde River,CA,Canada,small_airport,"70.486099, -68.516701"
YCZ,Fairmont Hot Springs Airport,Fairmont Hot Springs,CA,Canada,small_airport,"50.331052, -115.873739"
YDA,Dawson City Airport,Dawson City,CA,Canada,medium_airport,"64.04309844970703, -139.1280059814453"
YDB,Burwash Airport,Burwash Landing,CA,Canada,medium_airport,"61.371101, -139.041"
YDC,Drayton Valley Industrial Airport,Drayton Valley,CA,Canada,small_airport,"53.265800476074, -114.95999908447"
YDF,Deer Lake Airport,Deer Lake,CA,Canada,medium_airport,"49.2108, -57.391399"
YDG,Digby / Annapolis Regional Airport,Digby,CA,Canada,medium_airport,"44.5458450365, -65.7854247093"
YDJ,Hatchet Lake Airport,Hatchet Lake,CA,Canada,small_airport,"58.662498474121, -103.53800201416"
YDL,Dease Lake Airport,Dease Lake,CA,Canada,small_airport,"58.422199, -130.031998"
YDN,Dauphin Barker Airport,Dauphin,CA,Canada,medium_airport,"51.1008, -100.052002"
YDO,Dolbeau-Saint-Felicien Airport,Dolbeau-Saint-Felicien,CA,Canada,medium_airport,"48.7785, -72.375"
YDP,Nain Airport,Nain,CA,Canada,small_airport,"56.550778, -61.682224"
YDQ,Dawson Creek Airport,Dawson Creek,CA,Canada,medium_airport,"55.741245, -120.183263"
YDT,Boundary Bay Airport,Delta,CA,Canada,medium_airport,"49.0742, -123.012001"
YDU,Kasba Lake Airport,Kasba Lake,CA,Canada,small_airport,"60.291900634766, -102.50199890137"
YDV,Bloodvein River Airport,Bloodvein River,CA,Canada,small_airport,"51.784568, -96.692305"
YDW,North of Sixty Airport,Obre Lake,CA,Canada,small_airport,"60.316398620605, -103.12899780273"
YEB,Bar River Airport,Echo Bay,CA,Canada,small_airport,"46.421233, -84.096478"
YEG,Edmonton International Airport,Edmonton,CA,Canada,large_airport,"53.3097, -113.580002"
YEK,Arviat Airport,Arviat,CA,Canada,small_airport,"61.0942, -94.070801"
YEL,Elliot Lake Municipal Airport,Elliot Lake,CA,Canada,medium_airport,"46.351398468, -82.5614013672"
YEM,Manitoulin East Municipal Airport,Sheguiandah,CA,Canada,medium_airport,"45.842435, -81.857595"
YEN,Estevan Airport,Estevan,CA,Canada,medium_airport,"49.2103004456, -102.966003418"
YER,Fort Severn Airport,Fort Severn,CA,Canada,small_airport,"56.018902, -87.676102"
YET,Edson Airport,Edson,CA,Canada,medium_airport,"53.578899383499994, -116.464996338"
YEU,Eureka Airport,Eureka,CA,Canada,small_airport,"79.9946975708, -85.814201355"
YEV,Inuvik Mike Zubko Airport,Inuvik,CA,Canada,medium_airport,"68.30419921880001, -133.483001709"
YEY,Amos/Magny Airport,Amos,CA,Canada,medium_airport,"48.563903, -78.249702"
YFA,Fort Albany Airport,Fort Albany,CA,Canada,small_airport,"52.203451, -81.695194"
YFB,Iqaluit Airport,Iqaluit,CA,Canada,medium_airport,"63.756402, -68.555801"
YFC,Fredericton Airport,Fredericton,CA,Canada,medium_airport,"45.868900299072266, -66.53720092773438"
YFE,Forestville Airport,Forestville,CA,Canada,medium_airport,"48.74610137939453, -69.09719848632812"
YFG,Fontanges Airport,Fontanges,CA,Canada,small_airport,"54.553901672363, -71.173301696777"
YFH,Fort Hope Airport,Fort Hope,CA,Canada,small_airport,"51.561901, -87.907799"
YFI,Fort Mackay / Firebag,Suncor Energy Site,CA,Canada,small_airport,"57.275833, -110.976666"
YFJ,Wekweètì Airport,Wekweètì,CA,Canada,small_airport,"64.190804, -114.077002"
YFO,Flin Flon Airport,Flin Flon,CA,Canada,small_airport,"54.678101, -101.681999"
YFR,Fort Resolution Airport,Fort Resolution,CA,Canada,medium_airport,"61.1808013916, -113.690002441"
YFS,Fort Simpson Airport,Fort Simpson,CA,Canada,medium_airport,"61.76020050048828, -121.23699951171875"
YFX,St. Lewis (Fox Harbour) Airport,St. Lewis,CA,Canada,small_airport,"52.372799, -55.673901"
YGB,Texada Gillies Bay Airport,Texada,CA,Canada,small_airport,"49.694341, -124.518099"
YGH,Fort Good Hope Airport,Fort Good Hope,CA,Canada,small_airport,"66.240658, -128.647757"
YGK,Kingston Norman Rogers Airport,Kingston,CA,Canada,medium_airport,"44.2253, -76.596901"
YGL,La Grande Rivière Airport,La Grande Rivière,CA,Canada,medium_airport,"53.625301361083984, -77.7042007446289"
YGM,Gimli Industrial Park Airport,Gimli,CA,Canada,medium_airport,"50.62810134887695, -97.04329681396484"
YGO,Gods Lake Narrows Airport,Gods Lake Narrows,CA,Canada,small_airport,"54.55768, -94.490061"
YGP,Michel-Pouliot Gaspé Airport,Gaspé,CA,Canada,medium_airport,"48.774915, -64.481893"
YGQ,Geraldton Greenstone Regional Airport,Geraldton,CA,Canada,medium_airport,"49.77830123901367, -86.93939971923828"
YGR,Îles-de-la-Madeleine Airport,Les Îles-de-la-Madeleine,CA,Canada,medium_airport,"47.425242, -61.778612"
YGT,Igloolik Airport,Igloolik,CA,Canada,small_airport,"69.3647, -81.816101"
YGV,Havre-Saint-Pierre Airport,Havre-Saint-Pierre,CA,Canada,medium_airport,"50.281898, -63.611401"
YGW,Kuujjuarapik Airport,Kuujjuarapik,CA,Canada,medium_airport,"55.281898498535156, -77.76529693603516"
YGX,Gillam Airport,Gillam,CA,Canada,small_airport,"56.35712, -94.711504"
YGZ,Grise Fiord Airport,Grise Fiord,CA,Canada,small_airport,"76.425823, -82.908583"
YHA,Port Hope Simpson Airport,Port Hope Simpson,CA,Canada,small_airport,"52.528099060058594, -56.28609848022461"
YHB,Hudson Bay Airport,Hudson Bay,CA,Canada,small_airport,"52.8166999817, -102.310997009"
YHD,Dryden Regional Airport,Dryden,CA,Canada,medium_airport,"49.831699, -92.744202"
YHE,Hope Airport / FVRD Regional Airpark,Hope,CA,Canada,small_airport,"49.368865, -121.49495"
YHF,Hearst René Fontaine Municipal Airport,Hearst,CA,Canada,medium_airport,"49.71419906616211, -83.68609619140625"
YHG,Charlottetown Airport,Charlottetown,CA,Canada,small_airport,"52.765774, -56.11237"
YHI,Ulukhaktok Holman Airport,Ulukhaktok,CA,Canada,small_airport,"70.762802, -117.806"
YHK,Gjoa Haven Airport,Gjoa Haven,CA,Canada,small_airport,"68.635597, -95.849701"
YHM,John C. Munro Hamilton International Airport,Hamilton,CA,Canada,medium_airport,"43.173599243199995, -79.93499755859999"
YHN,Hornepayne Municipal Airport,Hornepayne,CA,Canada,medium_airport,"49.19309997558594, -84.75890350341797"
YHO,Hopedale Airport,Hopedale,CA,Canada,small_airport,"55.448757, -60.228124"
YHP,Poplar Hill Airport,Poplar Hill,CA,Canada,small_airport,"52.1133, -94.2556"
YHR,Chevery Airport,Chevery,CA,Canada,small_airport,"50.468322, -59.637823"
YHS,Sechelt-Gibsons Airport,Sechelt,CA,Canada,small_airport,"49.460601806599996, -123.71900177"
YHT,Haines Junction Airport,Haines Junction,CA,Canada,medium_airport,"60.7892, -137.546005"
YHU,Montréal / Saint-Hubert Metropolitan Airport,Montréal,CA,Canada,medium_airport,"45.517502, -73.416901"
YHY,Hay River / Merlyn Carter Airport,Hay River,CA,Canada,medium_airport,"60.8396987915, -115.782997131"
YHZ,Halifax / Stanfield International Airport,Halifax,CA,Canada,large_airport,"44.8807983398, -63.5085983276"
YIB,Atikokan Municipal Airport,Atikokan,CA,Canada,medium_airport,"48.7738990784, -91.6386032104"
YIF,St Augustin Airport,St-Augustin,CA,Canada,medium_airport,"51.2117, -58.658298"
YIK,Ivujivik Airport,Ivujivik,CA,Canada,small_airport,"62.417301, -77.925301"
YIO,Pond Inlet Airport,Pond Inlet,CA,Canada,small_airport,"72.689494, -77.968941"
YIV,Island Lake Airport,Island Lake,CA,Canada,medium_airport,"53.857200622558594, -94.65360260009766"
YJA,Jasper Airport,Jasper,CA,Canada,small_airport,"52.996418, -118.060233"
YJF,Fort Liard Airport,Fort Liard,CA,Canada,medium_airport,"60.235801696799996, -123.46900177"
YJN,St Jean Airport,St Jean,CA,Canada,medium_airport,"45.29439926147461, -73.28109741210938"
YJP,Jasper-Hinton Airport,Hinton,CA,Canada,small_airport,"53.319199, -117.752998"
YJT,Dymond Airport,Stephenville,CA,Canada,medium_airport,"48.544201, -58.549999"
YKA,Kamloops John Moose Fulton Field Regional Airport,Kamloops,CA,Canada,medium_airport,"50.703038, -120.448641"
YKC,Collins Bay Airport,Collins Bay,CA,Canada,small_airport,"58.236099243199995, -103.678001404"
YKD,Kincardine Municipal Airport,Kincardine,CA,Canada,medium_airport,"44.201401, -81.606697"
YKE,Knee Lake Airport,Knee Lake,CA,Canada,small_airport,"54.915298, -94.798103"
YKF,Region of Waterloo International Airport,Breslau,CA,Canada,medium_airport,"43.4608, -80.378601"
YKG,Kangirsuk Airport,Kangirsuk,CA,Canada,small_airport,"60.027199, -69.999199"
YKJ,Key Lake Airport,Key Lake,CA,Canada,medium_airport,"57.256099700927734, -105.61799621582031"
YKL,Schefferville Airport,Schefferville,CA,Canada,medium_airport,"54.805301666259766, -66.8052978515625"
YKQ,Waskaganish Airport,Waskaganish,CA,Canada,small_airport,"51.473301, -78.758301"
YKU,Chisasibi Airport,Chisasibi,CA,Canada,small_airport,"53.805599212646484, -78.91690063476562"
YKX,Kirkland Lake Airport,Kirkland Lake,CA,Canada,medium_airport,"48.21030044555664, -79.98139953613281"
YKY,Kindersley Airport,Kindersley,CA,Canada,medium_airport,"51.5175018311, -109.180999756"
YLB,Lac La Biche Airport,Lac La Biche,CA,Canada,small_airport,"54.7703018188, -112.031997681"
YLC,Kimmirut Airport,Kimmirut,CA,Canada,small_airport,"62.848253, -69.877853"
YLD,Chapleau Airport,Chapleau,CA,Canada,medium_airport,"47.81999969482422, -83.3467025756836"
YLE,Whatì Airport,Whatì,CA,Canada,small_airport,"63.13169860839844, -117.24600219726562"
YLH,Lansdowne House Airport,Lansdowne House,CA,Canada,small_airport,"52.195599, -87.934196"
YLJ,Meadow Lake Airport,Meadow Lake,CA,Canada,medium_airport,"54.125301361083984, -108.52300262451172"
YLK,Barrie-Lake Simcoe Regional Airport,Barrie,CA,Canada,medium_airport,"44.485056, -79.554663"
YLL,Lloydminster Airport,Lloydminster,CA,Canada,medium_airport,"53.3092, -110.072998"
YLP,Mingan Airport,Longue-Pointe-de-Mingan,CA,Canada,small_airport,"50.2869, -64.1528"
YLQ,La Tuque Airport,La Tuque,CA,Canada,small_airport,"47.4096984863, -72.7889022827"
YLR,Leaf Rapids Airport,Leaf Rapids,CA,Canada,medium_airport,"56.513301849365234, -99.98529815673828"
YLS,Lebel-sur-Quevillon Airport,Lebel-sur-Quévillon,CA,Canada,small_airport,"49.0303001404, -77.0171966553"
YLT,Alert Airport,Alert,CA,Canada,medium_airport,"82.517799, -62.280602"
YLW,Kelowna International Airport,Kelowna,CA,Canada,medium_airport,"49.9561, -119.377998"
YLY,Langley Airport,Langley,CA,Canada,medium_airport,"49.1008, -122.630997"
YMA,Mayo Airport,Mayo,CA,Canada,medium_airport,"63.61640167236328, -135.8679962158203"
YMB,Merritt Airport,Merritt,CA,Canada,small_airport,"50.122504, -120.745368"
YME,Matane Airport,Matane,CA,Canada,medium_airport,"48.85689926147461, -67.45330047607422"
YMG,Manitouwadge Airport,Manitouwadge,CA,Canada,medium_airport,"49.083900451660156, -85.86060333251953"
YMH,Mary's Harbour Airport,Mary's Harbour,CA,Canada,small_airport,"52.302837, -55.847433"
YMJ,Moose Jaw Air Vice Marshal C. M. McEwen Airport,Moose Jaw,CA,Canada,medium_airport,"50.330299377441406, -105.55899810791016"
YML,Charlevoix Airport,Charlevoix,CA,Canada,medium_airport,"47.59749984741211, -70.2238998413086"
YMM,Fort McMurray Airport,Fort McMurray,CA,Canada,medium_airport,"56.653301239, -111.222000122"
YMN,Makkovik Airport,Makkovik,CA,Canada,small_airport,"55.077335, -59.187942"
YMO,Moosonee Airport,Moosonee,CA,Canada,medium_airport,"51.291099548339844, -80.60780334472656"
YMP,Port McNeill Airport,Port McNeill,CA,Canada,small_airport,"50.57348, -127.027702"
YMT,Chapais Airport,Chibougamau,CA,Canada,medium_airport,"49.77190017700195, -74.5280990600586"
YMV,Mary River Aerodrome,Mary River,CA,Canada,small_airport,"71.324167, -79.356944"
YMW,Maniwaki Airport,Messines,CA,Canada,small_airport,"46.2728, -75.990601"
YMX,Montreal International (Mirabel) Airport,Montréal,CA,Canada,medium_airport,"45.679501, -74.038696"
YNA,Natashquan Airport,Natashquan,CA,Canada,medium_airport,"50.190114, -61.78898"
YNC,Wemindji Airport,Wemindji,CA,Canada,small_airport,"53.010601, -78.8311"
YND,Ottawa / Gatineau Airport,Gatineau,CA,Canada,medium_airport,"45.521702, -75.563599"
YNE,Norway House Airport,Norway House,CA,Canada,small_airport,"53.958302, -97.8442"
YNH,Hudson's Hope Airport,Hudson's Hope,CA,Canada,small_airport,"56.035142, -121.978326"
YNL,Points North Landing Airport,Points North Landing,CA,Canada,medium_airport,"58.27669906616211, -104.08200073242188"
YNM,Matagami Airport,Matagami,CA,Canada,medium_airport,"49.76169967651367, -77.80280303955078"
YNO,North Spirit Lake Airport,North Spirit Lake,CA,Canada,small_airport,"52.4900016784668, -92.97109985351562"
YNP,Natuashish Airport,Natuashish,CA,Canada,small_airport,"55.913898, -61.184399"
YNS,Nemiscau Airport,Nemiscau,CA,Canada,small_airport,"51.691101, -76.135597"
YNX,Snap Lake Airport,Snap Lake Mine,CA,Canada,small_airport,"63.593601, -110.905998"
YOA,Ekati Airport,Ekati,CA,Canada,medium_airport,"64.6988983154, -110.614997864"
YOC,Old Crow Airport,Old Crow,CA,Canada,small_airport,"67.570602, -139.839005"
YOD,CFB Cold Lake,Cold Lake,CA,Canada,medium_airport,"54.404998779296875, -110.27899932861328"
YOE,Donnelly Airport,Donnelly,CA,Canada,small_airport,"55.7094, -117.094002"
YOG,Ogoki Post Airport,Ogoki Post,CA,Canada,small_airport,"51.6585998535, -85.9017028809"
YOH,Oxford House Airport,Oxford House,CA,Canada,small_airport,"54.9333, -95.2789"
YOI,Opinaca Aerodrome,Éléonore Mine,CA,Canada,small_airport,"52.221944, -76.611944"
YOJ,High Level Airport,High Level,CA,Canada,medium_airport,"58.62139892578125, -117.16500091552734"
YOO,Oshawa Executive Airport,Oshawa,CA,Canada,medium_airport,"43.922798, -78.894997"
YOP,Rainbow Lake Airport,Rainbow Lake,CA,Canada,medium_airport,"58.491402, -119.407997"
YOS,Owen Sound / Billy Bishop Regional Airport,Owen Sound,CA,Canada,medium_airport,"44.5903015137, -80.8375015259"
YOW,Ottawa Macdonald-Cartier International Airport,Ottawa,CA,Canada,large_airport,"45.322498, -75.669197"
YPA,Prince Albert Glass Field,Prince Albert,CA,Canada,medium_airport,"53.214199066199996, -105.672996521"
YPB,Alberni Valley Regional Airport,Port Alberni,CA,Canada,small_airport,"49.321899, -124.931"
YPC,Paulatuk (Nora Aliqatchialuk Ruben) Airport,Paulatuk,CA,Canada,small_airport,"69.360838, -124.07547"
YPD,Parry Sound Area Municipal Airport,Parry Sound,CA,Canada,small_airport,"45.2575, -79.829697"
YPE,Peace River Airport,Peace River,CA,Canada,medium_airport,"56.226898, -117.446999"
YPG,Portage-la-Prairie / Southport Airport,Portage la Prairie,CA,Canada,medium_airport,"49.903099, -98.273817"
YPH,Inukjuak Airport,Inukjuak,CA,Canada,small_airport,"58.471901, -78.076897"
YPJ,Aupaluk Airport,Aupaluk,CA,Canada,small_airport,"59.2967, -69.599701"
YPL,Pickle Lake Airport,Pickle Lake,CA,Canada,medium_airport,"51.4463996887207, -90.21420288085938"
YPM,Pikangikum Airport,Pikangikum,CA,Canada,small_airport,"51.819698, -93.973297"
YPN,Port-Menier Airport,Port-Menier,CA,Canada,medium_airport,"49.836399, -64.288597"
YPO,Peawanuck Airport,Peawanuck,CA,Canada,small_airport,"54.987932, -85.442648"
YPQ,Peterborough Municipal Airport,Peterborough,CA,Canada,medium_airport,"44.23, -78.363297"
YPR,Prince Rupert Airport,Prince Rupert,CA,Canada,medium_airport,"54.286098480199996, -130.445007324"
YPS,Port Hawkesbury Airport,Port Hawkesbury,CA,Canada,medium_airport,"45.6567001343, -61.3680992126"
YPW,Powell River Airport,Powell River,CA,Canada,medium_airport,"49.83420181274414, -124.5"
YPX,Puvirnituq Airport,Puvirnituq,CA,Canada,medium_airport,"60.050598, -77.286903"
YPY,Fort Chipewyan Airport,Fort Chipewyan,CA,Canada,medium_airport,"58.7672004699707, -111.11699676513672"
YPZ,Burns Lake Airport,Burns Lake,CA,Canada,medium_airport,"54.3764, -125.950996"
YQA,Muskoka Airport,Gravenhurst,CA,Canada,medium_airport,"44.975376, -79.306546"
YQB,Quebec Jean Lesage International Airport,Quebec,CA,Canada,large_airport,"46.7911, -71.393303"
YQC,Quaqtaq Airport,Quaqtaq,CA,Canada,small_airport,"61.046398, -69.617798"
YQD,The Pas Airport,The Pas,CA,Canada,medium_airport,"53.97140121459961, -101.09100341796875"
YQF,Red Deer Regional Airport,Springbrook,CA,Canada,medium_airport,"52.182201, -113.893997"
YQG,Windsor Airport,Windsor,CA,Canada,medium_airport,"42.27560043334961, -82.95559692382812"
YQH,Watson Lake Airport,Watson Lake,CA,Canada,medium_airport,"60.116839, -128.821993"
YQI,Yarmouth Airport,Yarmouth,CA,Canada,medium_airport,"43.826900482177734, -66.08809661865234"
YQK,Kenora Airport,Kenora,CA,Canada,medium_airport,"49.788299560546875, -94.36309814453125"
YQL,Lethbridge County Airport,Lethbridge,CA,Canada,medium_airport,"49.6302986145, -112.800003052"
YQM,Greater Moncton Roméo LeBlanc International Airport,Moncton,CA,Canada,medium_airport,"46.112202, -64.678596"
YQN,Nakina Airport,Nakina,CA,Canada,medium_airport,"50.18280029296875, -86.69640350341797"
YQQ,Comox Valley Airport / CFB Comox,Comox,CA,Canada,medium_airport,"49.7108, -124.887001"
YQR,Regina International Airport,Regina,CA,Canada,medium_airport,"50.43190002441406, -104.66600036621094"
YQS,St Thomas Municipal Airport,St Thomas,CA,Canada,medium_airport,"42.77000045776367, -81.11080169677734"
YQT,Thunder Bay Airport,Thunder Bay,CA,Canada,medium_airport,"48.37189865112305, -89.32389831542969"
YQU,Grande Prairie Airport,Grande Prairie,CA,Canada,medium_airport,"55.1796989441, -118.885002136"
YQV,Yorkton Municipal Airport,Yorkton,CA,Canada,medium_airport,"51.26470184326172, -102.46199798583984"
YQW,North Battleford Airport,North Battleford,CA,Canada,medium_airport,"52.769409, -108.243742"
YQX,Gander International Airport / CFB Gander,Gander,CA,Canada,medium_airport,"48.936258, -54.567719"
YQY,Sydney / J.A. Douglas McCurdy Airport,Sydney,CA,Canada,medium_airport,"46.1614, -60.047798"
YQZ,Quesnel Airport,Quesnel,CA,Canada,medium_airport,"53.026100158691406, -122.51000213623047"
YRA,Rae Lakes Airport,Gamètì,CA,Canada,small_airport,"64.116096, -117.309998"
YRB,Resolute Bay Airport,Resolute Bay,CA,Canada,medium_airport,"74.7169036865, -94.9693984985"
YRD,Dean River Airport,Kimsquit Valley,CA,Canada,small_airport,"52.82371, -126.964957"
YRF,Cartwright Airport,Cartwright,CA,Canada,small_airport,"53.682501, -57.042303"
YRG,Rigolet Airport,Rigolet,CA,Canada,small_airport,"54.1796989440918, -58.45750045776367"
YRI,Rivière-du-Loup Airport,Rivière-du-Loup,CA,Canada,medium_airport,"47.764400482177734, -69.58470153808594"
YRJ,Roberval Airport,Roberval,CA,Canada,medium_airport,"48.519665, -72.265735"
YRL,Red Lake Airport,Red Lake,CA,Canada,medium_airport,"51.066898345947266, -93.79309844970703"
YRM,Rocky Mountain House Airport,Rocky Mountain House,CA,Canada,small_airport,"52.4296989441, -114.903999329"
YRO,Ottawa / Rockcliffe Airport,Ottawa,CA,Canada,medium_airport,"45.4603004456, -75.64610290530001"
YRQ,Trois-Rivières Airport,Trois-Rivières,CA,Canada,medium_airport,"46.35279846191406, -72.67939758300781"
YRR,Stuart Island Airstrip,Big Bay,CA,Canada,small_airport,"50.409447, -125.131617"
YRS,Red Sucker Lake Airport,Red Sucker Lake,CA,Canada,small_airport,"54.167198, -93.557198"
YRT,Rankin Inlet Airport,Rankin Inlet,CA,Canada,medium_airport,"62.8114013672, -92.1157989502"
YRV,Revelstoke Airport,Revelstoke,CA,Canada,medium_airport,"50.962245, -118.184258"
YSA,Sable Island Landing Strip,Sable Island,CA,Canada,small_airport,"43.930951, -59.996147"
YSB,Sudbury Airport,Sudbury,CA,Canada,medium_airport,"46.625, -80.79889678955078"
YSC,Sherbrooke Airport,Sherbrooke,CA,Canada,medium_airport,"45.438599, -71.691399"
YSE,Squamish Airport,Squamish,CA,Canada,small_airport,"49.7817001343, -123.162002563"
YSF,Stony Rapids Airport,Stony Rapids,CA,Canada,medium_airport,"59.250301361083984, -105.84100341796875"
YSG,Lutselk'e Airport,Lutselk'e,CA,Canada,small_airport,"62.417823, -110.682793"
YSH,Smiths Falls-Montague (Russ Beach) Airport,Smiths Falls,CA,Canada,medium_airport,"44.945801, -75.940598"
YSJ,Saint John Airport,Saint John,CA,Canada,medium_airport,"45.31610107421875, -65.89029693603516"
YSK,Sanikiluaq Airport,Sanikiluaq,CA,Canada,small_airport,"56.536891, -79.250221"
YSL,Saint-Léonard Airport,Saint-Léonard,CA,Canada,medium_airport,"47.157097, -67.836242"
YSM,Fort Smith Airport,Fort Smith,CA,Canada,medium_airport,"60.020302, -111.961998"
YSN,Shuswap Regional Airport,Salmon Arm,CA,Canada,medium_airport,"50.682802, -119.228996"
YSO,Postville Airport,Postville,CA,Canada,small_airport,"54.9105, -59.78507"
YSP,Marathon Airport,Marathon,CA,Canada,medium_airport,"48.75529861450195, -86.34439849853516"
YST,St. Theresa Point Airport,St. Theresa Point,CA,Canada,small_airport,"53.845261, -94.851966"
YSU,Summerside Airport,Slemon Park,CA,Canada,medium_airport,"46.440601, -63.833599"
YSV,Saglek Airport,Saglek,CA,Canada,small_airport,"58.474312, -62.653999"
YSY,Sachs Harbour (David Nasogaluak Jr. Saaryuaq) Airport,Sachs Harbour,CA,Canada,small_airport,"71.993896, -125.242996"
YTA,Pembroke Airport,Pembroke,CA,Canada,medium_airport,"45.86439895629883, -77.25170135498047"
YTD,Thicket Portage Airport,Thicket Portage,CA,Canada,medium_airport,"55.31890106201172, -97.70780181884766"
YTE,Cape Dorset Airport,Kinngait,CA,Canada,small_airport,"64.230003, -76.526703"
YTF,Alma Airport,Alma,CA,Canada,medium_airport,"48.5089, -71.641899"
YTH,Thompson Airport,Thompson,CA,Canada,medium_airport,"55.80110168457031, -97.86419677734375"
YTL,Big Trout Lake Airport,Big Trout Lake,CA,Canada,small_airport,"53.817799, -89.896896"
YTM,Mont-Tremblant International Airport,La Macaza,CA,Canada,medium_airport,"46.409401, -74.779999"
YTQ,Tasiujaq Airport,Tasiujaq,CA,Canada,small_airport,"58.667801, -69.955803"
YTR,CFB Trenton,Trenton,CA,Canada,medium_airport,"44.118900299072266, -77.5280990600586"
YTS,Timmins/Victor M. Power,Timmins,CA,Canada,medium_airport,"48.569698333699996, -81.376701355"
YTT,Tisdale Airport,Tisdale,CA,Canada,small_airport,"52.836700439453, -104.06700134277"
YTZ,Billy Bishop Toronto City Centre Airport,Toronto,CA,Canada,medium_airport,"43.627499, -79.396202"
YUB,Tuktoyaktuk / James Gruben Airport,Tuktoyaktuk,CA,Canada,small_airport,"69.433296, -133.026001"
YUD,Umiujaq Airport,Umiujaq,CA,Canada,small_airport,"56.536098, -76.518303"
YUL,Montreal / Pierre Elliott Trudeau International Airport,Montréal,CA,Canada,large_airport,"45.467837, -73.742294"
YUT,Naujaat Airport,Repulse Bay,CA,Canada,small_airport,"66.521024, -86.225166"
YUX,Hall Beach Airport,Sanirajak,CA,Canada,medium_airport,"68.7761, -81.2425"
YUY,Rouyn Noranda Airport,Rouyn-Noranda,CA,Canada,medium_airport,"48.20610046386719, -78.83560180664062"
YVB,Bonaventure Airport,Bonaventure,CA,Canada,medium_airport,"48.071098, -65.460297"
YVC,La Ronge Airport,La Ronge,CA,Canada,medium_airport,"55.151401519800004, -105.262001038"
YVE,Vernon Regional Airport,Vernon,CA,Canada,medium_airport,"50.246163, -119.330963"
YVG,Vermilion Airport,Vermilion,CA,Canada,small_airport,"53.357714, -110.827388"
YVM,Qikiqtarjuaq Airport,Qikiqtarjuaq,CA,Canada,small_airport,"67.54656, -64.03141"
YVO,Val-d'Or Airport,Val-d'Or,CA,Canada,medium_airport,"48.0532989502, -77.7827987671"
YVP,Kuujjuaq Airport,Kuujjuaq,CA,Canada,medium_airport,"58.096099853515625, -68.4269027709961"
YVQ,Norman Wells Airport,Norman Wells,CA,Canada,medium_airport,"65.28160095214844, -126.7979965209961"
YVR,Vancouver International Airport,Vancouver,CA,Canada,large_airport,"49.193901062, -123.183998108"
YVT,Buffalo Narrows Airport,Buffalo Narrows,CA,Canada,small_airport,"55.8418998718, -108.417999268"
YVV,Wiarton Airport,Wiarton,CA,Canada,medium_airport,"44.7458, -81.107201"
YVZ,Deer Lake Airport,Deer Lake,CA,Canada,small_airport,"52.655613, -94.061208"
YWA,Petawawa Airport,Petawawa,CA,Canada,medium_airport,"45.95220184326172, -77.31919860839844"
YWB,Kangiqsujuaq (Wakeham Bay) Airport,Kangiqsujuaq,CA,Canada,small_airport,"61.5886, -71.929398"
YWG,Winnipeg / James Armstrong Richardson International Airport,Winnipeg,CA,Canada,large_airport,"49.909999847399995, -97.2398986816"
YWJ,Déline Airport,Déline,CA,Canada,small_airport,"65.211098, -123.435997"
YWK,Wabush Airport,Wabush,CA,Canada,medium_airport,"52.92190170288086, -66.8644027709961"
YWL,Williams Lake Airport,Williams Lake,CA,Canada,medium_airport,"52.1831016541, -122.054000854"
YWM,Williams Harbour Airport,Williams Harbour,CA,Canada,small_airport,"52.567377, -55.784883"
YWP,Webequie Airport,Webequie,CA,Canada,small_airport,"52.959393, -87.374868"
YWY,Wrigley Airport,Wrigley,CA,Canada,medium_airport,"63.20940017700195, -123.43699645996094"
YXC,Cranbrook/Canadian Rockies International Airport,Cranbrook,CA,Canada,medium_airport,"49.610801696777, -115.78199768066"
YXE,Saskatoon John G. Diefenbaker International Airport,Saskatoon,CA,Canada,medium_airport,"52.170799255371094, -106.69999694824219"
YXH,Medicine Hat Regional Airport,Medicine Hat,CA,Canada,medium_airport,"50.018902, -110.721001"
YXJ,Fort St John / North Peace Regional Airport,Fort Saint John,CA,Canada,medium_airport,"56.238098, -120.739998"
YXK,Rimouski Airport,Rimouski,CA,Canada,medium_airport,"48.477644, -68.496323"
YXL,Sioux Lookout Airport,Sioux Lookout,CA,Canada,medium_airport,"50.11389923095703, -91.9052963256836"
YXN,Whale Cove Airport,Whale Cove,CA,Canada,small_airport,"62.240002, -92.598099"
YXP,Pangnirtung Airport,Pangnirtung,CA,Canada,small_airport,"66.144878, -65.713606"
YXQ,Beaver Creek Airport,Beaver Creek,CA,Canada,medium_airport,"62.410301208496094, -140.86700439453125"
YXR,Earlton (Timiskaming Regional) Airport,Earlton,CA,Canada,medium_airport,"47.697400654599996, -79.8473453522"
YXS,Prince George Airport,Prince George,CA,Canada,medium_airport,"53.884311, -122.666554"
YXT,Northwest Regional Airport Terrace-Kitimat,Terrace,CA,Canada,medium_airport,"54.468498, -128.576009"
YXU,London Airport,London,CA,Canada,medium_airport,"43.035599, -81.1539"
YXX,Abbotsford International Airport,Abbotsford,CA,Canada,medium_airport,"49.025299, -122.361"
YXY,Whitehorse / Erik Nielsen International Airport,Whitehorse,CA,Canada,medium_airport,"60.709599, -135.067001"
YXZ,Wawa Airport,Wawa,CA,Canada,medium_airport,"47.96670150756836, -84.78669738769531"
YYB,North Bay Jack Garland Airport,North Bay,CA,Canada,medium_airport,"46.363602, -79.422798"
YYC,Calgary International Airport,Calgary,CA,Canada,large_airport,"51.118822, -114.009933"
YYD,Smithers Airport,Smithers,CA,Canada,medium_airport,"54.82469940185547, -127.18299865722656"
YYE,Fort Nelson Airport,Fort Nelson,CA,Canada,medium_airport,"58.8363990784, -122.597000122"
YYF,Penticton Airport,Penticton,CA,Canada,medium_airport,"49.46310043334961, -119.60199737548828"
YYG,Charlottetown Airport,Charlottetown,CA,Canada,medium_airport,"46.290000915527344, -63.12110137939453"
YYH,Taloyoak Airport,Taloyoak,CA,Canada,small_airport,"69.5467, -93.576698"
YYJ,Victoria International Airport,Victoria,CA,Canada,medium_airport,"48.647201, -123.427792"
YYL,Lynn Lake Airport,Lynn Lake,CA,Canada,medium_airport,"56.86389923095703, -101.07599639892578"
YYM,Cowley Airport,Cowley,CA,Canada,small_airport,"49.636398315399994, -114.09400177"
YYN,Swift Current Airport,Swift Current,CA,Canada,medium_airport,"50.291900634799994, -107.691001892"
YYQ,Churchill Airport,Churchill,CA,Canada,medium_airport,"58.739200592041016, -94.06500244140625"
YYR,Goose Bay Airport,Goose Bay,CA,Canada,medium_airport,"53.3191986084, -60.4258003235"
YYT,St. John's International Airport,St. John's,CA,Canada,large_airport,"47.618599, -52.7519"
YYU,Kapuskasing Airport,Kapuskasing,CA,Canada,medium_airport,"49.411587, -82.469645"
YYW,Armstrong Airport,Armstrong,CA,Canada,medium_airport,"50.29029846191406, -88.90969848632812"
YYY,Mont Joli Airport,Mont-Joli,CA,Canada,medium_airport,"48.60860061645508, -68.20809936523438"
YYZ,Toronto Lester B. Pearson International Airport,Toronto,CA,Canada,large_airport,"43.6772, -79.6306"
YZA,Cache Creek-Ashcroft Regional Airport,Cache Creek,CA,Canada,medium_airport,"50.775258, -121.321314"
YZE,Gore Bay Manitoulin Airport,Gore Bay,CA,Canada,medium_airport,"45.8853, -82.567802"
YZF,Yellowknife International Airport,Yellowknife,CA,Canada,medium_airport,"62.462799, -114.440002"
YZG,Salluit Airport,Salluit,CA,Canada,small_airport,"62.179401, -75.667198"
YZH,Slave Lake Airport,Slave Lake,CA,Canada,medium_airport,"55.292945, -114.777276"
YZP,Sandspit Airport,Sandspit,CA,Canada,medium_airport,"53.25429916379999, -131.813995361"
YZR,Chris Hadfield Airport,Sarnia,CA,Canada,medium_airport,"42.999401, -82.308899"
YZS,Coral Harbour Airport,Coral Harbour,CA,Canada,medium_airport,"64.1932983398, -83.3593978882"
YZT,Port Hardy Airport,Port Hardy,CA,Canada,medium_airport,"50.680599212646484, -127.36699676513672"
YZU,Whitecourt Airport,Whitecourt,CA,Canada,medium_airport,"54.143902, -115.787003"
YZV,Sept-Îles Airport,Sept-Îles,CA,Canada,medium_airport,"50.22330093383789, -66.2656021118164"
YZW,Teslin Airport,Teslin,CA,Canada,medium_airport,"60.17279815673828, -132.7429962158203"
YZX,CFB Greenwood,Greenwood,CA,Canada,medium_airport,"44.98440170288086, -64.91690063476562"
YZZ,Trail Regional Airport,Trail,CA,Canada,small_airport,"49.055599, -117.609001"
ZAC,York Landing Airport,York Landing,CA,Canada,small_airport,"56.089401, -96.089203"
ZBF,Bathurst Airport,South Tetagouche,CA,Canada,medium_airport,"47.6297, -65.738899"
ZBM,Bromont (Roland Désourdy) Airport,Bromont,CA,Canada,medium_airport,"45.290798, -72.741402"
ZEL,Bella Bella (Campbell Island) Airport,Bella Bella,CA,Canada,medium_airport,"52.185001, -128.156994"
ZEM,Eastmain River Airport,Eastmain River,CA,Canada,small_airport,"52.226398, -78.522499"
ZFA,Faro Airport,Faro,CA,Canada,medium_airport,"62.20750045776367, -133.37600708007812"
ZFD,Fond-du-Lac Airport,Fond-du-Lac,CA,Canada,small_airport,"59.3344, -107.181999"
ZFM,Fort Mcpherson Airport,Fort Mcpherson,CA,Canada,small_airport,"67.406993, -134.860182"
ZFN,Tulita Airport,Tulita,CA,Canada,small_airport,"64.909496, -125.570297"
ZFW,Fairview Airport,Fairview,CA,Canada,small_airport,"56.081401825, -118.434997559"
ZGF,Grand Forks Airport,Grand Forks,CA,Canada,medium_airport,"49.015598, -118.431"
ZGI,Gods River Airport,Gods River,CA,Canada,small_airport,"54.839699, -94.078598"
ZGR,Little Grand Rapids Airport,Little Grand Rapids,CA,Canada,small_airport,"52.045417, -95.46617"
ZGS,La Romaine Airport,Le Golfe-du-Saint-Laurent,CA,Canada,small_airport,"50.259553, -60.674357"
ZHP,High Prairie Airport,High Prairie,CA,Canada,small_airport,"55.3936, -116.474998"
ZJG,Jenpeg Airport,Jenpeg,CA,Canada,medium_airport,"54.51890182495117, -98.04609680175781"
ZJN,Swan River Airport,Swan River,CA,Canada,medium_airport,"52.120602, -101.236"
ZKE,Kashechewan Airport,Kashechewan,CA,Canada,small_airport,"52.282501, -81.677803"
ZKG,Kégashka Airport,Côte-Nord-du-Golfe-du-Saint-Laurent,CA,Canada,small_airport,"50.195801, -61.2658"
ZLT,La Tabatière Airport,La Tabatière,CA,Canada,small_airport,"50.8307991027832, -58.97560119628906"
ZMH,South Cariboo Region / 108 Mile Airport,108 Mile,CA,Canada,small_airport,"51.736099243199995, -121.333000183"
ZMT,Masset Airport,Masset,CA,Canada,medium_airport,"54.0275, -132.125"
ZPB,Sachigo Lake Airport,Sachigo Lake,CA,Canada,small_airport,"53.890885, -92.195935"
ZPO,Pinehouse Lake Airport,Pinehouse Lake,CA,Canada,small_airport,"55.5280990601, -106.582000732"
ZRJ,Round Lake (Weagamow Lake) Airport,Round Lake,CA,Canada,small_airport,"52.9436, -91.312798"
ZSJ,Sandy Lake Airport,Sandy Lake,CA,Canada,medium_airport,"53.06420135498047, -93.34439849853516"
ZST,Stewart Airport,Stewart,CA,Canada,medium_airport,"55.935410448, -129.982434511"
ZTB,Tête-à-la-Baleine Airport,Tête-à-la-Baleine,CA,Canada,small_airport,"50.674400329589844, -59.38359832763672"
ZTM,Shamattawa Airport,Shamattawa,CA,Canada,small_airport,"55.86356, -92.081137"
ZUC,Ignace Municipal Airport,Ignace,CA,Canada,medium_airport,"49.428204, -91.720418"
ZUM,Churchill Falls Airport,Churchill Falls,CA,Canada,small_airport,"53.5619010925293, -64.10639953613281"
ZWL,Wollaston Lake Airport,Wollaston Lake,CA,Canada,small_airport,"58.106899, -103.171997"
CCK,Cocos (Keeling) Islands Airport,West Island,CC,CC,medium_airport,"-12.19134, 96.833696"
BAN,Basongo Airport,Basongo,CD,CD,small_airport,"-4.315802, 20.414891"
BDT,Gbadolite Airport,Gbadolite,CD,CD,medium_airport,"4.252745, 20.975271"
BDV,Moba Airport,Moba,CD,CD,small_airport,"-7.08488, 29.737072"
BKY,Bukavu Kavumu Airport,Kamakombe,CD,CD,medium_airport,"-2.30898, 28.8088"
BMB,Bumba Airport,Bumba,CD,CD,small_airport,"2.183261, 22.479572"
BNB,Boende Airport,Boende,CD,CD,small_airport,"-0.286652, 20.883551"
BNC,Beni Airport,Beni,CD,CD,small_airport,"0.575, 29.4739"
BOA,Boma Airport,Boma,CD,CD,small_airport,"-5.854, 13.064"
BSU,Basankusu Airport,Basankusu,CD,CD,small_airport,"1.224789, 19.788097"
BUX,Bunia Airport,Bunia,CD,CD,medium_airport,"1.565743, 30.220685"
BZU,Buta Zega Airport,Buta,CD,CD,medium_airport,"2.818058, 24.793997"
FBM,Lubumbashi International Airport,Lubumbashi,CD,CD,medium_airport,"-11.5913000107, 27.5308990479"
FDU,Bandundu Airport,Bandundu,CD,CD,medium_airport,"-3.31132, 17.381701"
FIH,Ndjili International Airport,Kinshasa,CD,CD,large_airport,"-4.38575, 15.4446"
FKI,Bangoka International Airport,Kisangani,CD,CD,medium_airport,"0.481638997793, 25.3379993439"
FMI,Kalemie Airport,Kalemie,CD,CD,medium_airport,"-5.87556, 29.25"
GMA,Gemena Airport,Gemena,CD,CD,medium_airport,"3.23537, 19.771299"
GOM,Goma International Airport,Goma,NA,Namibia,medium_airport,"-1.66617, 29.237929"
IDF,Idiofa Airport,Idiofa,CD,CD,small_airport,"-4.970605, 19.57867"
IKL,Ikela Airport,Ikela,CD,CD,small_airport,"-1.048109, 23.372501"
INO,Inongo Airport,Inongo,CD,CD,small_airport,"-1.94722, 18.285801"
IRP,Matari Airport,Isiro,CD,CD,medium_airport,"2.82761, 27.588301"
KAP,Kapanga Airport,Kapanga,CD,CD,small_airport,"-8.371157, 22.647457"
KBN,Tunta Airport,Kabinda,CD,CD,small_airport,"-6.120761, 24.546204"
KBO,Kabalo Airport,Kabalo,CD,CD,small_airport,"-6.083, 26.917"
KEC,Kasenga Airport,Kasenga,CD,CD,small_airport,"-10.35, 28.632999"
KGA,Kananga Airport,Kananga,CD,CD,medium_airport,"-5.90005, 22.4692"
KGN,Kasongo-Lunda Airport,Kasongo-Lunda,CD,CD,small_airport,"-6.468027, 16.805012"
KIL,Kilwa Airport,Kilwa,CD,CD,small_airport,"-9.2886, 28.3269"
KKW,Kikwit Airport,Kikwit,CD,CD,medium_airport,"-5.03577, 18.785601"
KLI,Kotakoli Airbase,Kotakoli,CD,CD,small_airport,"4.156991, 21.66667"
KLY,Kinkungwa Airport,Kalima,CD,CD,small_airport,"-2.578, 26.733999"
KMN,Kamina City Airport,Kamina,CD,CD,small_airport,"-8.728878, 24.991407"
KND,Kindu Airport,Kindu,CD,CD,medium_airport,"-2.91917991638, 25.915399551399997"
KNM,Kaniama Airport,Kaniama,CD,CD,small_airport,"-7.599343, 24.158592"
KOO,Kongolo Airport,Kongolo,CD,CD,small_airport,"-5.393898, 26.989932"
KRZ,Kiri Airport,Kiri,CD,CD,small_airport,"-1.499806, 18.928456"
KWZ,Kolwezi Airport,Kolwezi,CD,CD,medium_airport,"-10.7659, 25.505699"
LBO,Lusambo Airport,Lusambo,CD,CD,small_airport,"-4.96167, 23.3783"
LIE,Libenge Airport,Libenge,CD,CD,small_airport,"3.626584, 18.638477"
LIQ,Lisala Airport,Lisala,CD,CD,medium_airport,"2.17066, 21.496901"
LJA,Lodja Airport,Lodja,CD,CD,small_airport,"-3.462745, 23.615162"
LUS,Lusanga Airport,Lusanga,CD,CD,small_airport,"-4.8, 18.716999"
LZA,Luiza Airport,Luiza,CD,CD,small_airport,"-7.189971, 22.39254"
LZI,Luozi Airport,Luozi,CD,CD,small_airport,"-4.943881, 14.123337"
MAT,Tshimpi Airport,Matadi,CD,CD,small_airport,"-5.79961, 13.4404"
MDK,Mbandaka Airport,Mbandaka,CD,CD,medium_airport,"0.0226000007242, 18.2887001038"
MEW,Mweka Airport,Mweka,CD,CD,small_airport,"-4.855027, 21.541786"
MJM,Mbuji Mayi Airport,Mbuji Mayi,CD,CD,medium_airport,"-6.121240139010001, 23.569000244099996"
MNB,Muanda Airport,Muanda,CD,CD,small_airport,"-5.930637, 12.351334"
MNO,Manono Airport,Manono,CD,CD,small_airport,"-7.28889, 27.3944"
MSM,Masi Manimba Airport,Masi Manimba,CD,CD,small_airport,"-4.783, 17.85"
NIO,Nioki Airport,Nioki,CD,CD,small_airport,"-2.717453, 17.685735"
NKL,N'Kolo-Fuma Airport,N'Kolo-Fuma,CD,CD,small_airport,"-5.421, 14.8169"
NLO,Ndolo Airport,N'dolo,CD,CD,medium_airport,"-4.32666015625, 15.327500343323"
PFR,Ilebo Airport,Ilebo,CD,CD,small_airport,"-4.329919, 20.590124"
PUN,Punia Airport,Punia,CD,CD,small_airport,"-1.390698, 26.348146"
PWO,Pweto Airport,Pweto,CD,CD,small_airport,"-8.400768, 28.926285"
RUE,Rughenda Airfield,Butembo,CD,CD,small_airport,"0.117142, 29.312992"
TSH,Tshikapa Airport,Tshikapa,CD,CD,small_airport,"-6.43833, 20.794701"
YAN,Yangambi Airport,Yangambi,CD,CD,small_airport,"0.783, 24.466999"
AIG,Yalinga Airport,Yalinga,CF,CF,small_airport,"6.519999980926514, 23.260000228881836"
BBT,Berbérati Airport,Berbérati,CF,CF,medium_airport,"4.2215800285339355, 15.786399841308594"
BBY,Bambari Airport,Bambari,CF,CF,small_airport,"5.847012, 20.64992"
BCF,Bouca Airport,Bouca,CF,CF,small_airport,"6.517000198364258, 18.267000198364258"
BGF,Bangui M'Poko International Airport,Bangui,CF,CF,medium_airport,"4.39847993850708, 18.518800735473633"
BGU,Bangassou Airport,Bangassou,CF,CF,small_airport,"4.784999847412109, 22.7810001373291"
BIV,Bria Airport,Bria,CF,CF,small_airport,"6.527780055999756, 21.98940086364746"
BMF,Bakouma Airport,Bakouma,CF,CF,small_airport,"5.693999767303467, 22.801000595092773"
BOP,Bouar Airport,Bouar,CF,CF,small_airport,"5.958000183105469, 15.63700008392334"
BOZ,Bozoum Airport,Bozoum,CF,CF,small_airport,"6.344170093536377, 16.3218994140625"
BSN,Bossangoa Airport,Bossangoa,CF,CF,small_airport,"6.492000102996826, 17.429000854492188"
BTG,Batangafo Airport,Batangafo,CF,CF,small_airport,"7.314109802246094, 18.308799743652344"
CRF,Carnot Airport,Carnot,CF,CF,small_airport,"4.936999797821045, 15.894000053405762"
GDI,Gordil Airport,Melle,CF,CF,small_airport,"9.581117, 21.728172"
IMO,Zemio Airport,Zemio,CF,CF,small_airport,"5.002226, 25.101857"
IRO,Birao Airport,Birao,CF,CF,small_airport,"10.23639965057373, 22.716899871826172"
KWD,Kavadja Airport,Kavadja,CF,CF,small_airport,"7.964938, 23.526018"
MKI,M'Boki Airport,Mboki,CF,CF,small_airport,"5.33301019669, 25.931900024399997"
NDL,N'Délé Airport,N'Délé,CF,CF,small_airport,"8.427206039428711, 20.635156631469727"
ODA,Ouadda Airport,Ouadda,CF,CF,small_airport,"8.010560035705566, 22.39859962463379"
ODJ,Ouanda Djallé Airport,Ouanda Djallé,CF,CF,small_airport,"8.899999618530273, 22.783000946044922"
RFA,Rafaï Airport,Rafaï,CF,CF,small_airport,"4.988609790802002, 23.927799224853516"
ANJ,Zanaga Airport,Zanaga,CG,CG,small_airport,"-2.85, 13.817"
BOE,Boundji Airport,Boundji,CG,CG,small_airport,"-1.03104, 15.336009"
BTB,Betou Airport,Betou,CG,CG,small_airport,"3.057593, 18.514433"
BZV,Maya-Maya Airport,Brazzaville,CG,CG,medium_airport,"-4.251699924468994, 15.253000259399414"
DIS,Ngot Nzoungou Airport,Dolisie,CG,CG,medium_airport,"-4.20635, 12.6599"
DJM,Djambala Airport,Djambala,CG,CG,small_airport,"-2.516883, 14.754403"
EWO,Ewo Airport,Ewo,CG,CG,small_airport,"-0.883, 14.8"
FTX,Owando Airport,Owando,CG,CG,medium_airport,"-0.524566, 15.93782"
GMM,Gamboma Airport,Gamboma,CG,CG,small_airport,"-1.829403, 15.885237"
ION,Impfondo Airport,Impfondo,CG,CG,small_airport,"1.589968, 18.046624"
KEE,Kelle Airport,Kelle,CG,CG,small_airport,"-0.071271, 14.506621"
KMK,Makabana Airport,Makabana,CG,CG,small_airport,"-3.483, 12.617"
KNJ,Kindamba Airport,Kindamba,CG,CG,small_airport,"-3.749781, 14.490264"
LCO,Lague Airport,Lague,CG,CG,small_airport,"-2.45, 14.533"
LKC,Lekana Airport,Lekana,CG,CG,small_airport,"-2.313, 14.606"
MKJ,Makoua Airport,Makoua,CG,CG,small_airport,"-0.020842, 15.577746"
MSX,Mossendjo Airport,Mossendjo,CG,CG,small_airport,"-2.95, 12.7"
MUY,Mouyondzi Airport,Mouyondzi,CG,CG,small_airport,"-4.014874, 13.966112"
NKY,Yokangassi Airport,Nkayi,CG,CG,small_airport,"-4.223077, 13.286347"
OKG,Okoyo Airport,Okoyo,CG,CG,small_airport,"-1.4483300447464, 15.073300361633"
OLL,Oyo Ollombo Airport,Oyo,CG,CG,medium_airport,"-1.226666, 15.91"
OUE,Ouesso Airport,,CG,CG,medium_airport,"1.61599, 16.037901"
PNR,Antonio Agostinho-Neto International Airport,Pointe Noire,CG,CG,medium_airport,"-4.81603, 11.8866"
SIB,Sibiti Airport,Sibiti,CG,CG,small_airport,"-3.683, 13.35"
SOE,Souanke Airport,Souanke,CG,CG,small_airport,"1.998326, 14.174217"
ACH,Sankt Gallen Altenrhein Airport,St. Gallen,CH,Switzerland,medium_airport,"47.485001, 9.56077"
BRN,Bern Airport,Bern,CH,Switzerland,medium_airport,"46.912868, 7.498512"
BXO,Buochs Airport,Buochs,CH,Switzerland,small_airport,"46.974444, 8.396944"
EML,Emmen Air Base,Emmen,CH,Switzerland,medium_airport,"47.092444, 8.305184"
GVA,Geneva Cointrin International Airport,Geneva,CH,Switzerland,large_airport,"46.238098, 6.10895"
LUG,Lugano Airport,Agno,CH,Switzerland,medium_airport,"46.004299, 8.91058"
SIR,Sion Airport,Sion,CH,Switzerland,medium_airport,"46.219166, 7.326944"
SMV,Samedan Airport,Samedan,CH,Switzerland,medium_airport,"46.5341, 9.88411"
VIP,Payerne Air Base,Payerne,CH,Switzerland,medium_airport,"46.8432, 6.91506"
ZRH,Zürich Airport,Zurich,CH,Switzerland,large_airport,"47.458056, 8.548056"
ABJ,Félix-Houphouët-Boigny International Airport,Abidjan,CI,CI,medium_airport,"5.26139, -3.92629"
ABO,Aboisso Airport,Aboisso,CI,CI,small_airport,"5.461944, -3.234722"
ASK,Yamoussoukro Airport,Yamoussoukro,CI,CI,medium_airport,"6.9031701088, -5.36558008194"
BBV,Nero-Mer Airport,Grand-Béréby,CI,CI,small_airport,"4.64341306686, -6.923961639400001"
BDK,Soko Airport,Bondoukou,CI,CI,small_airport,"8.01722, -2.76194"
BQO,Bouna Airport,Bouna,CI,CI,small_airport,"9.255556, -3.033333"
BXI,Boundiali Airport,Boundiali,CI,CI,small_airport,"9.540571, -6.469831"
BYK,Bouaké Airport,Bouaké,CI,CI,medium_airport,"7.7388, -5.07367"
DIM,Dimbokro Airport,Dimbokro,CI,CI,small_airport,"6.65167, -4.64056"
DJO,Daloa Airport,,CI,CI,medium_airport,"6.79281, -6.47319"
GGN,Gagnoa Airport,Gagnoa,CI,CI,small_airport,"6.102855, -5.986809"
GGO,Guiglo Airport,Guiglo,CI,CI,small_airport,"6.534711, -7.526847"
HGO,Korhogo Airport,Korhogo,CI,CI,medium_airport,"9.38718, -5.55666"
KEO,Odienne Airport,Odienne,CI,CI,small_airport,"9.539457, -7.56134"
KTC,Katiola Airport,Katiola,CI,CI,small_airport,"8.132858, -5.06487"
MJC,Man Airport,,CI,CI,medium_airport,"7.27207, -7.58736"
OFI,Ouango Fitini Airport,Ouango Fitini,CI,CI,small_airport,"9.6, -4.05"
OGO,Abengourou Airport,Abengourou,CI,CI,small_airport,"6.71556, -3.47028"
SEO,Séguéla Airport,Séguéla,CI,CI,small_airport,"7.96, -6.644167"
SPY,San Pedro Airport,,CI,CI,medium_airport,"4.74672, -6.66082"
TOZ,Mahana Airport,Touba,CI,CI,small_airport,"8.2934, -7.674"
TXU,Tabou Airport,Tabou,CI,CI,small_airport,"4.437809467315674, -7.362728118896484"
ZSS,Sassandra Airport,Sassandra,CI,CI,small_airport,"4.928888, -6.133156"
AIT,Aitutaki Airport,Aitutaki,CK,CK,small_airport,"-18.8309, -159.764008"
AIU,Enua Airport,Atiu Island,CK,CK,small_airport,"-19.96780014038086, -158.11900329589844"
MGS,Mangaia Island Airport,Mangaia Island,CK,CK,small_airport,"-21.895987, -157.906662"
MHX,Manihiki Island Airport,Manihiki Island,CK,CK,small_airport,"-10.376700401306152, -161.0019989013672"
MOI,Mitiaro Island Airport,Mitiaro Island,CK,CK,small_airport,"-19.842501, -157.703003"
MUK,Mauke Airport,Mauke Island,CK,CK,small_airport,"-20.13610076904297, -157.34500122070312"
PYE,Tongareva Airport,Penrhyn Island,CK,CK,small_airport,"-9.01437, -158.03241"
PZK,Pukapuka Island Airport,Pukapuka Atoll,CK,CK,small_airport,"-10.9145, -165.8393"
RAR,Rarotonga International Airport,Avarua,CK,CK,medium_airport,"-21.2027, -159.806"
ANF,Andrés Sabella Gálvez International Airport,Antofagasta,CL,Chile,medium_airport,"-23.444501, -70.445099"
ARI,Chacalluta Airport,Arica,CL,Chile,medium_airport,"-18.348499, -70.338699"
BBA,Balmaceda Airport,Balmaceda,CL,Chile,medium_airport,"-45.915968, -71.689499"
CCH,Chile Chico Airport,Chile Chico,CL,Chile,medium_airport,"-46.5831, -71.686323"
CCP,Carriel Sur Airport,Concepcion,CL,Chile,medium_airport,"-36.772701, -73.063103"
CJC,El Loa Airport,Calama,CL,Chile,medium_airport,"-22.498199, -68.903603"
CNR,Chañaral Airport,Chañaral,CL,Chile,medium_airport,"-26.3325, -70.6073"
COW,Tambillos Airport,Coquimbo,CL,Chile,small_airport,"-30.198889, -71.246944"
CPO,Desierto de Atacama Airport,Copiapo,CL,Chile,medium_airport,"-27.2611999512, -70.7791976929"
CPP,Coposa Airport,Pica,CL,Chile,small_airport,"-20.7505, -68.683502"
DPB,Pampa Guanaco Airport,Bahia Inutil,CL,Chile,small_airport,"-54.049977, -68.809193"
ESR,Ricardo García Posada Airport,El Salvador,CL,Chile,medium_airport,"-26.3111, -69.765198"
FFU,Futaleufú Airport,Futaleufu,CL,Chile,small_airport,"-43.189201, -71.851097"
FRT,El Avellano Airport,Frutillar,CL,Chile,small_airport,"-41.051666, -73.35111"
GXQ,Teniente Vidal Airport,Coyhaique,CL,Chile,medium_airport,"-45.5942, -72.106102"
IPC,Mataveri Airport,Isla De Pascua,CL,Chile,medium_airport,"-27.1648006439, -109.42199707"
IQQ,Diego Aracena Airport,Iquique,CL,Chile,medium_airport,"-20.5352, -70.181297"
KNA,Viña del Mar Airport,Viña del Mar,CL,Chile,medium_airport,"-32.9496, -71.4786"
LGR,Cochrane Airport,Cochrane,CL,Chile,medium_airport,"-47.243591, -72.58815"
LOB,San Rafael Airport,Los Andes,CL,Chile,small_airport,"-32.814201, -70.646698"
LSC,La Florida Airport,La Serena-Coquimbo,CL,Chile,medium_airport,"-29.916201, -71.199501"
LSQ,María Dolores Airport,Los Angeles,CL,Chile,small_airport,"-37.401699, -72.4254"
MHC,Mocopulli Airport,Dalcahue,CL,Chile,small_airport,"-42.340388, -73.715693"
OVL,El Tuqui Airport,Ovalle,CL,Chile,small_airport,"-30.5592, -71.175598"
PMC,El Tepual Airport,Puerto Montt,CL,Chile,medium_airport,"-41.438899993896484, -73.09400177001953"
PNT,Lieutenant Julio Gallardo Airport,Puerto Natales,CL,Chile,medium_airport,"-51.67067, -72.529078"
PUQ,President Carlos Ibañez del Campo International Airport,Punta Arenas,CL,Chile,medium_airport,"-53.002602, -70.854599"
PUX,El Mirador Airport,Puerto Varas,CL,Chile,small_airport,"-41.3494, -72.946701"
PZS,Maquehue Airport,Temuco,CL,Chile,medium_airport,"-38.766799926758, -72.637100219727"
SCL,Comodoro Arturo Merino Benítez International Airport,Santiago,CL,Chile,large_airport,"-33.393001556396484, -70.78579711914062"
SMB,Franco Bianco Airport,Cerro Sombrero,CL,Chile,small_airport,"-52.736698, -69.333603"
SSD,Víctor Lafón Airport,San Felipe,CL,Chile,small_airport,"-32.7458, -70.705002"
TLX,Panguilemo Airport,Talca,CL,Chile,medium_airport,"-35.3778, -71.6017"
TOQ,Barriles Airport,Tocopilla,CL,Chile,medium_airport,"-22.1411, -70.062897"
TTC,Las Breas Airport,Taltal,CL,Chile,medium_airport,"-25.564301, -70.3759"
VAP,Rodelillo Airport,Viña Del Mar,CL,Chile,small_airport,"-33.0681, -71.557503"
VLR,Vallenar Airport,Vallenar,CL,Chile,medium_airport,"-28.596399, -70.755997"
WAP,Alto Palena Airport,Palena,CL,Chile,small_airport,"-43.611492, -71.805452"
WCA,Gamboa Airport,Castro,CL,Chile,small_airport,"-42.490299, -73.772797"
WCH,Nuevo Chaitén Airport,Chaitén,CL,Chile,medium_airport,"-42.781943, -72.834999"
WPA,Cabo Juan Román Airfield,Puerto Aysén,CL,Chile,small_airport,"-45.3992, -72.670303"
WPR,Captain Fuentes Martinez Airport,Porvenir,CL,Chile,medium_airport,"-53.2537, -70.319199"
WPU,Guardia Marina Zañartu Airport,Puerto Williams,CL,Chile,medium_airport,"-54.931099, -67.626297"
YAI,Gral. Bernardo O´Higgins Airport,Chillan,CL,Chile,medium_airport,"-36.5825, -72.031403"
ZAL,Pichoy Airport,Valdivia,CL,Chile,medium_airport,"-39.6500015259, -73.0860977173"
ZCO,La Araucanía Airport,Temuco,CL,Chile,medium_airport,"-38.9259, -72.6515"
ZIC,Victoria Airport,Victoria,CL,Chile,medium_airport,"-38.245602, -72.348602"
ZLR,Municipal de Linares Airport,Linares,CL,Chile,small_airport,"-35.861698, -71.548599"
ZOS,Cañal Bajo Carlos Hott Siebert Airport,Osorno,CL,Chile,medium_airport,"-40.611198, -73.060997"
ZPC,Pucón Airport,Pucon,CL,Chile,small_airport,"-39.292801, -71.915901"
ZUD,Pupelde Airport,Ancud,CL,Chile,small_airport,"-41.904251, -73.796571"
BFX,Bafoussam Airport,Bafoussam,CM,CM,medium_airport,"5.536920070650001, 10.354599952700001"
BLC,Bali Airport,Bali,CM,CM,small_airport,"5.89527777778, 10.0338888889"
BPC,Bamenda Airport,Bamenda,CM,CM,medium_airport,"6.03924, 10.1226"
BTA,Bertoua Airport,Bertoua,CM,CM,small_airport,"4.54861, 13.7261"
DLA,Douala International Airport,Douala,CM,CM,medium_airport,"4.0060801506, 9.719479560849999"
DSC,Dschang Airport,Dschang,CM,CM,small_airport,"5.45, 10.067"
EBW,Ebolowa Airport,Ebolowa,CM,CM,small_airport,"2.875999927520752, 11.1850004196167"
FOM,Foumban Nkounja Airport,Foumban,CM,CM,medium_airport,"5.63692, 10.7508"
GOU,Garoua International Airport,Garoua,CM,CM,medium_airport,"9.33588981628418, 13.370100021362305"
GXX,Yagoua Airport,Yagoua,CM,CM,small_airport,"10.3561, 15.2372"
KBI,Kribi Airport,Kribi,CM,CM,small_airport,"2.8738899231, 9.9777803421"
KLE,Kaélé Airport,Kaélé,CM,CM,small_airport,"10.0925, 14.4456"
MMF,Mamfe Airport,Mamfe,CM,CM,small_airport,"5.70417, 9.30639"
MVR,Salak Airport,Maroua,CM,CM,medium_airport,"10.451399803161621, 14.257399559020996"
NGE,N'Gaoundéré Airport,N'Gaoundéré,CM,CM,medium_airport,"7.3570098876953125, 13.559200286865234"
NSI,Yaoundé Nsimalen International Airport,Yaoundé,CM,CM,medium_airport,"3.72256, 11.5533"
OUR,Batouri Airport,Batouri,CM,CM,small_airport,"4.475, 14.3625"
TKC,Tiko Airport,Tiko,CM,CM,medium_airport,"4.08919000626, 9.360529899600001"
YAO,Yaoundé Airport,Yaoundé,CM,CM,medium_airport,"3.83604, 11.5235"
AAT,Altay Xuedu Airport,Altay,CN,China,medium_airport,"47.749886, 88.085808"
ACF,Aral Tarim Airport,Aral,CN,China,small_airport,"40.434748, 81.26206"
ACX,Xingyi Wanfenglin Airport,Xingyi,CN,China,medium_airport,"25.083423, 104.960804"
AEB,Baise (Bose) Bama Airport,Baise (Tianyang),CN,China,medium_airport,"23.7206, 106.959999"
AEQ,Ar Horqin Airport,Chifeng,CN,China,small_airport,"43.908407, 120.15099"
AHJ,Hongyuan Airport,Ngawa (Hongyuan),CN,China,medium_airport,"32.53154, 102.35224"
AKA,Ankang Fuqiang Airport,Ankang (Hanbin),CN,China,small_airport,"32.75696, 108.87338"
AKU,Aksu Hongqipo Airport,Aksu (Onsu),CN,China,medium_airport,"41.262501, 80.291702"
AOG,Anshan Teng'ao Airport / Anshan Air Base,Anshan,CN,China,medium_airport,"41.105301, 122.853996"
APJ,Ali Pulan Airport,Burang Town,CN,China,medium_airport,"30.3975, 81.138611"
AQG,Anqing Tianzhushan Airport / Anqing North Air Base,Anqing,CN,China,medium_airport,"30.582199, 117.050003"
AVA,Anshun Huangguoshu Airport,Anshun (Xixiu),CN,China,medium_airport,"26.260556, 105.873333"
AXF,Alxa Left Banner Bayanhot Airport,Bayanhot,CN,China,medium_airport,"38.74831, 105.58858"
AYN,Anyang Yindu Airport,Anyang,CN,China,small_airport,"36.1339, 114.344002"
AZJ,Zhenjiang Dalu Airport,Zhenjiang,CN,China,small_airport,"32.23649, 119.718683"
BAR,Qionghai Bo'ao Airport,Qionghai (Basuo),CN,China,medium_airport,"19.140951, 110.452766"
BAV,Baotou Donghe Airport,Baotou,CN,China,medium_airport,"40.560001, 109.997002"
BCJ,Beichuan Yongchang Airport,Mianyang,CN,China,small_airport,"31.581474, 104.459701"
BFJ,Bijie Feixiong Airport,Bijie,CN,China,medium_airport,"27.267066, 105.472097"
BFU,Bengbu Tenghu Airport,Bengbu,CN,China,medium_airport,"32.847733, 117.320244"
BHY,Beihai Fucheng Airport,Beihai (Yinhai),CN,China,medium_airport,"21.5394, 109.293999"
BKV,Bailing Airport,Bailingmiao,CN,China,small_airport,"41.656944, 110.3125"
BPE,Qinhuangdao Beidaihe Airport,Qinhuangdao (Changli),CN,China,medium_airport,"39.666384, 119.061384"
BPL,Bole Alashankou Airport,Bole,CN,China,medium_airport,"44.895461, 82.30007"
BPX,Qamdo Bangda Airport,Bangda,CN,China,medium_airport,"30.553600311279297, 97.1082992553711"
BSD,Baoshan Yunrui Airport,Baoshan (Longyang),CN,China,medium_airport,"25.053301, 99.168297"
BZJ,Bozhou Airport (under construction),Bozhou,CN,China,small_airport,"33.560777, 115.911859"
BZX,Bazhong Enyang Airport,Bazhong (Enyang),CN,China,small_airport,"31.73842, 106.644872"
CAN,Guangzhou Baiyun International Airport,Guangzhou (Huadu),CN,China,large_airport,"23.392401, 113.299004"
CBZ,Binzhou Dagao General Aviation Airport,Binzhou,CN,China,small_airport,"37.61055, 117.885699"
CDE,Chengde Puning Airport,Chengde,CN,China,medium_airport,"41.1225, 118.073889"
CGD,Changde Taohuayuan Airport,Changde (Dingcheng),CN,China,medium_airport,"28.9189, 111.639999"
CGO,Zhengzhou Xinzheng International Airport,Zhengzhou,CN,China,large_airport,"34.526497, 113.849165"
CGQ,Changchun Longjia International Airport,Changchun,CN,China,large_airport,"43.996201, 125.684998"
CHG,Chaoyang Airport,"Shuangta, Chaoyang",CN,China,medium_airport,"41.538101, 120.434998"
CIF,Chifeng Yulong Airport,Chifeng,CN,China,medium_airport,"42.159723, 118.840971"
CIH,Changzhi Wangcun Airport,Changzhi,CN,China,small_airport,"36.247501, 113.125999"
CKG,Chongqing Jiangbei International Airport,Chongqing,CN,China,large_airport,"29.712254, 106.651895"
CNI,Changhai Airport,Dalian (Changhai),CN,China,medium_airport,"39.266667, 122.666944"
CQW,Chongqing Xiannüshan Airport,Wulong,CN,China,medium_airport,"29.465658, 107.693664"
CSX,Changsha Huanghua International Airport,Changsha (Changsha),CN,China,large_airport,"28.189199, 113.220001"
CTU,Chengdu Shuangliu International Airport,Chengdu (Shuangliu),CN,China,large_airport,"30.558257, 103.945966"
CWJ,Cangyuan Washan Airport,Lincang (Cangyuan),CN,China,medium_airport,"23.276331, 99.373169"
CZX,Changzhou Benniu International Airport,Changzhou,CN,China,medium_airport,"31.920485, 119.77546"
DAT,Datong Yungang Airport,Datong,CN,China,small_airport,"40.061614, 113.480032"
DAX,Dachuan Airport,Dazhou (Daxian),CN,China,small_airport,"31.1302, 107.4295"
DBC,Baicheng Chang'an Airport,Baicheng,CN,China,medium_airport,"45.505278, 123.019722"
DCY,Daocheng Yading Airport,Garzê (Daocheng),CN,China,medium_airport,"29.31632, 100.060317"
DDG,Dandong Langtou Airport,Dandong (Zhenxing),CN,China,medium_airport,"40.025453, 124.28669"
DDR,Rikaze Dingri Airport,Xigazê (Dingri),CN,China,medium_airport,"28.604567, 86.798"
DEQ,Deqing Moganshan Airport,Huzhou,CN,China,small_airport,"30.504264, 120.107388"
DFA,Shangluo Airport,Shangluo (Danfeng),CN,China,small_airport,"33.708533, 110.249284"
DIG,Diqing Shangri-La Airport,Diqing (Shangri-La),CN,China,medium_airport,"27.7936, 99.6772"
DLC,Dalian Zhoushuizi International Airport,Dalian (Ganjingzi),CN,China,large_airport,"38.965719, 121.538477"
DLU,Dali Fengyi Airport,Dali (Xiaguan),CN,China,medium_airport,"25.649401, 100.319"
DNH,Dunhuang Mogao International Airport,Dunhuang,CN,China,medium_airport,"40.161098, 94.809196"
DOY,Dongying Shengli Airport,Dongying (Kenli),CN,China,medium_airport,"37.50137, 118.789863"
DQA,Daqing Sartu Airport,Daqing,CN,China,small_airport,"46.750883, 125.138642"
DSN,Ordos Ejin Horo Airport,Ordos,CN,China,medium_airport,"39.493514, 109.8599"
DTU,Wudalianchi Dedu Airport,Heihe,CN,China,medium_airport,"48.441037, 126.128374"
DWS,Morin Dawa Banner Airport,Hulunbuir,CN,China,small_airport,"48.38745, 124.43127"
DXJ,Xiangxi Biancheng Airport,Xiangxi,CN,China,small_airport,"28.4972, 109.5218"
DYG,Zhangjiajie Hehua International Airport,Zhangjiajie (Yongding),CN,China,small_airport,"29.1028, 110.443001"
DZH,Dazhou Jinya Airport,Dazhou (Dachuan),CN,China,medium_airport,"31.048815, 107.435646"
DZU,Dazu Air Base,Dazu,CN,China,small_airport,"29.636227, 105.773621"
EHU,Ezhou Huahu Airport,Ezhou,CN,China,large_airport,"30.341178, 115.03926"
EJN,Ejin Banner Taolai Airport,Ejin Banner,CN,China,small_airport,"42.0155, 101.0005"
ENH,Enshi Xujiaping Airport,Enshi (Enshi),CN,China,medium_airport,"30.320299, 109.485001"
ENY,Yan'an Nanniwan Airport,Yan'an (Baota),CN,China,medium_airport,"36.479413, 109.464083"
ERL,Erenhot Saiwusu International Airport,Erenhot,CN,China,medium_airport,"43.4225, 112.096667"
FOC,Fuzhou Changle International Airport,Fuzhou (Changle),CN,China,large_airport,"25.934669, 119.66318"
FUG,Fuyang Xiguan Airport,"Yingzhou, Fuyang",CN,China,medium_airport,"32.882157, 115.734364"
FUO,Foshan Shadi Airport,Foshan (Nanhai),CN,China,medium_airport,"23.0825, 113.070833"
FYJ,Fuyuan Dongji Airport,Fuyuan,CN,China,medium_airport,"48.197219, 134.36298"
FYN,Fuyun Koktokay Airport,Fuyun,CN,China,medium_airport,"46.804169, 89.512006"
GHN,Guanghan Airport,Deyang (Guanghan),CN,China,small_airport,"30.9485, 104.3296"
GMQ,Golog Maqên Airport,Golog (Maqên),CN,China,medium_airport,"34.418066, 100.301144"
GOQ,Golmud Airport,Golmud,CN,China,medium_airport,"36.4006, 94.786102"
GXH,Gannan Xiahe Airport,Gannan (Xiahe),CN,China,medium_airport,"34.819014, 102.622261"
GYS,Guangyuan Panlong Airport,Guangyuan (Lizhou),CN,China,medium_airport,"32.390254, 105.694571"
GYU,Guyuan Liupanshan Airport,Guyuan (Yuanzhou),CN,China,medium_airport,"36.078889, 106.216944"
GZG,Garze Gesar Airport,Garzê (Garzê),CN,China,small_airport,"31.7575, 99.554167"
HAK,Haikou Meilan International Airport,Haikou (Meilan),CN,China,large_airport,"19.9349, 110.459"
HBQ,Haibei Qilian Airport,Haibei (Qilian),CN,China,small_airport,"38.008068, 100.645065"
HCJ,Hechi Jinchengjiang Airport,Hechi (Jinchengjiang),CN,China,medium_airport,"24.804344, 107.710819"
HCZ,Chenzhou Beihu Airport,Chenzhou,CN,China,medium_airport,"25.753419, 112.845404"
HDG,Handan Airport,Handan,CN,China,medium_airport,"36.525833, 114.425556"
HEK,Heihe Aihui Airport,Heihe,CN,China,medium_airport,"50.171621, 127.308884"
HET,Hohhot Baita International Airport,Hohhot,CN,China,large_airport,"40.849658, 111.824598"
HFE,Hefei Xinqiao International Airport,Hefei,CN,China,medium_airport,"31.98779, 116.9769"
HGH,Hangzhou Xiaoshan International Airport,Hangzhou,CN,China,large_airport,"30.23609, 120.428865"
HIA,Huai'an Lianshui International Airport,Huai'an,CN,China,medium_airport,"33.790833, 119.125"
HJB,Hejing Bayinbuluke Airport,Hejing,CN,China,small_airport,"42.976395, 83.995543"
HJJ,Huaihua Zhijiang Airport,Huaihua,CN,China,medium_airport,"27.443087, 109.704666"
HLD,Hulunbuir Hailar Airport,Hailar,CN,China,medium_airport,"49.205002, 119.824997"
HLH,Ulanhot Yilelite Airport,Ulanhot,CN,China,small_airport,"46.195333, 122.008333"
HLJ,Zhaodong Beidahuang General Airport,Suihua,CN,China,small_airport,"46.12779, 125.77354"
HMI,Hami Airport,Hami,CN,China,medium_airport,"42.8414, 93.669197"
HNY,Hengyang Nanyue Airport,Hengyang,CN,China,small_airport,"26.72208, 112.617958"
HPG,Shennongjia Hongping Airport,Shennongjia (Hongping),CN,China,medium_airport,"31.626, 110.34"
HQL,Tashikuergan Hongqilafu Airport,Tashikuergan,CN,China,medium_airport,"37.661333, 75.288877"
HQQ,Anyang Hongqiqu Airport,Anyang,CN,China,small_airport,"35.870833, 114.461944"
HRB,Harbin Taiping International Airport,Harbin,CN,China,large_airport,"45.623402, 126.25"
HSC,Shaoguan Danxia Airport,Shaoguan,CN,China,medium_airport,"24.9786, 113.420998"
HSF,Suifenhe Dongning Airport,Suifenhe,CN,China,small_airport,"44.453889, 130.843889"
HSJ,Zhengzhou Shangjie Airport,Zhengzhou,CN,China,small_airport,"34.842153, 113.273983"
HSN,Zhoushan Putuoshan Airport,Zhoushan,CN,China,medium_airport,"29.9342, 122.362"
HTN,Hotan Airport,Hotan,CN,China,medium_airport,"37.03850173950195, 79.86489868164062"
HTT,Huatugou Airport,Mengnai,CN,China,medium_airport,"38.201645, 90.837843"
HUO,Holingol Huolinhe Airport,Holingol,CN,China,medium_airport,"45.487222, 119.407222"
HUZ,Huizhou Pingtan Airport,Huizhou (Pingtan),CN,China,medium_airport,"23.049999, 114.599998"
HXD,Delingha Airport,Delingha,CN,China,small_airport,"37.125286, 97.268658"
HYN,Taizhou Luqiao Airport,Taizhou (Luqiao),CN,China,medium_airport,"28.562201, 121.429001"
HZA,Heze Mudan Airport,Heze (Dingtao),CN,China,medium_airport,"35.212972, 115.736748"
HZG,Hanzhong Chenggu Airport,Hanzhong (Chenggu),CN,China,small_airport,"33.133527, 107.203817"
HZH,Liping Airport,Liping,CN,China,medium_airport,"26.32217, 109.1499"
HZU,Chengdu Huaizhou Airport,Chengdu (Jintang),CN,China,medium_airport,"30.677339, 104.529397"
INC,Yinchuan Hedong International Airport,Yinchuan,CN,China,medium_airport,"38.322758, 106.393214"
IQM,Qiemo Yudu Airport,Qiemo,CN,China,medium_airport,"38.234516, 85.465462"
IQN,Qingyang Xifeng Airport,Qingyang (Xifeng),CN,China,medium_airport,"35.802638, 107.598896"
JBK,Qitai Jiangbulake Airport,Qitai,CN,China,small_airport,"44.166086, 89.55014"
JDE,Jiande Qiandaohu General Airport,Hangzhou,CN,China,small_airport,"29.360905, 119.180829"
JDZ,Jingdezhen Luojia Airport,Jingdezhen,CN,China,medium_airport,"29.3386, 117.176003"
JGD,Daxing'anling Elunchun Airport,Jiagedaqi,CN,China,medium_airport,"50.371389, 124.1175"
JGN,Jiayuguan Airport,Jiayuguan,CN,China,small_airport,"39.856899, 98.3414"
JGS,Jinggangshan Airport,Ji'an,CN,China,medium_airport,"26.856899, 114.737"
JHG,Xishuangbanna Gasa International Airport,Jinghong (Gasa),CN,China,medium_airport,"21.974648, 100.762224"
JIC,Jinchang Jinchuan Airport,Jinchang,CN,China,small_airport,"38.542222, 102.348333"
JIL,Jilin Ertaizi Airport,Jilin,CN,China,small_airport,"44.002652, 126.395244"
JIQ,Qianjiang Wulingshan Airport,Qianjiang,CN,China,medium_airport,"29.5133333333, 108.831111111"
JIU,Jiujiang Lushan Airport,Jiujiang,CN,China,small_airport,"29.476944, 115.801111"
JJN,Quanzhou Jinjiang International Airport,Quanzhou,CN,China,medium_airport,"24.796587, 118.588883"
JMJ,Lancang Jingmai Airport,Pu'er (Lancang),CN,China,medium_airport,"22.417733, 99.784012"
JMU,Jiamusi Dongjiao Airport,Jiamusi,CN,China,medium_airport,"46.843399, 130.464996"
JNG,Jining Da'an Airport,Jining,CN,China,medium_airport,"35.647358, 116.743269"
JNZ,Jinzhou Bay Airport,Jinzhou (Linghai),CN,China,medium_airport,"40.936032, 121.277114"
JRJ,Ganzhou Ruijin Airport,Ganzhou,CN,China,small_airport,"25.960236, 116.077016"
JSJ,Jiansanjiang Shidi Airport,Jiansanjiang,CN,China,medium_airport,"47.108248, 132.65792"
JUH,Chizhou Jiuhuashan Airport,Chizhou,CN,China,small_airport,"30.7403, 117.6856"
JUZ,Quzhou Airport,Quzhou (Kezheng),CN,China,medium_airport,"28.96613, 118.898793"
JXA,Jixi Xingkaihu Airport,Jixi,CN,China,medium_airport,"45.293, 131.193"
JZH,Jiuzhai Huanglong Airport,Ngawa (Songpan),CN,China,medium_airport,"32.853333, 103.682222"
KCA,Kuqa Qiuci Airport,Kuqa,CN,China,small_airport,"41.677856, 82.872917"
KGT,Kangding Airport,Garzê (Kangding),CN,China,medium_airport,"30.142464, 101.73872"
KHG,Kashgar Laining International Airport,Kashgar,CN,China,medium_airport,"39.5429, 76.019997"
KHN,Nanchang Changbei International Airport,Nanchang,CN,China,large_airport,"28.864815, 115.90271"
KJH,Kaili Huangping Airport,Kaili  (Huangping),CN,China,medium_airport,"26.972, 107.988"
KJI,Burqin Kanas Airport,Burqin,CN,China,medium_airport,"48.2223, 86.9959"
KMG,Kunming Changshui International Airport,Kunming,CN,China,large_airport,"25.110313, 102.936743"
KOW,Ganzhou Huangjin Airport,Ganzhou,CN,China,small_airport,"25.853333, 114.778889"
KRL,Korla Licheng Airport,Korla,CN,China,medium_airport,"41.614979, 86.140817"
KRY,Karamay Airport,Karamay,CN,China,small_airport,"45.46655, 84.9527"
KWE,Guiyang Longdongbao International Airport,Guiyang (Nanming),CN,China,large_airport,"26.541466, 106.803331"
KWL,Guilin Liangjiang International Airport,Guilin (Lingui),CN,China,large_airport,"25.219828, 110.039553"
LCS,Longchuan Guangsong Airport,Dehong (Longchuan),CN,China,small_airport,"24.26652, 97.9048"
LCT,Shijiazhuang Luancheng Airport,Shijiazhuang,CN,China,small_airport,"37.91305, 114.59166"
LCX,Liancheng Guanzhishan Airport,Longyan (Liancheng),CN,China,medium_airport,"25.67592, 116.745907"
LDS,Yichun Lindu Airport,Yichun,CN,China,medium_airport,"47.752056, 129.019125"
LFH,Lanping Fenghua General Airport,Lanping Bai,CN,China,small_airport,"26.64518, 99.54419"
LFQ,Linfen Yaodu Airport,Linfen (Yaodu),CN,China,medium_airport,"36.132629, 111.641236"
LGZ,Shannan Longzi Airport,Shannan,CN,China,small_airport,"28.422422, 92.348082"
LHK,Guangzhou MR Air Base / Guanghua Airport,Xiangyang (Laohekou),CN,China,medium_airport,"32.38866, 111.69425"
LHW,Lanzhou Zhongchuan International Airport,Lanzhou (Yongdeng),CN,China,large_airport,"36.515202, 103.620003"
LIA,Liangping Airport,Liangping,CN,China,small_airport,"30.679399, 107.786003"
LIJ,Lishui Airport,Lishui (Liandu),CN,China,small_airport,"28.3727, 119.839"
LJG,Lijiang Sanyi International Airport,Lijiang (Gucheng),CN,China,medium_airport,"26.68, 100.246002"
LLB,Libo Airport,Qiannan (Libo),CN,China,small_airport,"25.4525, 107.961667"
LLF,Yongzhou Lingling Airport,Yongzhou,CN,China,medium_airport,"26.338661, 111.610043"
LLV,Lüliang Dawu Airport,Lüliang,CN,China,medium_airport,"37.683333, 111.142778"
LNJ,Lincang Boshang Airport,Lincang,CN,China,medium_airport,"23.7381, 100.025002"
LNL,Longnan Chengzhou Airport,Longnan (Cheng),CN,China,medium_airport,"33.789918, 105.790014"
LPF,Liupanshui Yuezhao Airport,Liupanshui (Zhongshan),CN,China,medium_airport,"26.609417, 104.979"
LUM,Dehong Mangshi Airport,Dehong (Mangshi),CN,China,medium_airport,"24.4011, 98.5317"
LXA,Lhasa Gonggar Airport,Shannan (Gonggar),CN,China,medium_airport,"29.298001, 90.911951"
LYA,Luoyang Beijiao Airport,Luoyang (Laocheng),CN,China,medium_airport,"34.7411, 112.388"
LYG,Lianyungang Huaguoshan International Airport,Lianyungang,CN,China,medium_airport,"34.41406, 119.17899"
LYI,Linyi Qiyang Airport,Linyi (Hedong),CN,China,medium_airport,"35.052918, 118.411828"
LZG,Langzhong Gucheng Airport,Nanchong (Langzhong),CN,China,medium_airport,"31.50191, 106.034417"
LZH,Liuzhou Bailian Airport / Bailian Air Base,Liuzhou (Liujiang),CN,China,medium_airport,"24.2075, 109.390999"
LZO,Luzhou Yunlong Airport,Luzhou (Yunlong),CN,China,medium_airport,"29.030357, 105.468407"
LZY,Nyingchi Mainling Airport,Nyingchi (Mainling),CN,China,medium_airport,"29.303301, 94.335297"
MDG,Mudanjiang Hailang International Airport,Mudanjiang,CN,China,medium_airport,"44.5241012573, 129.569000244"
MIG,Mianyang Nanjiao Airport,Mianyang (Fucheng),CN,China,medium_airport,"31.428101, 104.740997"
MXZ,Meizhou Meixian Changgangji International Airport,Meizhou (Meixian),CN,China,small_airport,"24.263425, 116.097857"
NAO,Nanchong Gaoping Airport,Nanchong (Gaoping),CN,China,small_airport,"30.798104, 106.16415"
NAY,Beijing Nanjiao Airport,Beijing,CN,China,medium_airport,"39.48595, 116.37236"
NBS,Changbaishan Airport,Baishan,CN,China,medium_airport,"42.066944, 127.602222"
NDG,Qiqihar Sanjiazi Airport,Qiqihar,CN,China,medium_airport,"47.239601135253906, 123.91799926757812"
NGB,Ningbo Lishe International Airport,Ningbo,CN,China,large_airport,"29.82670021057129, 121.46199798583984"
NGQ,Ngari Gunsa Airport,Shiquanhe,CN,China,medium_airport,"32.09794, 80.053971"
NJJ,Nenjiang Melgen Airport,Heihe,CN,China,small_airport,"49.236372, 125.337052"
NKG,Nanjing Lukou International Airport,Nanjing,CN,China,large_airport,"31.735032, 118.865949"
NLH,Ninglang Luguhu Airport,Ninglang,CN,China,medium_airport,"27.5403, 100.7593"
NLT,Xinyuan Nalati Airport,Xinyuan,CN,China,medium_airport,"43.4318, 83.3786"
NNG,Nanning Wuxu Airport,Nanning (Jiangnan),CN,China,large_airport,"22.608544, 108.175335"
NNY,Nanyang Jiangying Airport,Nanyang (Wancheng),CN,China,small_airport,"32.982696, 112.617467"
NTG,Nantong Xingdong International Airport,Nantong (Tongzhou),CN,China,medium_airport,"32.073566, 120.980076"
NZH,Manzhouli Xijiao Airport,Manzhouli,CN,China,medium_airport,"49.566667, 117.33"
NZL,Zhalantun Genghis Khan Airport,Zhalantun,CN,China,medium_airport,"47.865942, 122.768662"
OHE,Mohe Gulian Airport,Mohe,CN,China,medium_airport,"52.916871, 122.422759"
OTO,Otog Banner Wulan Airport,Wulan,CN,China,small_airport,"39.03139, 107.98889"
OTQ,Otog Front Banner Oljoq Airport,Otog Front Banner,CN,China,small_airport,"38.1712, 107.3905"
PEK,Beijing Capital International Airport,Beijing,CN,China,large_airport,"40.080101013183594, 116.58499908447266"
PFA,Harbin Pingfang Airport,Harbin,CN,China,small_airport,"45.59886, 126.65808"
PKX,Beijing Daxing International Airport,Beijing,CN,China,large_airport,"39.509945, 116.41092"
PNJ,Penglai Shahekou Airport,Yantai,CN,China,small_airport,"37.80473, 120.80954"
PVG,Shanghai Pudong International Airport,Shanghai (Pudong),CN,China,large_airport,"31.1434, 121.805"
PZI,Panzhihua Bao'anying Airport,Panzhihua (Renhe),CN,China,medium_airport,"26.54, 101.79852"
QSZ,Shache Airport,Shache,CN,China,medium_airport,"38.24542, 77.056149"
RHT,Alxa Right Banner Badanjilin Airport,Badanjilin,CN,China,small_airport,"39.225, 101.546"
RIZ,Rizhao Shanzihe Airport,Rizhao (Donggang),CN,China,medium_airport,"35.405033, 119.324403"
RKZ,Xigaze Peace Airport / Shigatse Air Base,Xigazê (Samzhubzê),CN,China,medium_airport,"29.3519, 89.311401"
RLK,Bayannur Tianjitai Airport,Bavannur,CN,China,medium_airport,"40.926, 107.7428"
RQA,Ruoqiang Loulan Airport,Ruoqiang Town,CN,China,medium_airport,"38.974722, 88.008333"
RUG,Rugao Air Base,Rugao (Nantong),CN,China,medium_airport,"32.258341, 120.501131"
SHA,Shanghai Hongqiao International Airport,Shanghai (Minhang),CN,China,large_airport,"31.198104, 121.33426"
SHE,Shenyang Taoxian International Airport,"Hunnan, Shenyang",CN,China,large_airport,"41.639801, 123.483002"
SHF,Shihezi Huayuan Airport,Shihezi,CN,China,small_airport,"44.2421, 85.8905"
SHS,Jingzhou Shashi Airport,Jingzhou (Shashi),CN,China,medium_airport,"30.29281, 112.44854"
SIA,Xi'an Xiguan Airport,Xi'an (Baqiao),CN,China,medium_airport,"34.376701, 109.120003"
SJW,Shijiazhuang Zhengding International Airport,Shijiazhuang,CN,China,medium_airport,"38.280701, 114.696999"
SQD,Shangrao Sanqingshan Airport,Shangrao (Hengfeng),CN,China,medium_airport,"28.3797, 117.9643"
SQJ,Sanming Shaxian Airport,Sanming (Sha),CN,China,medium_airport,"26.4263, 117.8336"
SWA,Jieyang Chaoshan International Airport,Jieyang (Rongcheng),CN,China,medium_airport,"23.552, 116.5033"
SXJ,Shanshan Airport,Shanshan,CN,China,medium_airport,"42.911701, 90.247498"
SYM,Pu'er Simao Airport,Pu'er,CN,China,small_airport,"22.793301, 100.959"
SYX,Sanya Phoenix International Airport,Sanya (Tianya),CN,China,large_airport,"18.3029, 109.412003"
SZH,Shuozhou Zirun Airport,Shuozhou,CN,China,small_airport,"39.273241, 112.691552"
SZV,Suzhou Guangfu Airport,Suzhou,CN,China,medium_airport,"31.2631, 120.401001"
SZX,Shenzhen Bao'an International Airport,Shenzhen (Bao'an),CN,China,large_airport,"22.639299, 113.810997"
TAO,Qingdao Jiaodong International Airport,Qingdao (Jiaozhou),CN,China,large_airport,"36.361953, 120.088171"
TCG,Tacheng Qianquan Airport,Tacheng,CN,China,small_airport,"46.672501, 83.340797"
TCZ,Tengchong Tuofeng Airport,Baoshan (Tengchong),CN,China,medium_airport,"24.938056, 98.485833"
TEN,Tongren Fenghuang Airport,Tongren (Daxing),CN,China,medium_airport,"27.883333, 109.308889"
TFU,Chengdu Tianfu International Airport,Chengdu (Jianyang),CN,China,large_airport,"30.31252, 104.441284"
TGO,Tongliao Airport,Tongliao,CN,China,medium_airport,"43.556702, 122.199997"
THQ,Tianshui Maijishan Airport,Tianshui (Maiji),CN,China,medium_airport,"34.5601, 105.860343"
TLQ,Turpan Jiaohe Airport,Turpan,CN,China,medium_airport,"43.0308, 89.0987"
TNA,Jinan Yaoqiang International Airport,Jinan (Licheng),CN,China,large_airport,"36.857201, 117.216003"
TNH,Tonghua Sanyuanpu Airport,Tonghua,CN,China,medium_airport,"42.2538888889, 125.703333333"
TSN,Tianjin Binhai International Airport,Tianjin,CN,China,large_airport,"39.124401092499994, 117.346000671"
TVS,Tangshan Sannühe Airport,Tangshan (Fengrun),CN,China,small_airport,"39.7178, 118.002625"
TWC,Tumxuk Tangwangcheng Airport,Tumxuk,CN,China,small_airport,"39.886663, 79.233408"
TXN,Tunxi International Airport,Huangshan,CN,China,medium_airport,"29.733299255371094, 118.25599670410156"
TYC,Taiyuan Yaocheng Airport,Taiyuan,CN,China,small_airport,"37.50312, 112.424126"
TYN,Taiyuan Wusu International Airport,Taiyuan,CN,China,large_airport,"37.746899, 112.627998"
UCB,Ulanqab Jining Airport,Ulanqab,CN,China,medium_airport,"41.130266, 113.107274"
URC,Ürümqi Diwopu International Airport,Ürümqi,CN,China,large_airport,"43.907100677490234, 87.47419738769531"
UYN,Yulin Yuyang Airport,Yulin,CN,China,small_airport,"38.35971, 109.590927"
WDS,Shiyan Wudangshan Airport,Shiyan (Maojian),CN,China,medium_airport,"32.592889, 110.906296"
WEF,Weifang Nanyuan Airport,Weifang (Kuiwen),CN,China,medium_airport,"36.646702, 119.119003"
WEH,Weihai Dashuibo Airport,Weihai,CN,China,medium_airport,"37.187099, 122.228996"
WGN,Shaoyang Wugang Airport,Shaoyang (Wugang),CN,China,medium_airport,"26.806123, 110.641042"
WHA,Wuhu Xuanzhou Airport,Wuhu,CN,China,medium_airport,"31.1045, 118.66687"
WHN,Wuhan Hannan Municipal Airport,Wuhan (Hannan),CN,China,medium_airport,"30.25521, 114.062805"
WHU,Wuhu Wanli Airport / Wuhu Air Base,Wuhu,CN,China,small_airport,"31.3906, 118.408997"
WMT,Zunyi Maotai Airport,Zunyi,CN,China,medium_airport,"27.961837, 106.435416"
WNH,Wenshan Puzhehei Airport,Wenshan,CN,China,small_airport,"23.5583, 104.3255"
WNZ,Wenzhou Longwan International Airport,Wenzhou (Longwan),CN,China,large_airport,"27.910572, 120.853465"
WRH,Orku Baikouquan Airport (under construction),Urhu,CN,China,small_airport,"46.018127, 85.655293"
WSK,Chongqing Wushan Airport,Wushan,CN,China,small_airport,"31.06896, 109.708958"
WUA,Wuhai Airport,Wuhai,CN,China,small_airport,"39.7934, 106.7993"
WUH,Wuhan Tianhe International Airport,Wuhan (Huangpi),CN,China,large_airport,"30.774798, 114.213723"
WUS,Nanping Wuyishan Airport,Wuyishan,CN,China,medium_airport,"27.7019, 118.000999"
WUT,Xinzhou Wutaishan Airport,Xinzhou,CN,China,small_airport,"38.597456, 112.969173"
WUX,Sunan Shuofang International Airport,Wuxi,CN,China,medium_airport,"31.494400024399997, 120.429000854"
WUZ,Wuzhou Xijiang Airport,Tangbu,CN,China,medium_airport,"23.40316, 111.09331"
WXN,Wanzhou Wuqiao Airport,Wanzhou,CN,China,small_airport,"30.8017, 108.433"
WZQ,Urad Middle Banner Airport,Urad Middle Banner,CN,China,small_airport,"41.460289, 108.539085"
XAI,Xinyang Minggang Airport,Xinyang,CN,China,medium_airport,"32.540819, 114.079141"
XEN,Xingcheng Air Base,Huludao (Xingcheng),CN,China,medium_airport,"40.580328, 120.700374"
XFN,Xiangyang Liuji Airport,Xiangyang (Xiangzhou),CN,China,medium_airport,"32.152222, 112.291666"
XIC,Xichang Qingshan Airport,Liangshan (Xichang),CN,China,medium_airport,"27.9891, 102.183998"
XIL,Xilinhot Airport,Xilinhot,CN,China,medium_airport,"43.91559982299805, 115.96399688720703"
XIN,Xingning Air Base,Meizhou (Xingning),CN,China,small_airport,"24.1492, 115.758003"
XIY,Xi'an Xianyang International Airport,Xianyang (Weicheng),CN,China,large_airport,"34.447102, 108.751999"
XMN,Xiamen Gaoqi International Airport,Xiamen,CN,China,large_airport,"24.54400062561035, 118.12799835205078"
XNN,Xining Caojiabao International Airport,Haidong (Huzhu Tu Autonomous County),CN,China,medium_airport,"36.530093, 102.040062"
XNT,Xingtai Dalian Airport,Xingtai,CN,China,small_airport,"36.8831, 114.4293"
XRQ,New Barag Right Banner Baogede Airport,New Barag Right Banner,CN,China,small_airport,"48.575585, 116.939382"
XUZ,Xuzhou Guanyin International Airport,Xuzhou,CN,China,medium_airport,"34.059056, 117.555278"
YBP,Yibin Wuliangye Airport,Yibin (Cuiping),CN,China,medium_airport,"28.858431, 104.526157"
YCU,Yuncheng Zhangxiao Airport,Yuncheng (Yanhu),CN,China,medium_airport,"35.116391, 111.031389"
YEH,Yinchuan Yueyahu Airport,Yinchuan,CN,China,small_airport,"38.588095, 106.539788"
YGA,Yongchuan Da'an General Airport,Chongqing,CN,China,small_airport,"29.356667, 106.010441"
YHJ,Nanchang Yaohu Airport,Nanchang,CN,China,small_airport,"28.700972, 116.107694"
YIC,Yichun Mingyueshan Airport,Yichun,CN,China,medium_airport,"27.8025, 114.3062"
YIE,Arxan Yi'ershi Airport,Arxan,CN,China,medium_airport,"47.3106, 119.9117"
YIH,Yichang Sanxia Airport,Yichang (Xiaoting),CN,China,medium_airport,"30.554132, 111.482563"
YIN,Yining Airport,Ili (Yining / Ghulja),CN,China,small_airport,"43.955799, 81.330299"
YIW,Yiwu Airport,Jinhua (Yiwu),CN,China,medium_airport,"29.342095, 120.03116"
YKH,Yingkou Lanqi Airport,Yingkou (Laobian),CN,China,medium_airport,"40.542524, 122.3586"
YLX,Yulin Fumian Airport,Yùlín,CN,China,medium_airport,"22.438056, 110.120833"
YNJ,Yanji Chaoyangchuan Airport,Yanji,CN,China,medium_airport,"42.8828010559, 129.451004028"
YNT,Yantai Penglai International Airport,Yantai,CN,China,large_airport,"37.659724, 120.978124"
YNZ,Yancheng Nanyang International Airport,Yancheng (Tinghu),CN,China,medium_airport,"33.425833, 120.203056"
YSQ,Songyuan Chaganhu Airport,Qian Gorlos Mongol Autonomous County,CN,China,medium_airport,"44.938114, 124.550178"
YTW,Yutian Wanfang Airport,Hotan (Yutian),CN,China,small_airport,"36.8085, 81.7827"
YTY,Yangzhou Taizhou Airport,Yangzhou,CN,China,medium_airport,"32.5634, 119.7198"
YUA,Yuanmou Air Base,Chuxiong (Yuanmou),CN,China,medium_airport,"25.737499, 101.882004"
YUS,Yushu Batang Airport,Yushu (Batang),CN,China,medium_airport,"32.836389, 97.036389"
YYA,Yueyang Sanhe Airport,Yueyang (Yueyanglou),CN,China,medium_airport,"29.311699, 113.281574"
YZY,Zhangye Ganzhou Airport,Zhangye (Ganzhou),CN,China,small_airport,"38.801899, 100.675003"
ZAT,Zhaotong Airport,Zhaotong (Zhaoyang),CN,China,small_airport,"27.327549, 103.75617"
ZFL,Zhaosu Tianma Airport,Zhaosu,CN,China,small_airport,"43.088477, 81.223013"
ZHA,Zhanjiang Wuchuan Airport,Zhanjiang,CN,China,medium_airport,"21.481667, 110.590278"
ZHY,Zhongwei Shapotou Airport,Zhongwei (Shapotou),CN,China,medium_airport,"37.573125, 105.154454"
ZKL,Zigong Fengming Airport,Zigong (Gongjing),CN,China,small_airport,"29.376484, 104.625789"
ZQZ,Zhangjiakou Ningyuan Airport,Zhangjiakou,CN,China,medium_airport,"40.738602, 114.930278"
ZUH,Zhuhai Jinwan Airport,Zhuhai (Jinwan),CN,China,medium_airport,"22.006399, 113.375999"
ZYI,Zunyi Xinzhou Airport,Zunyi,CN,China,medium_airport,"27.810723, 107.247189"
ACD,Alcides Fernández Airport,Acandí,CO,Colombia,small_airport,"8.497847, -77.274106"
ACM,Arica Airport,Arica,CO,Colombia,small_airport,"-2.143713, -71.75935"
ACR,Araracuara Airport,Araracuara,CO,Colombia,small_airport,"-0.600854, -72.398011"
ADZ,Gustavo Rojas Pinilla International Airport,San Andrés,CO,Colombia,medium_airport,"12.5836, -81.7112"
AFI,Amalfi Airport,Amalfi,CO,Colombia,small_airport,"6.895033, -75.047334"
API,Gomez Nino Apiay Air Base,Apiay,CO,Colombia,medium_airport,"4.07607, -73.5627"
APO,Antonio Roldán Betancur Airport,Carepa,CO,Colombia,medium_airport,"7.81196, -76.7164"
ARF,Acaricuara Airport,Acaricuara,CO,Colombia,small_airport,"0.533333, -70.133333"
ARO,Arboletes Airport,Arboletes,CO,Colombia,small_airport,"8.855118, -76.422676"
ARQ,El Troncal Airport,Arauquita,CO,Colombia,small_airport,"7.02106, -71.388901"
AUC,Santiago Perez Airport,Arauca,CO,Colombia,medium_airport,"7.06888, -70.7369"
AXM,El Eden Airport,Armenia,CO,Colombia,medium_airport,"4.45278, -75.7664"
AYA,Ayapel Airport,Ayapel,CO,Colombia,small_airport,"8.3, -75.15"
AYC,Ayacucho Airport,Ayacucho,CO,Colombia,small_airport,"8.6, -73.616667"
AYG,Yaguara Airport,San Vicente Del Caguán,CO,Colombia,small_airport,"1.54417, -73.9333"
AYI,Yari Airport,Yari,CO,Colombia,small_airport,"-0.383333, -72.266667"
AZT,Zapatoca Airport,Zapatoca,CO,Colombia,small_airport,"6.767724, -73.284444"
BAC,Barranca De Upia Airport,Barranca De Upia,CO,Colombia,small_airport,"4.583333, -72.966667"
BAQ,Ernesto Cortissoz International Airport,Barranquilla,CO,Colombia,medium_airport,"10.8896, -74.7808"
BGA,Palonegro Airport,Bucaramanga,CO,Colombia,medium_airport,"7.1265, -73.1848"
BHF,Cupica Airport,Bahía Solano,CO,Colombia,small_airport,"6.694817, -77.493643"
BOG,El Dorado International Airport,Bogota,CO,Colombia,large_airport,"4.70159, -74.1469"
BSC,José Celestino Mutis Airport,Bahía Solano,CO,Colombia,medium_airport,"6.20292, -77.3947"
BUN,Gerardo Tobar López Airport,Buenaventura,CO,Colombia,medium_airport,"3.81963, -76.9898"
CAQ,Juan H White Airport,Caucasia,CO,Colombia,medium_airport,"7.96847, -75.1985"
CCO,Carimagua Airport,Puerto López,CO,Colombia,small_airport,"4.56417, -71.3364"
CIM,Cimitarra Airport,Cimitarra,CO,Colombia,small_airport,"6.367484, -73.970658"
CJD,Candilejas Airport,Candilejas,CO,Colombia,small_airport,"2.066667, -74.583333"
CLO,Alfonso Bonilla Aragon International Airport,Cali,CO,Colombia,medium_airport,"3.54322, -76.3816"
COG,Mandinga Airport,Condoto,CO,Colombia,small_airport,"5.072007, -76.676373"
CPB,Capurganá Airport,Acandí,CO,Colombia,small_airport,"8.632169, -77.350262"
CPL,General Navas Pardo Airport,Chaparral,CO,Colombia,small_airport,"3.724293, -75.465785"
CQT,Caquetania Airport,Caquetania,CO,Colombia,small_airport,"2.033333, -74.216667"
CRC,Santa Ana Airport,Cartago,CO,Colombia,medium_airport,"4.75818, -75.9557"
CSR,Casuarito Airport,Casuarito,CO,Colombia,small_airport,"5.833333, -68.133333"
CTG,Rafael Nuñez International Airport,Cartagena,CO,Colombia,medium_airport,"10.4424, -75.513"
CUC,Camilo Daza International Airport,Cúcuta,CO,Colombia,medium_airport,"7.92757, -72.5115"
CUI,Currillo Airport,Currillo,CO,Colombia,small_airport,"4.666667, -72.0"
CUO,Carurú Airport,Carurú,CO,Colombia,small_airport,"1.013822, -71.297343"
CVE,Coveñas Airport,Coveñas,CO,Colombia,medium_airport,"9.40092, -75.6913"
CZU,Las Brujas Airport,Corozal,CO,Colombia,medium_airport,"9.33274, -75.2856"
DZI,Las Flores Airport,Codazzi,CO,Colombia,small_airport,"10.096608, -73.2337"
EBG,El Bagre Airport,El Bagre,CO,Colombia,medium_airport,"7.59647, -74.8089"
ECO,El Encanto Airport,El Encanto,CO,Colombia,small_airport,"-1.7533333333299999, -73.20472222219999"
ECR,El Charco Airport,El Charco,CO,Colombia,small_airport,"2.44944444444, -78.0941666667"
EJA,Yariguíes Airport,Barrancabermeja,CO,Colombia,medium_airport,"7.02433, -73.8068"
ELB,Las Flores Airport,El Banco,CO,Colombia,medium_airport,"9.04554, -73.9749"
ELJ,El Recreo Airport,Ruperto Polania,CO,Colombia,small_airport,"2.0, -74.133333"
EOH,Enrique Olaya Herrera Airport,Medellín,CO,Colombia,medium_airport,"6.219686, -75.590597"
EUO,Paratebueno Airport,Paratebueno,CO,Colombia,small_airport,"4.401295, -73.188381"
EYP,El Alcaravan - Yopal Airport,Yopal,CO,Colombia,medium_airport,"5.31911, -72.384"
FDA,Fundación Airport,Fundación,CO,Colombia,small_airport,"10.5333, -74.2"
FLA,Gustavo Artunduaga Paredes Airport,Florencia,CO,Colombia,medium_airport,"1.58919, -75.5644"
GAA,Guamal Airport,Guamal,CO,Colombia,small_airport,"9.15, -74.233333"
GCA,Guacamayas Airport,Guacamayas,CO,Colombia,small_airport,"2.283333, -74.95"
GIR,Santiago Vila Airport,Girardot,CO,Colombia,medium_airport,"4.27624, -74.7967"
GMC,Guerima Airport,Puerto Carreño,CO,Colombia,small_airport,"3.629996, -70.323028"
GPI,Juan Casiano Airport,Guapi,CO,Colombia,medium_airport,"2.57013, -77.897969"
GRA,Gamarra Airport,Puerto Mosquito,CO,Colombia,small_airport,"8.20199, -73.7653"
HAY,Hacaritama Airport,Aguachica,CO,Colombia,small_airport,"8.247, -73.5814"
HRR,Herrera Airport,Campiña,CO,Colombia,small_airport,"3.216667, -75.85"
HTZ,Hato Corozal Airport,Hato Corozal,CO,Colombia,small_airport,"6.153311, -71.761969"
IBE,Perales Airport,Ibagué,CO,Colombia,medium_airport,"4.42161, -75.1333"
IGO,Jaime Ortiz Betancourt Airport,Chigorodó,CO,Colombia,small_airport,"7.677606, -76.683165"
IPI,San Luis Airport,Ipiales,CO,Colombia,medium_airport,"0.861946, -77.671783"
ISD,Santa Bárbara Airport,Iscuandé,CO,Colombia,small_airport,"2.445825, -77.981753"
IVO,Chivolo Airport,Chivolo,CO,Colombia,small_airport,"10.016667, -74.683333"
JUO,Juradó Airport,Juradó,CO,Colombia,small_airport,"7.07181, -77.727117"
LCR,Virgilio Barco Vargas (La Chorrera) Airport,La Chorrera,CO,Colombia,small_airport,"-1.456361, -72.801086"
LET,Alfredo Vásquez Cobo International Airport,Leticia,CO,Colombia,medium_airport,"-4.19355, -69.9432"
LGT,La Gaviota Airport,,CO,Colombia,small_airport,"4.550543, -70.925353"
LMC,La Macarena Airport,La Macarena,CO,Colombia,small_airport,"2.17565, -73.78674"
LMX,Lopez de Micay Airport,Micay,CO,Colombia,small_airport,"2.841177, -77.237214"
LPD,La Pedrera Airport,La Pedrera,CO,Colombia,small_airport,"-1.324882, -69.581294"
LPE,La Primavera Airport,La Primavera,CO,Colombia,small_airport,"5.4776, -70.4212"
LQM,Caucaya Airport,Puerto Leguízamo,CO,Colombia,small_airport,"-0.182278, -74.7708"
MCJ,Jorge Isaac Airport,La Mina-Maicao,CO,Colombia,medium_airport,"11.2325, -72.4901"
MDE,Jose Maria Córdova International Airport,Medellín,CO,Colombia,medium_airport,"6.16454, -75.4231"
MFB,Monfort Airport,Monfort,CO,Colombia,small_airport,"0.633333, -69.75"
MFS,Miraflores Airport,Miraflores,CO,Colombia,small_airport,"1.35, -71.9444"
MGN,Baracoa Airport,Magangué,CO,Colombia,medium_airport,"9.28474, -74.8461"
MHF,Morichal Airport,Morichal,CO,Colombia,small_airport,"1.75, -69.916667"
MIX,Miriti Parana Airport,Mirití-Paraná,CO,Colombia,small_airport,"-0.886017, -70.983446"
MMP,San Bernardo Airport,Santa Cruz de Mompóx,CO,Colombia,small_airport,"9.258348, -74.438393"
MND,Medina Airport,Medina,CO,Colombia,small_airport,"4.483687, -73.344739"
MOY,Monterrey Airport,Monterrey,CO,Colombia,small_airport,"4.906926, -72.894809"
MQR,Mosquera Airport,Mosquera,CO,Colombia,small_airport,"2.64955, -78.3361"
MQU,Mariquita Airport,Mariquita,CO,Colombia,medium_airport,"5.21256, -74.8836"
MSK,Morelia Airport,Puerto Gaitán,CO,Colombia,small_airport,"3.750453, -71.456137"
MTB,Montelibano Airport,Montelíbano,CO,Colombia,small_airport,"7.97174, -75.4325"
MTR,Los Garzones Airport,Montería,CO,Colombia,medium_airport,"8.82374, -75.8258"
MVP,Fabio Alberto Leon Bentley Airport,Mitú,CO,Colombia,medium_airport,"1.25366, -70.2339"
MZL,La Nubia Airport,Manizales,CO,Colombia,medium_airport,"5.0296, -75.4647"
NAD,Macanal Airport,Macanal,CO,Colombia,small_airport,"2.80898, -67.62189"
NAR,Puerto Nare Airport,Armenia,CO,Colombia,small_airport,"6.21002, -74.5906"
NBB,Barranco Minas Airport,Barranco Minas,CO,Colombia,small_airport,"3.490691, -69.808151"
NCI,Necocli Airport,Necocli,CO,Colombia,small_airport,"8.454429, -76.779326"
NPU,San Pedro Airport,San Pedro de Urabá,CO,Colombia,small_airport,"8.289325, -76.375006"
NQU,Reyes Murillo Airport,Nuquí,CO,Colombia,small_airport,"5.710348, -77.261868"
NUH,Nunchia Airport,Nunchia,CO,Colombia,small_airport,"5.65, -72.2"
NVA,Benito Salas Airport,Neiva,CO,Colombia,medium_airport,"2.95015, -75.294"
OCV,Aguas Claras Airport,Ocaña,CO,Colombia,medium_airport,"8.31506, -73.3583"
ORC,Orocue Airport,Orocue,CO,Colombia,small_airport,"4.79222, -71.3564"
OTU,Otu Airport,Remedios,CO,Colombia,small_airport,"7.010532, -74.715398"
PAL,German Olano Air Base,La Dorada,CO,Colombia,medium_airport,"5.48361, -74.6574"
PBE,Puerto Berrio Airport,Puerto Berrio,CO,Colombia,small_airport,"6.46034, -74.4105"
PCC,Puerto Rico Airport,Puerto Rico,CO,Colombia,small_airport,"1.916667, -75.166667"
PCR,German Olano Airport,Puerto Carreño,CO,Colombia,medium_airport,"6.18472, -67.4932"
PDA,Obando Cesar Gaviria Trujillo Airport,Puerto Inírida,CO,Colombia,medium_airport,"3.85353, -67.9062"
PEI,Matecaña International Airport,Pereira,CO,Colombia,medium_airport,"4.81267, -75.7395"
PLA,Planadas Airport,Planadas,CO,Colombia,small_airport,"3.197051, -75.642042"
PLT,Plato Airport,Plato,CO,Colombia,small_airport,"9.8, -74.7833"
PPN,Guillermo León Valencia Airport,Popayán,CO,Colombia,medium_airport,"2.4544, -76.6093"
PRE,Pore Airport,Pore,CO,Colombia,small_airport,"5.733333, -71.983333"
PSO,Antonio Nariño Airport,Chachagüí,CO,Colombia,medium_airport,"1.39625, -77.2915"
PTX,Pitalito Airport,Pitalito,CO,Colombia,medium_airport,"1.85777, -76.0857"
PUU,Tres De Mayo Airport,Puerto Asís,CO,Colombia,medium_airport,"0.505228, -76.5008"
PVA,El Embrujo Airport,Providencia,CO,Colombia,medium_airport,"13.357461, -81.357977"
PYA,Velásquez Airport,Puerto Boyacá,CO,Colombia,small_airport,"5.93904, -74.457"
PYN,Payán Airport,Payán,CO,Colombia,small_airport,"1.8, -78.166667"
PZA,Paz De Ariporo Airport,Paz De Ariporo,CO,Colombia,medium_airport,"5.87615, -71.8866"
PZR,Pizarro Airport,Bajo Baudó,CO,Colombia,small_airport,"4.961621, -77.363913"
RAV,Cravo Norte Airport,Cravo Norte,CO,Colombia,small_airport,"6.316404, -70.21137"
RCH,Almirante Padilla Airport,Riohacha,CO,Colombia,medium_airport,"11.5262, -72.926"
RON,Juan Jose Rondon Airport,Paipa,CO,Colombia,small_airport,"5.76454, -73.1054"
RVE,Los Colonizadores Airport,Saravena,CO,Colombia,small_airport,"6.951868, -71.857179"
SCA,Santa Catalina Airport,Santa Catalina,CO,Colombia,small_airport,"8.5, -76.175"
SJE,Jorge E. Gonzalez Torres Airport,San José Del Guaviare,CO,Colombia,medium_airport,"2.57969, -72.6394"
SJH,San Juan Del César Airport,San Juan Del César,CO,Colombia,small_airport,"10.766667, -73.016667"
SJR,San Juan De Uraba Airport,San Juan De Uraba,CO,Colombia,small_airport,"8.766667, -76.533333"
SMR,Simón Bolívar International Airport,Santa Marta,CO,Colombia,medium_airport,"11.1196, -74.2306"
SNT,Las Cruces Airport,Sabana de Torres,CO,Colombia,small_airport,"7.38322, -73.505402"
SOH,Solita Airport,Solita,CO,Colombia,small_airport,"3.016667, -71.75"
SOX,Alberto Lleras Camargo Airport,Sogamoso,CO,Colombia,small_airport,"5.67732, -72.9703"
SQB,Santa Ana Airport,Piedras,CO,Colombia,small_airport,"4.408333, -75.021667"
SQE,San Luis De Palenque Airport,San Luis De Palenque,CO,Colombia,small_airport,"5.400181, -71.7001"
SQF,Solano Airport,Solano,CO,Colombia,small_airport,"0.702022, -75.2505"
SRO,Santana Ramos Airport,Santana Ramos,CO,Colombia,small_airport,"2.216667, -75.25"
SRS,San Marcos Airport,San Marcos,CO,Colombia,small_airport,"8.69, -75.156"
SSL,Santa Rosalia Airport,Santa Rosalia,CO,Colombia,small_airport,"5.1309, -70.8682"
SVI,Eduardo Falla Solano Airport,San Vicente Del Caguán,CO,Colombia,medium_airport,"2.15217, -74.7663"
TAU,Tauramena Airport,Tauramena,CO,Colombia,small_airport,"5.01281, -72.7424"
TBD,Timbiqui Airport,Timbiqui,CO,Colombia,small_airport,"2.778569, -77.668045"
TCD,Tarapacá Airport,Tarapacá,CO,Colombia,small_airport,"-2.895802, -69.749762"
TCO,La Florida Airport,Tumaco,CO,Colombia,medium_airport,"1.81442, -78.7492"
TDA,Trinidad Airport,Trinidad,CO,Colombia,small_airport,"5.43278, -71.6625"
TIB,Tibú Airport,Tibú,CO,Colombia,small_airport,"8.63152, -72.7304"
TLU,Golfo de Morrosquillo Airport,Santiago de Tolú,CO,Colombia,small_airport,"9.50945, -75.5854"
TME,Gustavo Vargas Airport,Tame,CO,Colombia,medium_airport,"6.45108, -71.7603"
TQS,Captain Ernesto Esguerra Cubides Air Base,Tres Esquinas,CO,Colombia,medium_airport,"0.7459, -75.234"
TTM,Tablón De Tamara Airport,Tablón De Tamara,CO,Colombia,small_airport,"5.726667, -72.100556"
UIB,El Caraño Airport,Quibdó,CO,Colombia,medium_airport,"5.69076, -76.6412"
ULQ,Heriberto Gíl Martínez Airport,Tuluá,CO,Colombia,medium_airport,"4.08836, -76.2351"
ULS,Mulatos Airport,Mulatos,CO,Colombia,small_airport,"8.64019, -76.71884"
UNC,Unguía Airport,Unguía,CO,Colombia,small_airport,"8.032714, -77.091751"
URI,Uribe Airport,La Uribe,CO,Colombia,small_airport,"3.2375, -74.347222"
URR,Urrao Airport,Urrao,CO,Colombia,small_airport,"6.32883, -76.1425"
VAB,Yavarate Airport,Yavarate,CO,Colombia,small_airport,"0.611772, -69.207369"
VGZ,Villa Garzón Airport,Villa Garzón,CO,Colombia,small_airport,"0.978767, -76.6056"
VUP,Alfonso López Pumarejo Airport,Valledupar,CO,Colombia,medium_airport,"10.435, -73.2495"
VVC,Vanguardia Airport,Villavicencio,CO,Colombia,medium_airport,"4.16787, -73.6138"
ACO,Cóbano Airport,Cóbano,CR,Costa Rica,small_airport,"9.693365, -85.091216"
BAI,Buenos Aires Airport,Punta Arenas,CR,Costa Rica,medium_airport,"9.163949, -83.330171"
BCL,Barra del Colorado Airport,Pococi,CR,Costa Rica,medium_airport,"10.7687, -83.585602"
CSC,Mojica Airport,Cañas,CR,Costa Rica,small_airport,"10.4307003021, -85.17459869380001"
DRK,Drake Bay Airport,Puntarenas,CR,Costa Rica,small_airport,"8.71889019012, -83.6417007446"
FMG,Flamingo Airport,Brasilito,CR,Costa Rica,small_airport,"10.418600082397461, -85.78269958496094"
FON,La Fortuna Arenal Airport,La Fortuna,CR,Costa Rica,small_airport,"10.469311, -84.579073"
GLF,Golfito Airport,Golfito,CR,Costa Rica,medium_airport,"8.65401, -83.182198"
GPL,Guapiles Airport,Pococi,CR,Costa Rica,medium_airport,"10.2172002792, -83.79699707030001"
IPZ,San Isidro del General Airport,Pérez Zeledón,CR,Costa Rica,small_airport,"9.348676, -83.712301"
JAP,Chacarita Airport,Puntarenas,CR,Costa Rica,small_airport,"9.98141, -84.772697"
LIO,Limon International Airport,Puerto Limon,CR,Costa Rica,medium_airport,"9.95796012878418, -83.02200317382812"
LIR,Guanacaste Airport,Liberia,CR,Costa Rica,large_airport,"10.5933, -85.544403"
LSL,Los Chiles Airport,Los Chiles,CR,Costa Rica,medium_airport,"11.0353, -84.7061"
NCT,Guanacaste Airport,Nicoya/Guanacate,CR,Costa Rica,small_airport,"10.1394, -85.445801"
NOB,Nosara Airport,Nicoya,CR,Costa Rica,medium_airport,"9.976490020750001, -85.65299987790002"
OTR,Coto 47 Airport,Corredores,CR,Costa Rica,medium_airport,"8.60156, -82.968754"
PBP,Islita Airport,Nandayure,CR,Costa Rica,small_airport,"9.85611, -85.370796"
PJM,Puerto Jimenez Airport,Puerto Jimenez,CR,Costa Rica,medium_airport,"8.533329963684082, -83.30000305175781"
PLD,Playa Samara/Carrillo Airport,Carrillo,CR,Costa Rica,small_airport,"9.87051, -85.4814"
PMZ,Palmar Sur Airport,Palmar Sur,CR,Costa Rica,medium_airport,"8.95103, -83.468597"
RFR,Rio Frio / Progreso Airport,Rio Frio / Progreso,CR,Costa Rica,small_airport,"10.327400207519531, -83.88760375976562"
SJO,Juan Santamaría International Airport,San José (Alajuela),CR,Costa Rica,large_airport,"9.99386, -84.208801"
SYQ,Tobías Bolaños International Airport,San Jose,CR,Costa Rica,medium_airport,"9.95705, -84.139801"
TMU,Tambor Airport,Nicoya,CR,Costa Rica,small_airport,"9.739307, -85.016199"
TNO,Tamarindo Airport,Tamarindo,CR,Costa Rica,small_airport,"10.313500404358, -85.815498352051"
TOO,San Vito de Java Airport,Coto Brus,CR,Costa Rica,small_airport,"8.826971, -82.958922"
TTQ,Barra del Tortuguero,Tortuguero,CR,Costa Rica,small_airport,"10.569, -83.5149"
UPL,Upala Airport,Upala,CR,Costa Rica,medium_airport,"10.8922, -85.016197"
XQP,Quepos Managua Airport,Quepos,CR,Costa Rica,medium_airport,"9.44316, -84.129799"
AVI,Máximo Gómez Airport,Ciro Redondo,CU,Cuba,medium_airport,"22.0271, -78.789597"
BCA,Gustavo Rizo Airport,Baracoa,CU,Cuba,medium_airport,"20.365299224853516, -74.5062026977539"
BWW,Las Brujas Airport,Cayo Santa Maria,CU,Cuba,small_airport,"22.6213, -79.147202"
BYM,Carlos Manuel de Cespedes Airport,Bayamo,CU,Cuba,medium_airport,"20.3964, -76.621399"
CCC,Jardines Del Rey Airport,Cayo Coco,CU,Cuba,medium_airport,"22.461000442499998, -78.32839965820001"
CFG,Jaime Gonzalez Airport,Cienfuegos,CU,Cuba,medium_airport,"22.149999618530273, -80.41419982910156"
CMW,Ignacio Agramonte International Airport,Camaguey,CU,Cuba,medium_airport,"21.420299530029297, -77.84750366210938"
CYO,Vilo Acuña International Airport,Cayo Largo del Sur,CU,Cuba,medium_airport,"21.6165008545, -81.5459976196"
GAO,Mariana Grajales Airport,Guantánamo,CU,Cuba,medium_airport,"20.0853, -75.158302"
GER,Rafael Cabrera Airport,Nueva Gerona,CU,Cuba,medium_airport,"21.834699630737305, -82.78379821777344"
HAV,José Martí International Airport,Havana,CU,Cuba,large_airport,"22.989200592041016, -82.40910339355469"
HOG,Frank Pais International Airport,Holguin,CU,Cuba,medium_airport,"20.785600662231445, -76.31510162353516"
LCL,La Coloma Airport,Pinar del Rio,CU,Cuba,medium_airport,"22.3361, -83.641899"
MJG,Mayajigua Airport,Mayajigua,CU,Cuba,small_airport,"22.23080062866211, -79.06220245361328"
MOA,Orestes Acosta Airport,Moa,CU,Cuba,medium_airport,"20.653900146484375, -74.92220306396484"
MZO,Sierra Maestra International Airport,Manzanillo,CU,Cuba,medium_airport,"20.288605, -77.087545"
NBW,Leeward Point Field,Guantanamo Bay Naval Station,CU,Cuba,medium_airport,"19.9065, -75.2071"
SCU,Antonio Maceo International Airport,Santiago,CU,Cuba,medium_airport,"19.96980094909668, -75.83540344238281"
SNJ,San Julián Air Base,Sandino,CU,Cuba,medium_airport,"22.100525, -84.157376"
SNU,Abel Santamaria Airport,Santa Clara,CU,Cuba,medium_airport,"22.492201, -79.943604"
SZJ,Siguanea Airport,Isla de la Juventud,CU,Cuba,medium_airport,"21.6425, -82.955101"
TND,Alberto Delgado Airport,Trinidad,CU,Cuba,medium_airport,"21.7883, -79.9972"
UMA,Alfredo Noa Díaz Airport,Maisí,CU,Cuba,small_airport,"20.242374, -74.148268"
UPB,Playa Baracoa Airport,Havana,CU,Cuba,medium_airport,"23.032801, -82.579399"
USS,Sancti Spiritus Airport,Sancti Spiritus,CU,Cuba,small_airport,"21.9704, -79.442703"
VRA,Juan Gualberto Gomez International Airport,Matanzas,CU,Cuba,large_airport,"23.034401, -81.435303"
VRO,Kawama Airport,Santa Marta,CU,Cuba,medium_airport,"23.124001, -81.301598"
VTU,Hermanos Ameijeiras Airport,Las Tunas,CU,Cuba,medium_airport,"20.9876, -76.935799"
BVC,Rabil Airport,Rabil,CV,Cape Verde,medium_airport,"16.136499404907227, -22.888900756835938"
BVR,Esperadinha Airport,Brava Island,CV,Cape Verde,small_airport,"14.864306, -24.746"
MMO,Maio Airport,Vila do Maio,CV,Cape Verde,medium_airport,"15.155900001525879, -23.213699340820312"
MTI,Mosteiros Airport,Vila do Mosteiros,CV,Cape Verde,small_airport,"15.045, -24.339199"
NTO,Agostinho Neto Airport,Ponta do Sol,CV,Cape Verde,small_airport,"17.202800750732422, -25.090599060058594"
RAI,Nelson Mandela International Airport,Praia,CV,Cape Verde,large_airport,"14.941126, -23.484728"
SFL,São Filipe Airport,São Filipe,CV,Cape Verde,small_airport,"14.8850002289, -24.4799995422"
SID,Amílcar Cabral International Airport,Espargos,CV,Cape Verde,large_airport,"16.7414, -22.9494"
SNE,Preguiça Airport,Preguiça,CV,Cape Verde,medium_airport,"16.588852, -24.284132"
VXE,São Pedro Airport,São Pedro,CV,Cape Verde,medium_airport,"16.8332, -25.0553"
CUR,Hato International Airport,Willemstad,CW,CW,large_airport,"12.1889, -68.959801"
XCH,Christmas Island Airport,Flying Fish Cove,CX,CX,medium_airport,"-10.449382, 105.690931"
AKT,RAF Akrotiri,Akrotiri,CY,Cyprus,medium_airport,"34.590401, 32.9879"
ECN,Nicosia (Lefkoşa) Ercan International Airport,Tymbou (Kirklar),CY,Cyprus,medium_airport,"35.152337, 33.506584"
GEC,Lefkoniko Airport / Geçitkale Air Base,Lefkoniko (Geçitkale),CY,Cyprus,medium_airport,"35.23591, 33.720088"
LCA,Larnaca International Airport,Larnaca,CY,Cyprus,large_airport,"34.875099, 33.624901"
PFO,Paphos International Airport,Paphos,CY,Cyprus,medium_airport,"34.717999, 32.485699"
BRQ,Brno-Tuřany Airport,Brno,CZ,Czech Republic,medium_airport,"49.15129852294922, 16.694400787353516"
HRA,Mnichovo Hradiště Airport,Mnichovo Hradiště,CZ,Czech Republic,small_airport,"50.540199, 15.0066"
JCL,České Budějovice South Bohemian Airport,České Budějovice,CZ,Czech Republic,small_airport,"48.9464, 14.4275"
KLV,Karlovy Vary Airport,Karlovy Vary,CZ,Czech Republic,medium_airport,"50.202999, 12.915"
OLO,Olomouc Airport,Olomouc,CZ,Czech Republic,small_airport,"49.587712, 17.209275"
OSR,Ostrava Leos Janáček Airport,Mošnov,CZ,Czech Republic,medium_airport,"49.696301, 18.111099"
PED,Pardubice Airport,Pardubice,CZ,Czech Republic,medium_airport,"50.01340103149414, 15.73859977722168"
PRG,Václav Havel Airport Prague,Prague,CZ,Czech Republic,large_airport,"50.100874, 14.259911"
PRV,Přerov Air Base,Přerov,CZ,Czech Republic,medium_airport,"49.4258, 17.404699"
UHE,Kunovice Airport,Uherské Hradiště,CZ,Czech Republic,medium_airport,"49.0294, 17.439699"
VOD,Vodochody Airport,Vodochody,CZ,Czech Republic,medium_airport,"50.216599, 14.3958"
ZBE,Zábřeh Dolní Benešov Airfield,Dolní Benešov,CZ,Czech Republic,small_airport,"49.928258, 18.075557"
AAH,Aachen-Merzbrück Airport,Aachen,DE,Germany,small_airport,"50.823055, 6.186389"
AGB,Augsburg Airport,Augsburg,DE,Germany,medium_airport,"48.425278, 10.931667"
AGE,Wangerooge Airport,Wangerooge,DE,Germany,small_airport,"53.782544, 7.919584"
AOC,Leipzig–Altenburg Airport,Nobitz,DE,Germany,medium_airport,"50.981945, 12.506389"
BBH,Stralsund-Barth Airport,Barth,DE,Germany,small_airport,"54.338253, 12.710515"
BBJ,Bitburg Airport,Bitburg,DE,Germany,small_airport,"49.945278, 6.565"
BER,Berlin Brandenburg Airport,Berlin,DE,Germany,large_airport,"52.362247, 13.500672"
BFE,Bielefeld Airport,Bielefeld,DE,Germany,small_airport,"51.964722, 8.544444"
BMK,Borkum Airport,Borkum,DE,Germany,small_airport,"53.59639, 6.709167"
BMR,Baltrum Airport,Baltrum,DE,Germany,small_airport,"53.72485, 7.373257"
BRE,Bremen Airport,Bremen,DE,Germany,medium_airport,"53.046786, 8.78932"
BWE,Braunschweig-Wolfsburg Airport,Braunschweig,DE,Germany,medium_airport,"52.319199, 10.5561"
BYU,Bayreuth Airport,Bindlach,DE,Germany,medium_airport,"49.985001, 11.64"
CGN,Cologne Bonn Airport,Köln (Cologne),DE,Germany,large_airport,"50.865898, 7.14274"
CSO,Cochstedt Airport,Hecklingen,DE,Germany,small_airport,"51.8564, 11.4203"
DRS,Dresden Airport,Dresden,DE,Germany,medium_airport,"51.134123, 13.767831"
DTM,Dortmund Airport,Dortmund,DE,Germany,medium_airport,"51.518299, 7.61224"
DUS,Düsseldorf Airport,Düsseldorf,DE,Germany,large_airport,"51.289501, 6.76678"
EIB,Eisenach-Kindel Airport,Hörselberg-Hainich,DE,Germany,medium_airport,"50.991604, 10.47973"
EME,Emden Airport,Emden,DE,Germany,small_airport,"53.391109, 7.2275"
ERF,Erfurt-Weimar Airport,Erfurt,DE,Germany,medium_airport,"50.979801, 10.9581"
ESS,Essen-Mülheim Airport,Essen,DE,Germany,small_airport,"51.402302, 6.93733"
EUM,Neumünster Airport,Neumünster,DE,Germany,small_airport,"54.079445, 9.941389"
FCN,Sea-Airport Cuxhaven/Nordholz / Nordholz Naval Airbase,Wurster Nordseeküste,DE,Germany,medium_airport,"53.767689, 8.659201"
FDH,Friedrichshafen Airport,Friedrichshafen,DE,Germany,medium_airport,"47.671299, 9.51149"
FKB,Karlsruhe Baden-Baden Airport,Rheinmünster,DE,Germany,medium_airport,"48.7794, 8.0805"
FLF,Flensburg-Schäferhaus Airport,Flensburg,DE,Germany,small_airport,"54.773335, 9.378889"
FMM,Memmingen Allgau Airport,Memmingen,DE,Germany,medium_airport,"47.988800048799995, 10.2395000458"
FMO,Münster Osnabrück Airport,Greven,DE,Germany,medium_airport,"52.134602, 7.68483"
FNB,Neubrandenburg Trollenhagen Airport,Trollenhagen,DE,Germany,medium_airport,"53.6022, 13.306"
FRA,Frankfurt Airport,Frankfurt am Main,DE,Germany,large_airport,"50.030241, 8.561096"
FRZ,Fritzlar Army Airfield,Fritzlar,DE,Germany,medium_airport,"51.1146, 9.286"
GHF,Giebelstadt Airport,Giebelstadt,DE,Germany,small_airport,"49.6480560303, 9.966388702390002"
GKE,Geilenkirchen Air Base,Geilenkirchen,DE,Germany,medium_airport,"50.9608, 6.04242"
GTI,Rügen Airport,Dreschvitz,DE,Germany,small_airport,"54.38347, 13.325542"
GWT,Westerland Sylt Airport,Sylt,DE,Germany,medium_airport,"54.9132, 8.34047"
HAJ,Hannover Airport,Hannover,DE,Germany,large_airport,"52.461102, 9.68508"
HAM,Hamburg Helmut Schmidt Airport,Hamburg,DE,Germany,large_airport,"53.630402, 9.98823"
HDF,Heringsdorf Airport,Zirchow,DE,Germany,medium_airport,"53.8787, 14.1523"
HEI,Heide-Büsum Airport,Oesterdeichstrich,DE,Germany,small_airport,"54.153332, 8.901667"
HGL,Helgoland-Düne Airport,Helgoland,DE,Germany,small_airport,"54.185279846200004, 7.91583299637"
HHN,Frankfurt-Hahn Airport,Frankfurt am Main (Lautzenhausen),DE,Germany,medium_airport,"49.9487, 7.26389"
HOQ,Hof-Plauen Airport,Hof,DE,Germany,medium_airport,"50.288544, 11.852876"
IES,Riesa-Göhlis Airport,Riesa,DE,Germany,small_airport,"51.29361, 13.356111"
IGS,Ingolstadt Manching Airport,Manching,DE,Germany,medium_airport,"48.7156982421875, 11.534000396728516"
IZE,Itzehoe Hungriger Wolf Airfield,Hohenlockstedt,DE,Germany,small_airport,"53.992009, 9.576409"
JUI,Juist Airport,Juist,DE,Germany,small_airport,"53.681421, 7.056398"
KEL,Kiel-Holtenau Airport,Kiel,DE,Germany,medium_airport,"54.37957, 10.145266"
KOQ,Köthen Airport,Köthen (Anhalt),DE,Germany,small_airport,"51.723745, 11.948826"
KSF,Kassel Airport,Calden,DE,Germany,medium_airport,"51.420699, 9.392152"
KZG,Kitzingen Airfield,Kitzingen,DE,Germany,small_airport,"49.744293, 10.207313"
LBC,Lübeck Blankensee Airport,Lübeck,DE,Germany,medium_airport,"53.805401, 10.7192"
LEJ,Leipzig/Halle Airport,Schkeuditz,DE,Germany,large_airport,"51.420657, 12.232705"
LGO,Langeoog Airport,Langeoog,DE,Germany,small_airport,"53.742379, 7.496345"
LHA,Lahr Airport,Lahr/Schwarzwald,DE,Germany,medium_airport,"48.369301, 7.82772"
MGL,Mönchengladbach Airport,Mönchengladbach,DE,Germany,medium_airport,"51.230278, 6.504444"
MHG,Mannheim-City Airport,Mannheim,DE,Germany,medium_airport,"49.473057, 8.514167"
MUC,Munich Airport,Munich,DE,Germany,large_airport,"48.353802, 11.7861"
NOD,Norden-Norddeich Airport,Norddeich,DE,Germany,small_airport,"53.633057, 7.190278"
NRD,Norderney Airport,Norderney,DE,Germany,small_airport,"53.706944, 7.23"
NRN,Weeze Airport,Weeze,DE,Germany,medium_airport,"51.6024017334, 6.14216995239"
NUE,Nuremberg Airport,Nuremberg,DE,Germany,large_airport,"49.498699, 11.078056"
OBF,Oberpfaffenhofen Airport,Weßling,DE,Germany,medium_airport,"48.081402, 11.2831"
OHR,Wyk auf Föhr Airport,Wyk auf Föhr,DE,Germany,small_airport,"54.684444, 8.528333"
PAD,Paderborn Lippstadt Airport,Büren,DE,Germany,medium_airport,"51.614101, 8.61632"
PEF,Peenemünde Airport,Peenemünde,DE,Germany,small_airport,"54.15778, 13.774444"
PSH,Sankt Peter-Ording Airport,Sankt Peter-Ording,DE,Germany,small_airport,"54.308887, 8.686944"
QHU,Husum-Schwesing Airport,Husum,DE,Germany,small_airport,"54.5099983215, 9.138333320620001"
RBM,Straubing Airport,Atting,DE,Germany,small_airport,"48.900833, 12.516667"
REB,Müritz Airpark,Lärz,DE,Germany,small_airport,"53.306389, 12.752222"
RLG,Rostock-Laage Airport,Laage,DE,Germany,medium_airport,"53.918201, 12.2783"
RMS,Ramstein Air Base,Ramstein-Miesenbach,DE,Germany,medium_airport,"49.436901, 7.60028"
SCN,Saarbrücken Airport,Saarbrücken,DE,Germany,medium_airport,"49.214599609400004, 7.10950994492"
SGE,Siegerland Airport,Burbach,DE,Germany,medium_airport,"50.707699, 8.08297"
SPM,Spangdahlem Air Base,Trier,DE,Germany,medium_airport,"49.976507, 6.698413"
STR,Stuttgart Airport,Stuttgart,DE,Germany,large_airport,"48.689899, 9.22196"
URD,Burg Feuerstein Airport,Ebermannstadt,DE,Germany,small_airport,"49.794167, 11.133611"
VAC,Varrelbusch Airfield,Cloppenburg,DE,Germany,small_airport,"52.908333, 8.040556"
WBG,Schleswig Air Base,Jagel,DE,Germany,medium_airport,"54.459301, 9.51633"
WIE,Wiesbaden Army Airfield,Wiesbaden,DE,Germany,medium_airport,"50.049800872802734, 8.325400352478027"
WVN,JadeWeser Airport,Wilhelmshaven,DE,Germany,small_airport,"53.50222, 8.052222"
XFW,Hamburg-Finkenwerder Airport,Hamburg,DE,Germany,medium_airport,"53.5352783203125, 9.835556030273438"
ZQW,Zweibrücken Airport,Zweibrücken,DE,Germany,small_airport,"49.2094, 7.40056"
AII,Ali-Sabieh Airport,Ali-Sabieh,DJ,Djibouti,small_airport,"11.146889, 42.72"
JIB,Djibouti-Ambouli Airport,Djibouti City,DJ,Djibouti,large_airport,"11.5473, 43.1595"
MHI,Moucha Airport,Moucha Island,DJ,Djibouti,small_airport,"11.72975, 43.209559"
OBC,Obock Airport,Obock,DJ,Djibouti,small_airport,"11.967000007629395, 43.266998291015625"
TDJ,Tadjoura Airport,Tadjoura,DJ,Djibouti,small_airport,"11.787037, 42.917376"
AAL,Aalborg Airport,Aalborg,DK,Denmark,medium_airport,"57.094763, 9.84993"
AAR,Aarhus Airport,Aarhus,DK,Denmark,medium_airport,"56.303331, 10.618286"
BLL,Billund Airport,Billund,DK,Denmark,large_airport,"55.740335, 9.157019"
BYR,Læsø Airport,Læsø,DK,Denmark,small_airport,"57.277199, 11.0001"
CNL,Sindal Airport,Sindal,DK,Denmark,medium_airport,"57.503502, 10.2294"
CPH,Copenhagen Kastrup Airport,Copenhagen,DK,Denmark,large_airport,"55.617900848389, 12.656000137329"
EBJ,Esbjerg Airport,Esbjerg,DK,Denmark,medium_airport,"55.525902, 8.5534"
KRP,Midtjyllands Airport / Air Base Karup,Karup,DK,Denmark,medium_airport,"56.297139, 9.104311"
MRW,Lolland Falster Maribo Airport,Rødby,DK,Denmark,medium_airport,"54.699447, 11.438163"
ODE,Odense Hans Christian Andersen Airport,Odense,DK,Denmark,medium_airport,"55.475307, 10.327206"
RKE,Copenhagen Roskilde Airport,Roskilde,DK,Denmark,medium_airport,"55.585602, 12.1314"
RNN,Bornholm Airport,Rønne,DK,Denmark,medium_airport,"55.063301, 14.7596"
SGD,Sønderborg Airport,Sønderborg,DK,Denmark,medium_airport,"54.96440124511719, 9.791729927062988"
SKS,Skrydstrup Air Base,Vojens,DK,Denmark,medium_airport,"55.221048, 9.26702"
SQW,Skive Airport,Skive,DK,Denmark,medium_airport,"56.550201, 9.17298"
STA,Stauning Vestjylland  Airport,Skjern,DK,Denmark,medium_airport,"55.990101, 8.35391"
TED,Thisted Airport,Thisted,DK,Denmark,medium_airport,"57.068802, 8.70522"
DCF,Canefield Airport,Canefield,DM,Dominica,medium_airport,"15.336693, -61.392108"
DOM,Douglas-Charles Airport,Marigot,DM,Dominica,medium_airport,"15.547, -61.299999"
AZS,Samaná El Catey International Airport,Samana,DO,Dominican Republic,medium_airport,"19.269259, -69.737405"
BRX,Maria Montez International Airport,Barahona,DO,Dominican Republic,medium_airport,"18.25149917602539, -71.12039947509766"
CBJ,Cabo Rojo Airport,Cabo Rojo,DO,Dominican Republic,medium_airport,"17.929000854492188, -71.6447982788086"
COZ,Constanza - Expedición 14 de Junio National Airport,Costanza,DO,Dominican Republic,small_airport,"18.907499, -70.721901"
JBQ,La Isabela International Airport,La Isabela,DO,Dominican Republic,medium_airport,"18.572500228881836, -69.98560333251953"
LRM,Casa De Campo International Airport,La Romana,DO,Dominican Republic,large_airport,"18.452222, -68.911111"
POP,Gregorio Luperon International Airport,Puerto Plata,DO,Dominican Republic,medium_airport,"19.7579, -70.57"
PUJ,Punta Cana International Airport,Punta Cana,DO,Dominican Republic,large_airport,"18.5674, -68.363403"
SDQ,Las Américas International Airport,Santo Domingo,DO,Dominican Republic,large_airport,"18.42970085144, -69.668899536133"
STI,Cibao International Airport,Santiago,DO,Dominican Republic,medium_airport,"19.406099319458008, -70.60469818115234"
AAE,Annaba Rabah Bitat Airport,Annaba,DZ,Algeria,medium_airport,"36.826781, 7.81334"
ALG,Houari Boumediene Airport,Algiers,DZ,Algeria,large_airport,"36.693886, 3.214531"
AZR,Touat Cheikh Sidi Mohamed Belkebir Airport,Adrar,DZ,Algeria,medium_airport,"27.837601, -0.186414"
BFW,Sidi Bel Abbes Airport,Sidi Bel Abbès,DZ,Algeria,small_airport,"35.1717987061, -0.593275010586"
BJA,Soummam–Abane Ramdane Airport,Béjaïa,DZ,Algeria,medium_airport,"36.711952, 5.069804"
BLJ,Batna Mostefa Ben Boulaid Airport,Batna,DZ,Algeria,medium_airport,"35.752102, 6.30859"
BMW,Bordj Badji Mokhtar Airport,Bordj Badji Mokhtar,DZ,Algeria,small_airport,"21.3778, 0.92698"
BSK,Biskra - Mohamed Khider Airport,Biskra,DZ,Algeria,medium_airport,"34.793301, 5.73823"
BUJ,Bou Saada Airport,Ouled Sidi Brahim,DZ,Algeria,medium_airport,"35.3325, 4.20639"
CBH,Béchar Boudghene Ben Ali Lotfi Airport,Béchar,DZ,Algeria,medium_airport,"31.645700454711914, -2.269860029220581"
CFK,Chlef Aboubakr Belkaid International Airport,Chlef,DZ,Algeria,medium_airport,"36.217166, 1.342237"
CZL,Mohamed Boudiaf International Airport,Constantine,DZ,Algeria,medium_airport,"36.2760009765625, 6.620389938354492"
DJG,Djanet Inedbirene Airport,Djanet,DZ,Algeria,medium_airport,"24.292801, 9.45244"
EBH,El Bayadh Airport,El Bayadh,DZ,Algeria,small_airport,"33.721667, 1.0925"
ELG,El Golea Airport,El Menia,DZ,Algeria,medium_airport,"30.580732, 2.861595"
ELU,Guemar Airport - مطار قمار بالوادي,Guemar,DZ,Algeria,medium_airport,"33.511398, 6.77679"
GHA,Noumérat - Moufdi Zakaria Airport,El Atteuf,DZ,Algeria,medium_airport,"32.384102, 3.79411"
GJL,Jijel Ferhat Abbas Airport,Tahir,DZ,Algeria,medium_airport,"36.795101, 5.87361"
HME,Hassi Messaoud-Oued Irara Krim Belkacem Airport,Hassi Messaoud,DZ,Algeria,medium_airport,"31.673, 6.14044"
HRM,Hassi R'Mel Airport,Hassi R'Mel,DZ,Algeria,medium_airport,"32.930401, 3.31154"
IAM,Zarzaitine - In Aménas Airport,In Aménas,DZ,Algeria,medium_airport,"28.0515, 9.64291"
INF,In Guezzam Airport,In Guezzam,DZ,Algeria,small_airport,"19.560518, 5.749326"
INZ,In Salah Airport,In Salah,DZ,Algeria,medium_airport,"27.250999, 2.51202"
LOO,Laghouat - Molay Ahmed Medeghri Airport,Laghouat,DZ,Algeria,medium_airport,"33.7644, 2.92834"
MQV,Mostaganem Airport,Sayada,DZ,Algeria,small_airport,"35.90518, 0.144539"
MUW,Ghriss Airport,Ghriss,DZ,Algeria,medium_airport,"35.207699, 0.147142"
MZW,Mecheria Airport,Mecheria,DZ,Algeria,medium_airport,"33.535900116, -0.242353007197"
OGX,Ain Beida Airport,Ouargla,DZ,Algeria,medium_airport,"31.9172, 5.41278"
ORN,Oran Es-Sénia (Ahmed Ben Bella) International Airport,Es-Sénia,DZ,Algeria,medium_airport,"35.623901, -0.621183"
QDJ,Tsletsi Airport,Djelfa,DZ,Algeria,small_airport,"34.6657, 3.351"
QLD,Blida Airport,Blida,DZ,Algeria,medium_airport,"36.503601, 2.81417"
QMH,Oum El Bouaghi Air Base,Oum El Bouaghi,DZ,Algeria,small_airport,"35.8797, 7.2708"
QSF,Ain Arnat Airport,Sétif,DZ,Algeria,medium_airport,"36.178100585900005, 5.3244900703399995"
TAF,Oran Tafraoui Airport,Tafraoui,DZ,Algeria,medium_airport,"35.5424, -0.532278"
TEE,Cheikh Larbi Tébessi Airport,Tébessi,DZ,Algeria,medium_airport,"35.4315986633, 8.12071990967"
TGR,Touggourt Sidi Madhi Airport,Touggourt,DZ,Algeria,medium_airport,"33.067799, 6.08867"
TID,Abdelhafid Boussouf Bou Chekif Airport,Tiaret,DZ,Algeria,medium_airport,"35.341099, 1.46315"
TIN,Tindouf Airport,Tindouf,DZ,Algeria,medium_airport,"27.7003993988, -8.167099952700001"
TLM,Zenata – Messali El Hadj Airport,Zenata,DZ,Algeria,medium_airport,"35.013426, -1.457191"
TMR,Aguenar – Hadj Bey Akhamok Airport,Tamanrasset,DZ,Algeria,medium_airport,"22.811501, 5.45108"
TMX,Timimoun Airport,Timimoun,DZ,Algeria,medium_airport,"29.237101, 0.276033"
VVZ,Illizi Takhamalt Airport,Illizi,DZ,Algeria,medium_airport,"26.723499, 8.62265"
ATF,Chachoán Regional Airport,Ambato,EC,Ecuador,medium_airport,"-1.21207, -78.5746"
BHA,Los Perales Airport,Bahía de Caraquez,EC,Ecuador,small_airport,"-0.608111, -80.402702"
CUE,Mariscal Lamar Airport,Cuenca,EC,Ecuador,medium_airport,"-2.88947, -78.984398"
ESM,Carlos Concha Torres International Airport,Tachina,EC,Ecuador,medium_airport,"0.978519, -79.626602"
ETR,Santa Rosa - Artillery Colonel Victor Larrea International Airport,Santa Rosa,EC,Ecuador,medium_airport,"-3.441986, -79.996957"
GPS,Seymour Galapagos Ecological Airport,Isla Baltra,EC,Ecuador,small_airport,"-0.453758, -90.2659"
GYE,José Joaquín de Olmedo International Airport,Guayaquil,EC,Ecuador,large_airport,"-2.15742, -79.883598"
IBB,General Villamil Airport,Puerto Villamil,EC,Ecuador,small_airport,"-0.942628, -90.953003"
JIP,Jipijapa Airport,Jipijapa,EC,Ecuador,small_airport,"-1.0, -80.66666412353516"
LGQ,Nueva Loja Airport,Lago Agrio,EC,Ecuador,small_airport,"0.0930560007691, -76.86750030520001"
LOH,Ciudad de Catamayo Airport,La Toma (Catamayo),EC,Ecuador,small_airport,"-3.995606, -79.371902"
LTX,Cotopaxi International Airport,Latacunga,EC,Ecuador,medium_airport,"-0.906833, -78.615799"
MEC,Eloy Alfaro International Airport,Manta,EC,Ecuador,medium_airport,"-0.9460780024528503, -80.67880249023438"
MRR,Jose Maria Velasco Ibarra Airport,Macará,EC,Ecuador,medium_airport,"-4.37823009491, -79.94100189210002"
MZD,Méndez Airport,Santiago de Méndez,EC,Ecuador,small_airport,"-2.733330011367798, -78.31670379638672"
OCC,Francisco De Orellana Airport,Coca,EC,Ecuador,medium_airport,"-0.462886, -76.986801"
PTZ,Rio Amazonas Airport,Shell Mera,EC,Ecuador,small_airport,"-1.50524, -78.062698"
PVO,Reales Tamarindos Airport,Portoviejo,EC,Ecuador,medium_airport,"-1.04165, -80.472198"
PYO,Putumayo Airport,Puerto Putumayo,EC,Ecuador,small_airport,"0.115949, -75.85022"
SCY,San Cristóbal Airport,Puerto Baquerizo Moreno,EC,Ecuador,small_airport,"-0.910206, -89.617401"
SNC,General Ulpiano Paez Airport,Salinas,EC,Ecuador,medium_airport,"-2.210057, -80.985067"
SUQ,Sucúa Airport,Sucúa,EC,Ecuador,small_airport,"-2.474201, -78.169041"
TNW,Jumandy Airport,Ahuano,EC,Ecuador,medium_airport,"-1.060185, -77.580525"
TPC,Tarapoa Airport,Tarapoa,EC,Ecuador,medium_airport,"-0.122956, -76.337799"
TPN,Tiputini Airport,Tiputini,EC,Ecuador,small_airport,"-0.776111, -75.526398"
TSC,Taisha Airport,Taisha,EC,Ecuador,small_airport,"-2.38167, -77.5028"
TUA,Lieutenant Colonel Luis A. Mantilla International Airport,Tulcán,EC,Ecuador,medium_airport,"0.809506, -77.708099"
UIO,Mariscal Sucre International Airport,Quito,EC,Ecuador,large_airport,"-0.125399, -78.354306"
XMS,Coronel E Carvajal Airport,Macas,EC,Ecuador,medium_airport,"-2.2991700172424316, -78.12079620361328"
EPU,Pärnu Airport,Pärnu,EE,Estonia,medium_airport,"58.41899871826172, 24.47279930114746"
KDL,Kärdla Airport,Kärdla,EE,Estonia,medium_airport,"58.99079895019531, 22.830699920654297"
TAY,Tartu Airport,Reola,EE,Estonia,medium_airport,"58.307438, 26.686473"
TLL,Lennart Meri Tallinn Airport,Tallinn,EE,Estonia,large_airport,"59.413246, 24.83264"
URE,Kuressaare Airport,Kuressaare,EE,Estonia,medium_airport,"58.22990036010742, 22.50950050354004"
AAC,El Arish International Airport,El Arish,EG,Egypt,medium_airport,"31.078565, 33.836791"
ABS,Abu Simbel Airport,Abu Simbel,EG,Egypt,medium_airport,"22.367657, 31.609962"
ASW,Aswan International Airport,Aswan,EG,Egypt,medium_airport,"23.968137, 32.824445"
ATZ,Asyut International Airport,Asyut,EG,Egypt,medium_airport,"27.050818, 31.016309"
AUE,Abu Rudeis Airport,Ras Abu Rudeis,EG,Egypt,small_airport,"28.899694, 33.202057"
CAI,Cairo International Airport,Cairo,EG,Egypt,large_airport,"30.111534, 31.396694"
CCE,Capital International Airport,New Cairo,EG,Egypt,medium_airport,"30.074293, 31.84296"
DAK,Ad Dakhla Airport,Dakhla Oases,EG,Egypt,small_airport,"25.41116, 29.003273"
DBB,El Alamein International Airport,El Alamein,EG,Egypt,medium_airport,"30.924324, 28.46161"
EES,Berenice International Airport / Banas Cape Air Base,Berenice Troglodytica,EG,Egypt,medium_airport,"23.980437, 35.460277"
EGH,El Jora Airport,El Jora,EG,Egypt,medium_airport,"31.078138, 34.153131"
ELT,At Tur Airport,At Tur,EG,Egypt,small_airport,"28.208964, 33.645483"
EMY,El Minya Airport,El Minya,EG,Egypt,small_airport,"28.090509, 30.738738"
GSQ,El Owainat East International Airport,Sharq El Owainat,EG,Egypt,small_airport,"22.584256, 28.721609"
HBE,Borj El Arab International Airport,Alexandria,EG,Egypt,medium_airport,"30.93249, 29.696437"
HMB,Suhaj Mubarak International Airport,Suhaj,EG,Egypt,large_airport,"26.342515, 31.743017"
HRG,Hurghada International Airport,Hurghada,EG,Egypt,large_airport,"27.176776, 33.796692"
LXR,Luxor International Airport,Luxor,EG,Egypt,medium_airport,"25.671037, 32.706451"
MUH,Marsa Matruh International Airport,Marsa Matruh,EG,Egypt,medium_airport,"31.325464, 27.221716"
PSD,Port Said International Airport,Port Said,EG,Egypt,medium_airport,"31.279285, 32.240582"
RDL,Bardawil International Airport,El Hassana,EG,Egypt,medium_airport,"30.410714, 33.15535"
RMF,Marsa Alam International Airport,Marsa Alam,EG,Egypt,medium_airport,"25.555548, 34.59245"
SEW,Siwa Oasis North Airport,Siwa Oasis,EG,Egypt,small_airport,"29.346234, 25.505624"
SKV,Saint Catherine International Airport,Saint Catherine,EG,Egypt,medium_airport,"28.684601, 34.062681"
SPX,Sphinx International Airport,Al Jiza,EG,Egypt,medium_airport,"30.108078, 30.889252"
SQK,Sidi EL Barrani Airport,Sidi El Barrani,EG,Egypt,small_airport,"31.47201, 25.879272"
SSH,Sharm El Sheikh International Airport,Sharm El Sheikh,EG,Egypt,large_airport,"27.977272, 34.394717"
TCP,Taba International Airport,Taba,EG,Egypt,medium_airport,"29.594496, 34.775752"
UVL,El Kharja Airport,Kharja Oases,EG,Egypt,small_airport,"25.471483, 30.588491"
EUN,Hassan I Airport,El Aaiún,EH,Western Sahara,medium_airport,"27.142467, -13.224947"
SMW,Smara Airport,Smara,EH,Western Sahara,medium_airport,"26.731987, -11.683655"
VIL,Dakhla Airport,Dakhla,EH,Western Sahara,medium_airport,"23.7183, -15.932"
ASA,Assab International Airport,Assab,ER,Eritrea,medium_airport,"13.0718, 42.645"
ASM,Asmara International Airport,Asmara,ER,Eritrea,medium_airport,"15.291899681091309, 38.910701751708984"
MSW,Massawa International Airport,Massawa,ER,Eritrea,medium_airport,"15.67, 39.370098"
TES,Tessenei Airport,Tessenei,ER,Eritrea,small_airport,"15.104322, 36.681711"
ABC,Albacete Airport / Los Llanos Air Base,Albacete,ES,Spain,medium_airport,"38.948502, -1.86352"
ACE,César Manrique-Lanzarote Airport,San Bartolomé,ES,Spain,large_airport,"28.945499, -13.6052"
AGP,Málaga-Costa del Sol Airport,Málaga,ES,Spain,large_airport,"36.6749, -4.49911"
ALC,Alicante-Elche Miguel Hernández Airport,Alicante,ES,Spain,large_airport,"38.2822, -0.558156"
BCN,Josep Tarradellas Barcelona-El Prat Airport,Barcelona,ES,Spain,large_airport,"41.2971, 2.07846"
BIO,Bilbao Airport,Bilbao,ES,Spain,medium_airport,"43.301102, -2.91061"
BJZ,Badajoz Airport,Badajoz,ES,Spain,medium_airport,"38.8913, -6.82133"
CDT,Castellón-Costa Azahar Airport,Castellón de la Plana,ES,Spain,medium_airport,"40.213889, 0.073333"
CQM,Ciudad Real International Airport,Ciudad Real,ES,Spain,medium_airport,"38.856479, -3.969944"
EAS,San Sebastián Airport,Hondarribia,ES,Spain,medium_airport,"43.356499, -1.79061"
FUE,Fuerteventura Airport,El Matorral,ES,Spain,large_airport,"28.4527, -13.8638"
GMZ,La Gomera Airport,"Alajero, La Gomera Island",ES,Spain,small_airport,"28.0296, -17.2146"
GRO,Girona-Costa Brava Airport,Girona,ES,Spain,medium_airport,"41.904639, 2.761774"
GRX,F.G.L. Airport Granada-Jaén Airport,Granada,ES,Spain,medium_airport,"37.188702, -3.77736"
HSK,Huesca-Pirineos Airport,Monflorite/Alcalá del Obispo,ES,Spain,small_airport,"42.076099, -0.316667"
IBZ,Ibiza Airport,Ibiza (Eivissa),ES,Spain,large_airport,"38.872898, 1.37312"
ILD,Lleida-Alguaire Airport,Lleida,ES,Spain,medium_airport,"41.728185, 0.535023"
LCG,A Coruña Airport,Culleredo,ES,Spain,medium_airport,"43.302101, -8.37726"
LEI,Almería Airport,Almería,ES,Spain,medium_airport,"36.843899, -2.3701"
LEN,León Airport,León,ES,Spain,medium_airport,"42.589001, -5.65556"
LEU,Pirineus - la Seu d'Urgel Airport,La Seu d'Urgell Pyrenees and Andorra,ES,Spain,small_airport,"42.3386, 1.40917"
LPA,Gran Canaria Airport,Gran Canaria Island,ES,Spain,large_airport,"27.9319, -15.3866"
MAD,Adolfo Suárez Madrid–Barajas Airport,Madrid,ES,Spain,large_airport,"40.471926, -3.56264"
MAH,Menorca Airport,Mahón (Maó),ES,Spain,medium_airport,"39.862598, 4.21865"
MJV,San Javier Airport,San Javier,ES,Spain,medium_airport,"37.775002, -0.812389"
MLN,Melilla Airport,Melilla,ES,Spain,medium_airport,"35.2798, -2.95626"
ODB,Córdoba Airport,Córdoba,ES,Spain,medium_airport,"37.841999, -4.84888"
OVD,Asturias Airport,Ranón,ES,Spain,medium_airport,"43.563599, -6.03462"
OZP,Moron Air Base,Morón,ES,Spain,medium_airport,"37.17490005493164, -5.615940093994141"
PMI,Palma de Mallorca Airport,Palma de Mallorca,ES,Spain,large_airport,"39.551701, 2.73881"
PNA,Pamplona Airport,Pamplona,ES,Spain,medium_airport,"42.77, -1.64633"
REU,Reus Airport,Reus,ES,Spain,medium_airport,"41.1474, 1.16717"
RGS,Burgos Airport,Burgos,ES,Spain,medium_airport,"42.357601, -3.62076"
RJL,Logroño-Agoncillo Airport,Logroño,ES,Spain,medium_airport,"42.460953, -2.322235"
RMU,Región de Murcia International Airport,Corvera,ES,Spain,medium_airport,"37.803, -1.125"
ROZ,Rota Naval Station Airport,Rota,ES,Spain,medium_airport,"36.645198822, -6.34946012497"
SCQ,Santiago-Rosalía de Castro Airport,Santiago de Compostela,ES,Spain,large_airport,"42.896301, -8.41514"
SDR,Seve Ballesteros-Santander Airport,Santander,ES,Spain,medium_airport,"43.427101, -3.82001"
SLM,Salamanca Airport,Salamanca,ES,Spain,medium_airport,"40.952099, -5.50199"
SPC,La Palma Airport,"Sta Cruz de la Palma, La Palma Island",ES,Spain,medium_airport,"28.626499, -17.7556"
SVQ,Sevilla Airport,Sevilla,ES,Spain,medium_airport,"37.417999, -5.89311"
TEV,Teruel Airport,Teruel,ES,Spain,medium_airport,"40.410269, -1.217366"
TFN,Tenerife Norte-Ciudad de La Laguna Airport,Tenerife,ES,Spain,medium_airport,"28.4827, -16.341499"
TFS,Tenerife Sur Airport,Tenerife,ES,Spain,large_airport,"28.0445, -16.5725"
TOJ,Madrid–Torrejón Airport / Torrejón Air Base,Madrid,ES,Spain,medium_airport,"40.487875, -3.456808"
VDE,El Hierro Airport,El Hierro Island,ES,Spain,medium_airport,"27.8148, -17.8871"
VGO,Vigo Airport,Vigo,ES,Spain,medium_airport,"42.2318, -8.62677"
VIT,Vitoria Airport,Alava,ES,Spain,medium_airport,"42.882801, -2.72447"
VLC,Valencia Airport,Valencia,ES,Spain,medium_airport,"39.4893, -0.481625"
VLL,Valladolid Airport,Valladolid,ES,Spain,medium_airport,"41.7061, -4.85194"
XRY,Jerez Airport,Jerez de la Frontera,ES,Spain,medium_airport,"36.744598, -6.06011"
ZAZ,Zaragoza Airport,Zaragoza,ES,Spain,medium_airport,"41.666199, -1.04155"
ABK,Kebri Dahar Airport,Kebri Dahar,ET,Ethiopia,medium_airport,"6.732577, 44.241339"
ADD,Addis Ababa Bole International Airport,Addis Ababa,ET,Ethiopia,large_airport,"8.97789, 38.799301"
AMH,Arba Minch Airport,Arba Minch,ET,Ethiopia,medium_airport,"6.03939, 37.5905"
ASO,Asosa Airport,Asosa,ET,Ethiopia,medium_airport,"10.018500328063965, 34.586299896240234"
AWA,Hawassa International Airport,Hawassa,ET,Ethiopia,medium_airport,"7.099869, 38.396187"
AXU,Axum Airport,Axum,ET,Ethiopia,medium_airport,"14.1468, 38.7728"
BCO,Baco Airport,Baco,ET,Ethiopia,small_airport,"5.783333, 36.55"
BEI,Beica Airport,Beica,ET,Ethiopia,small_airport,"9.38639, 34.5219"
BJR,Bahir Dar Airport,Bahir Dar,ET,Ethiopia,medium_airport,"11.6081, 37.321602"
DBM,Debre Markos Airport,Debre Markos,ET,Ethiopia,small_airport,"10.321501, 37.741887"
DBT,Debre Tabor Airport,Debre Tabor,ET,Ethiopia,small_airport,"11.884808, 38.009241"
DEM,Dembidollo Airport,Dembidollo,ET,Ethiopia,small_airport,"8.554, 34.858002"
DIR,Aba Tenna Dejazmach Yilma International Airport,Dire Dawa,ET,Ethiopia,medium_airport,"9.624699592590332, 41.85419845581055"
DSE,Kombolcha Airport,Dessie,ET,Ethiopia,small_airport,"11.10975, 39.725911"
EGL,Negele Airport,Negele Borana,ET,Ethiopia,small_airport,"5.2897, 39.7023"
ETE,Metema Airport,Metema,ET,Ethiopia,small_airport,"12.932999610899998, 36.1669998169"
FNH,Fincha Airport,Fincha,ET,Ethiopia,small_airport,"9.584387, 37.377855"
GDE,Gode Airport,Gode,ET,Ethiopia,medium_airport,"5.93513011932, 43.5786018372"
GDQ,Gondar Airport,Azezo,ET,Ethiopia,medium_airport,"12.5199, 37.433998"
GLC,Geladi Airport,Geladi,ET,Ethiopia,small_airport,"6.984439849849999, 46.4213981628"
GMB,Gambela Airport,Gambela,ET,Ethiopia,medium_airport,"8.12876, 34.563099"
GNN,Ghinnir Airport,Ghinnir,ET,Ethiopia,small_airport,"7.15000009537, 40.716999054"
GOB,Robe Airport,Goba,ET,Ethiopia,small_airport,"7.119033, 40.045166"
GOR,Gore Airport,Gore,ET,Ethiopia,small_airport,"8.1614, 35.5529"
HIL,Shilavo Airport,Shilavo,ET,Ethiopia,small_airport,"6.077545, 44.763736"
HUE,Humera Airport,Akwi,ET,Ethiopia,small_airport,"13.83012, 36.88237"
JIJ,Wilwal International Airport,Jijiga,ET,Ethiopia,medium_airport,"9.3325, 42.9121"
JIM,Jimma Airport,Jimma,ET,Ethiopia,medium_airport,"7.66609001159668, 36.81660079956055"
LFO,Kelafo East Airport,Kelafo,ET,Ethiopia,small_airport,"5.6570000648498535, 44.349998474121094"
LLI,Lalibela Airport,Girany Amba,ET,Ethiopia,small_airport,"11.975225, 38.980198"
MKS,Mekane Selam Airport,Mekane Selam,ET,Ethiopia,small_airport,"10.7254, 38.7415"
MQX,Alula Aba Nega Airport,Mekele,ET,Ethiopia,medium_airport,"13.4674, 39.533501"
MTF,Mizan Teferi Airport,Mizan Teferi,ET,Ethiopia,small_airport,"6.9571, 35.5547"
MUJ,Mui River Airport,Omo National Park,ET,Ethiopia,small_airport,"5.8646, 35.7485"
MYS,Moyale Airport,Moyale,ET,Ethiopia,small_airport,"3.5623, 39.0433"
NDM,Mendi Airport,Mendi,ET,Ethiopia,small_airport,"9.767, 35.099998"
NEJ,Nejjo Airport,Nejo,ET,Ethiopia,small_airport,"9.55, 35.466995"
NEK,Nekemte Airport,Nekemte,ET,Ethiopia,small_airport,"9.034333, 36.613154"
PWI,Beles Airport,Pawe,ET,Ethiopia,small_airport,"11.3126, 36.4164"
QHR,Harar Meda Airport,Debre Zeyit,ET,Ethiopia,medium_airport,"8.7163, 39.0059"
SHC,Shire Inda Selassie Airport,Shire Inda Selassie,ET,Ethiopia,small_airport,"14.075699, 38.273592"
SKR,Shakiso Airport,Shakiso,ET,Ethiopia,small_airport,"5.6923, 38.9764"
SXU,Soddu Airport,Soddu,ET,Ethiopia,small_airport,"6.80281, 37.68622"
SZE,Semera Airport,Semera,ET,Ethiopia,small_airport,"11.7875, 40.9915"
TIE,Tippi Airport,Tippi,ET,Ethiopia,small_airport,"7.2024, 35.415"
TUJ,Tum Airport,Tum,ET,Ethiopia,small_airport,"6.26, 35.5184"
WRA,Warder Airport,Warder,ET,Ethiopia,small_airport,"6.9724, 45.3334"
ENF,Enontekio Airport,Enontekio,FI,Finland,medium_airport,"68.362602233887, 23.424299240112"
HEL,Helsinki Vantaa Airport,Helsinki (Vantaa),FI,Finland,large_airport,"60.318363, 24.963341"
HYV,Hyvinkää Airfield,Hyvinkää,FI,Finland,small_airport,"60.6544, 24.8811"
IVL,Ivalo Airport,Ivalo,FI,Finland,medium_airport,"68.607299804688, 27.405300140381"
JOE,Joensuu Airport,Joensuu,FI,Finland,medium_airport,"62.658815, 29.619398"
JYV,Jyväskylä Airport,Jyväskylän Maalaiskunta,FI,Finland,medium_airport,"62.399502, 25.678301"
KAJ,Kajaani Airport,Kajaani,FI,Finland,medium_airport,"64.2855, 27.6924"
KAO,Kuusamo Airport,Kuusamo,FI,Finland,medium_airport,"65.987602, 29.239401"
KAU,Kauhava Airfield,Kauhava,FI,Finland,medium_airport,"63.127102, 23.051399"
KEM,Kemi-Tornio Airport,Kemi / Tornio,FI,Finland,medium_airport,"65.778701782227, 24.582099914551"
KEV,Halli Airport,Jämsä,FI,Finland,medium_airport,"61.856039, 24.786686"
KHJ,Kauhajoki Airfield,Kauhajoki,FI,Finland,medium_airport,"62.463212, 22.390817"
KOK,Kokkola-Pietarsaari Airport,Kokkola / Kruunupyy,FI,Finland,medium_airport,"63.721199, 23.143101"
KTQ,Kitee Airport,Kitee,FI,Finland,medium_airport,"62.1661, 30.073601"
KTT,Kittilä Airport,Kittilä,FI,Finland,medium_airport,"67.700996398926, 24.846799850464"
KUO,Kuopio Airport,Kuopio / Siilinjärvi,FI,Finland,medium_airport,"63.007099, 27.7978"
LPP,Lappeenranta Airport,Lappeenranta,FI,Finland,medium_airport,"61.044601, 28.144743"
MHQ,Mariehamn Airport,Mariehamn,FI,Finland,medium_airport,"60.1222, 19.898199"
MIK,Mikkeli Airport,Mikkeli,FI,Finland,medium_airport,"61.6866, 27.201799"
OUL,Oulu Airport,Oulu / Oulunsalo,FI,Finland,medium_airport,"64.930099, 25.354601"
POR,Pori Airport,Pori,FI,Finland,medium_airport,"61.4617, 21.799999"
RVN,Rovaniemi Airport,Rovaniemi,FI,Finland,medium_airport,"66.564796447754, 25.830400466919"
SJY,Seinäjoki Airport,Seinäjoki / Ilmajoki,FI,Finland,medium_airport,"62.692101, 22.8323"
SOT,Sodankyla Airport,Sodankyla,FI,Finland,medium_airport,"67.3949966431, 26.6191005707"
SVL,Savonlinna Airport,Savonlinna,FI,Finland,medium_airport,"61.9431, 28.945101"
TKU,Turku Airport,Turku,FI,Finland,medium_airport,"60.514099, 22.2628"
TMP,Tampere-Pirkkala Airport,Tampere / Pirkkala,FI,Finland,medium_airport,"61.414101, 23.604401"
UTI,Utti Air Base,Utti / Valkeala,FI,Finland,medium_airport,"60.8964, 26.9384"
VAA,Vaasa Airport,Vaasa,FI,Finland,medium_airport,"63.050701, 21.762199"
VRK,Varkaus Airport,Varkaus / Joroinen,FI,Finland,medium_airport,"62.171101, 27.868601"
YLI,Ylivieska Airfield,Ylivieska,FI,Finland,medium_airport,"64.054722, 24.725278"
ICI,Cicia Airport,Cicia,FJ,Fiji,small_airport,"-17.7432994843, -179.341995239"
KAY,Wakaya Island Airport,Wakaya Island,FJ,Fiji,small_airport,"-17.617000579833984, 179.01699829101562"
KDV,Vunisea Airport,Vunisea,FJ,Fiji,small_airport,"-19.058099746699998, 178.156997681"
KXF,Koro Island Airport,Koro Island,FJ,Fiji,small_airport,"-17.3458003998, 179.42199707"
LBS,Labasa Airport,Labasa,FJ,Fiji,medium_airport,"-16.4667, 179.339996"
LEV,Levuka Airfield,Bureta,FJ,Fiji,small_airport,"-17.7110996246, 178.759002686"
LKB,Lakeba Island Airport,Lakeba Island,FJ,Fiji,small_airport,"-18.1991996765, -178.817001343"
LUC,Laucala Island Airport,Laucala Island,FJ,Fiji,small_airport,"-16.7481, -179.667007"
MFJ,Moala Airport,Moala,FJ,Fiji,small_airport,"-18.566699981699998, 179.951004028"
MNF,Mana Island Airport,Mana Island,FJ,Fiji,small_airport,"-17.672844, 177.0985"
NAN,Nadi International Airport,Nadi,FJ,Fiji,medium_airport,"-17.755399703979492, 177.4429931640625"
NGI,Ngau Airport,Ngau,FJ,Fiji,small_airport,"-18.115600585899998, 179.339996338"
ONU,Ono-i-Lau Airport,Ono-i-Lau,FJ,Fiji,small_airport,"-20.6589, -178.7411"
PHR,Nanuku Airport,Nanuku Auberge Resort,FJ,Fiji,small_airport,"-18.2553, 178.0492"
PTF,Malolo Lailai Island Airport,Malolo Lailai Island,FJ,Fiji,small_airport,"-17.778448, 177.196996"
RBI,Rabi Island Airport,Rabi Island,FJ,Fiji,small_airport,"-16.5337, 179.9757"
RTA,Rotuma Airport,Rotuma,FJ,Fiji,small_airport,"-12.482500076293945, 177.0709991455078"
SUV,Nausori International Airport,Nausori,FJ,Fiji,medium_airport,"-18.04330062866211, 178.5590057373047"
SVU,Savusavu Airport,Savusavu,FJ,Fiji,small_airport,"-16.803394, 179.340587"
TVU,Matei Airport,Matei,FJ,Fiji,small_airport,"-16.690599, -179.876999"
VBV,Vanua Balavu Airport,Vanua Balavu,FJ,Fiji,small_airport,"-17.268999099731445, -178.9759979248047"
VTF,Vatulele Airport,Vatulele,FJ,Fiji,small_airport,"-18.512500762939453, 177.63900756835938"
YAS,Yasawa Island Airport,Yasawa Island,FJ,Fiji,small_airport,"-16.7589, 177.544998"
MPN,Mount Pleasant Airport,Mount Pleasant,FK,Falkland Islands,medium_airport,"-51.82279968261719, -58.447200775146484"
PSY,Port Stanley Airport,Stanley,FK,Falkland Islands,medium_airport,"-51.685699462891, -57.777599334717"
KSA,Kosrae International Airport,Okat,FM,Micronesia,medium_airport,"5.35698, 162.957993"
PNI,Pohnpei International Airport,Pohnpei Island,FM,Micronesia,medium_airport,"6.985099792480469, 158.20899963378906"
TKK,Chuuk International Airport,Weno Island,FM,Micronesia,medium_airport,"7.461870193481445, 151.84300231933594"
ULI,Ulithi Airport,Falalop Island,FM,Micronesia,small_airport,"10.0198, 139.789993"
YAP,Yap International Airport,Yap Island,FM,Micronesia,medium_airport,"9.49891, 138.082993"
FAE,Vágar Airport,Vágar,FO,Faroe Islands,medium_airport,"62.063256, -7.275782"
AGF,Agen-La Garenne Airport,Agen/La Garenne,FR,France,medium_airport,"44.174171, 0.59309"
AHZ,L'Alpe d'Huez - Henri Giraud Altiport,"Huez, Isère",FR,France,small_airport,"45.087399, 6.083604"
AJA,Ajaccio-Napoléon Bonaparte Airport,Ajaccio/Napoléon Bonaparte,FR,France,medium_airport,"41.92359924316406, 8.8029203414917"
ANE,Angers-Loire Airport,"Marcé, Maine-et-Loire",FR,France,medium_airport,"47.560299, -0.312222"
ANG,Angoulême-Brie-Champniers Airport,Angoulême/Brie/Champniers,FR,France,medium_airport,"45.729198, 0.221456"
AUF,Auxerre-Branches Airport,"Appoigny, Yonne",FR,France,medium_airport,"47.850201, 3.49711"
AUR,Aurillac Airport,Aurillac,FR,France,medium_airport,"44.89139938354492, 2.4219400882720947"
AVN,Avignon-Caumont Airport,"Avignon, Vaucluse",FR,France,medium_airport,"43.907299, 4.90183"
BAE,Barcelonnette - Saint-Pons Airfield,"Saint-Pons, Alpes-de-Haute-Provence",FR,France,small_airport,"44.387198, 6.608831"
BES,Brest Bretagne Airport,Brest/Guipavas,FR,France,medium_airport,"48.447899, -4.41854"
BIA,Bastia-Poretta Airport,Bastia/Poretta,FR,France,medium_airport,"42.55270004272461, 9.48373031616211"
BIC,Aérodrome de Belle Île,Bangor,FR,France,small_airport,"47.325256, -3.201255"
BIQ,Biarritz-Anglet-Bayonne Airport,Biarritz/Anglet/Bayonne,FR,France,medium_airport,"43.468333, -1.531111"
BOD,Bordeaux-Mérignac Airport,Bordeaux/Mérignac,FR,France,large_airport,"44.8283, -0.715556"
BOU,Bourges Airport,"Bourges, Cher",FR,France,medium_airport,"47.060158, 2.369633"
BSL,EuroAirport Basel-Mulhouse-Freiburg,Saint-Louis,FR,France,large_airport,"47.60068, 7.521117"
BVA,Paris-Beauvais Airport,Tillé,FR,France,medium_airport,"49.454399, 2.11278"
BVE,Brive-Souillac,Brive la Gaillarde,FR,France,medium_airport,"45.039722, 1.485556"
BYF,Albert-Picardie Airport,"Méaulte, Somme",FR,France,small_airport,"49.970049, 2.693939"
BZR,Béziers-Vias Airport,Béziers/Vias,FR,France,medium_airport,"43.323502, 3.3539"
CCF,Carcassonne Airport,Carcassonne/Salvaza,FR,France,medium_airport,"43.216, 2.30632"
CDG,Charles de Gaulle International Airport,"Paris (Roissy-en-France, Val-d'Oise)",FR,France,large_airport,"49.012798, 2.55"
CEQ,Cannes-Mandelieu Airport,"Cannes, Alpes-Maritimes",FR,France,medium_airport,"43.547998, 6.955176"
CER,Cherbourg-Maupertus Airport,"Gonneville-Le Theil, Manche",FR,France,medium_airport,"49.650101, -1.47028"
CET,Cholet Le Pontreau Airfield,Cholet/Le Pontreau,FR,France,small_airport,"47.0821, -0.877064"
CFE,Clermont-Ferrand Auvergne Airport,"Aulnat, Puy-de-Dôme",FR,France,medium_airport,"45.786701, 3.16917"
CFR,Caen-Carpiquet Airport,"Carpiquet, Calvados",FR,France,medium_airport,"49.17678, -0.454883"
CHR,Châteauroux-Déols Marcel Dassault Airport,"Déols, Indre",FR,France,medium_airport,"46.860221, 1.728326"
CLY,Calvi-Sainte-Catherine Airport,Calvi/Sainte-Catherine,FR,France,medium_airport,"42.524444, 8.793056"
CMF,Chambéry Savoie Mont Blanc Airport,Viviers-du-Lac,FR,France,medium_airport,"45.6381, 5.88023"
CMR,Colmar-Houssen Airport,"Colmar, Haut-Rhin",FR,France,medium_airport,"48.109901, 7.35901"
CNG,Cognac-Châteaubernard (BA 709) Air Base,Cognac/Châteaubernard,FR,France,medium_airport,"45.658298, -0.3175"
CQF,Calais-Dunkerque Airport,Marck,FR,France,medium_airport,"50.962101, 1.95476"
CSF,Creil Air Base,Creil,FR,France,medium_airport,"49.253502, 2.51914"
CTT,Le Castellet Airport,"Le Castellet, Var",FR,France,medium_airport,"43.252499, 5.78519"
CVF,Courchevel Altiport,Saint-Bon,FR,France,small_airport,"45.397531, 6.63498"
DCM,Castres-Mazamet Airport,Castres/Mazamet,FR,France,medium_airport,"43.556301, 2.28918"
DIJ,Dijon-Bourgogne Airport,"Ouges, Côte-d'Or",FR,France,medium_airport,"47.268902, 5.09"
DLE,Dole-Jura Airport,"Tavaux, Jura",FR,France,medium_airport,"47.038955, 5.427589"
DNR,Dinard-Pleurtuit-Saint-Malo Airport,"Pleurtuit, Ille-et-Vilaine",FR,France,medium_airport,"48.5877, -2.07996"
DOL,Deauville-Normandie Airport,"Deauville, Calvados",FR,France,medium_airport,"49.365237, 0.154481"
DPE,Dieppe-Saint-Aubin Airport,Saint-Aubin-sur-Scie,FR,France,small_airport,"49.884662, 1.08101"
EBU,Saint-Étienne-Bouthéon Airport,"Andrézieux-Bouthéon, Loire",FR,France,medium_airport,"45.5406, 4.29639"
EDM,La Roche-sur-Yon Airport,La Roche-sur-Yon/Les Ajoncs,FR,France,medium_airport,"46.7019, -1.37863"
EGC,Bergerac Dordogne Périgord Airport,Bergerac/Roumanière,FR,France,medium_airport,"44.825298, 0.518611"
ENC,Nancy-Essey Airport,"Tomblaine, Meurthe-et-Moselle",FR,France,medium_airport,"48.692101, 6.23046"
EPL,Épinal-Mirecourt Airport,"Juvaincourt, Vosges",FR,France,medium_airport,"48.325001, 6.06998"
ETZ,Metz-Nancy-Lorraine Airport,Goin,FR,France,medium_airport,"48.982101, 6.25132"
EVX,Évreux-Fauville (BA 105) Air Base,"Fauville, Eure",FR,France,medium_airport,"49.028702, 1.21986"
FNI,Nîmes-Arles-Camargue Airport,Nîmes/Garons,FR,France,medium_airport,"43.757401, 4.41635"
FSC,Figari Sud-Corse Airport,Figari Sud-Corse,FR,France,medium_airport,"41.500599, 9.09778"
GAT,Gap-Tallard Airfield,"Tallard, Hautes-Alpes",FR,France,small_airport,"44.455002, 6.03778"
GFR,Granville Airport,"Bréville-sur-Mer, Manche",FR,France,medium_airport,"48.883099, -1.56417"
GNB,Grenoble Alpes Isère Airport,"Saint-Étienne-de-Saint-Geoirs, Isère",FR,France,medium_airport,"45.3629, 5.32937"
HZB,Merville-Calonne Airport,"Merville, Nord",FR,France,medium_airport,"50.618401, 2.64224"
IDY,Île d'Yeu Airport,Île d'Yeu,FR,France,small_airport,"46.717641, -2.392544"
LAI,Lannion-Côte de Granit Airport,Lannion,FR,France,medium_airport,"48.754398, -3.47166"
LBG,Paris-Le Bourget Airport,"Paris (Le Bourget, Seine-Saint-Denis)",FR,France,medium_airport,"48.969398, 2.44139"
LBI,Albi-Le Séquestre Airport,Albi/Le Séquestre,FR,France,medium_airport,"43.913898, 2.11306"
LBY,La Baule-Escoublac Airport,La Baule-Escoublac,FR,France,medium_airport,"47.289398, -2.34639"
LDE,Tarbes-Lourdes-Pyrénées Airport,Tarbes/Lourdes/Pyrénées,FR,France,medium_airport,"43.178699, -0.006439"
LDV,Landivisiau Air Base,Landivisiau,FR,France,medium_airport,"48.5303, -4.15164"
LEH,Le Havre-Octeville Airport,Le Havre,FR,France,medium_airport,"49.534038, 0.088406"
LIG,Limoges Airport,Limoges/Bellegarde,FR,France,medium_airport,"45.862801, 1.17944"
LIL,Lille Airport,Lesquin,FR,France,medium_airport,"50.563332, 3.086886"
LME,Le Mans-Arnage Airport,"Le Mans, Sarthe",FR,France,medium_airport,"47.948604, 0.201702"
LPY,Le Puy-Loudes Airfield,"Chaspuzac, Haute-Loire",FR,France,small_airport,"45.0807, 3.76289"
LRH,La Rochelle-Île de Ré Airport,La Rochelle/Île de Ré,FR,France,medium_airport,"46.179199, -1.19528"
LRT,Lorient South Brittany (Bretagne Sud) Airport,Lorient/Lann/Bihoué,FR,France,medium_airport,"47.760601, -3.44"
LSO,Les Sables-d'Olonne Talmont Airport,Les Sables-d'Olonne,FR,France,small_airport,"46.476898, -1.72278"
LTQ,Le Touquet-Côte d'Opale Airport,Le Touquet-Paris-Plage,FR,France,medium_airport,"50.518284, 1.621656"
LTT,La Môle-Saint-Tropez Airport,"La Môle, Var",FR,France,small_airport,"43.205399, 6.482"
LVA,Laval-Entrammes Airport,"Laval, Mayenne",FR,France,medium_airport,"48.032208, -0.743999"
LYN,Lyon Bron Airport,"Chassieu, Lyon",FR,France,medium_airport,"45.727947, 4.943991"
LYS,Lyon Saint-Exupéry Airport,"Colombier-Saugnieu, Rhône",FR,France,large_airport,"45.725996, 5.090139"
MCU,Montluçon-Guéret Airport,"Lépaud, Creuse",FR,France,medium_airport,"46.222599, 2.36396"
MEN,Mende-Brenoux Airfield,Mende/Brénoux,FR,France,medium_airport,"44.502102, 3.53282"
MFX,Méribel Altiport,Les Allues,FR,France,small_airport,"45.407505, 6.577597"
MPL,Montpellier-Méditerranée Airport,Montpellier/Méditerranée,FR,France,medium_airport,"43.576199, 3.96301"
MRS,Marseille Provence Airport,"Marignane, Bouches-du-Rhône",FR,France,large_airport,"43.438088, 5.2125"
MVV,Megève Altiport,Megève,FR,France,small_airport,"45.823005, 6.649406"
MXN,Morlaix-Ploujean Airport,Morlaix/Ploujean,FR,France,medium_airport,"48.6031990051, -3.81577992439"
NCE,Nice-Côte d'Azur Airport,"Nice, Alpes-Maritimes",FR,France,large_airport,"43.658401, 7.21587"
NCY,Annecy Haute-Savoie Mont Blanc Airport,Epagny Metz-Tessy,FR,France,medium_airport,"45.928947, 6.0987"
NIT,Niort - Marais Poitevin Airport,Niort/Souché,FR,France,medium_airport,"46.313477, -0.394529"
NTE,Nantes Atlantique Airport,Nantes,FR,France,medium_airport,"47.153198, -1.61073"
NVS,Nevers-Fourchambault Airport,"Marzy, Nièvre",FR,France,medium_airport,"47.002913, 3.113114"
OBS,Aubenas-South Ardèche Airport,"Lanas, Ardèche",FR,France,medium_airport,"44.544367, 4.372194"
ORE,Orléans–Saint-Denis-de-l'Hôtel Airport,"Saint-Denis-de-l'Hôtel, Loiret",FR,France,small_airport,"47.897758, 2.164478"
ORY,Paris-Orly Airport,"Paris (Orly, Val-de-Marne)",FR,France,large_airport,"48.72333, 2.37944"
OUI,Ouessant Airport,Ushant,FR,France,small_airport,"48.4632, -5.06358"
PGF,Perpignan-Rivesaltes (Llabanère) Airport,Perpignan/Rivesaltes,FR,France,medium_airport,"42.740398, 2.87067"
PGX,Périgueux-Bassillac Airport,Périgueux/Bassillac,FR,France,medium_airport,"45.198101, 0.815556"
PIS,Poitiers-Biard Airport,Poitiers/Biard,FR,France,medium_airport,"46.5877, 0.306666"
POX,Pontoise-Cormeilles Aerodrome,"Cormeilles-en-Vexin, Val-d'Oise",FR,France,medium_airport,"49.096064, 2.035543"
PRP,Propriano Airport,Propriano,FR,France,small_airport,"41.660599, 8.88975"
PUF,Pau Pyrénées Airport,Pau/Pyrénées (Uzein),FR,France,medium_airport,"43.380001, -0.418611"
RCO,Rochefort-Saint-Agnant (BA 721) Airport,Rochefort/Saint-Agnant,FR,France,medium_airport,"45.887798, -0.983056"
RDZ,Rodez–Aveyron Airport,Rodez/Marcillac,FR,France,medium_airport,"44.407902, 2.48267"
RNE,Roanne-Renaison Airport,Saint-Léger-sur-Roanne,FR,France,medium_airport,"46.053818, 3.999023"
RNS,Rennes-Saint-Jacques Airport,"Saint-Jacques-de-la-Lande, Ille-et-Vilaine",FR,France,medium_airport,"48.0695, -1.73479"
RYN,Royan-Médis Airport,Royan/Médis,FR,France,medium_airport,"45.628101, -0.9725"
SBK,Saint-Brieuc-Armor Airport,"Trémuson, Côtes-d'Armor",FR,France,medium_airport,"48.538628, -2.853518"
SCP,Mont-Dauphin Saint-Crépin Airfield,"Saint-Crépin, Hautes-Alpes",FR,France,small_airport,"44.701698, 6.60028"
SNR,Saint-Nazaire-Montoir Airport,Saint-Nazaire/Montoir,FR,France,medium_airport,"47.31142, -2.152634"
SOZ,Solenzara (BA 126) Air Base,Solenzara,FR,France,medium_airport,"41.9244, 9.406"
SXB,Strasbourg Airport,Strasbourg,FR,France,medium_airport,"48.538299560546875, 7.628230094909668"
SYT,Saint-Yan Airport,"L'Hôpital-le-Mercier, Saône-et-Loire",FR,France,medium_airport,"46.414019, 4.014177"
TLN,Toulon-Hyères Airport,"Hyères, Var",FR,France,medium_airport,"43.097301, 6.14603"
TLS,Toulouse-Blagnac Airport,Toulouse/Blagnac,FR,France,large_airport,"43.629101, 1.36382"
TNF,Toussus-le-Noble Airport,"Toussus-le-Noble, Yvelines",FR,France,medium_airport,"48.7519, 2.10619"
TUF,Tours Val de Loire Airport,"Tours, Indre-et-Loire",FR,France,medium_airport,"47.432201, 0.727606"
UIP,Quimper-Cornouaille Airport,Quimper/Pluguffan,FR,France,medium_airport,"47.973031, -4.169655"
URO,Rouen Vallée de Seine Airport,Boos,FR,France,medium_airport,"49.384887, 1.179142"
VAF,Valence-Chabeuil Airport,"Chabeuil, Drôme",FR,France,medium_airport,"44.9216, 4.9699"
VHY,Vichy-Charmeil Airport,"Charmeil, Allier",FR,France,medium_airport,"46.16969, 3.403637"
VIY,Vélizy-Villacoublay Air Base,"Vélizy-Villacoublay, Yvelines",FR,France,medium_airport,"48.774406, 2.203102"
VNE,Vannes-Meucon Airport,Vannes/Meucon,FR,France,medium_airport,"47.723301, -2.71856"
XCR,Châlons-Vatry Airport,Bussy-Lettrée,FR,France,medium_airport,"48.77333, 4.20611"
ZAO,Aérodrome de Cahors-Lalbenque,Cahors/Lalbenque,FR,France,medium_airport,"44.351398, 1.47528"
AKE,Akieni Airport,Akieni,GA,Gabon,small_airport,"-1.13967001438, 13.9035997391"
AWE,Alowe Airport,Wonga Wongué Presidential Reserve,GA,Gabon,small_airport,"-0.545, 9.444"
BGB,Booue Airport,Booue,GA,Gabon,small_airport,"-0.1075, 11.9438"
BMM,Bitam Airport,Bitam,GA,Gabon,medium_airport,"2.07564, 11.4932"
FOU,Fougamou Airport,Fougamou,GA,Gabon,small_airport,"-1.278325, 10.612497"
GAX,Gamba Airport,Gamba,GA,Gabon,small_airport,"-2.785278, 10.047222"
GIM,Miele Mimbale Airport,Miele Mimbale,GA,Gabon,small_airport,"-0.02894, 11.418021"
IGE,Tchongorove Airport,Iguela,GA,Gabon,small_airport,"-1.930801, 9.319577"
KDJ,Ville Airport,N'Djolé,GA,Gabon,small_airport,"-0.183, 10.75"
KDN,Ndende Airport,Ndende,GA,Gabon,small_airport,"-2.4, 11.367"
KOU,Koulamoutou Mabimbi Airport,Koulamoutou,GA,Gabon,medium_airport,"-1.18461, 12.4413"
LBQ,Lambarene Airport,Lambarene,GA,Gabon,medium_airport,"-0.704389, 10.2457"
LBV,Libreville Leon M'ba International Airport,Libreville,GA,Gabon,medium_airport,"0.458600014448, 9.412280082699999"
LEO,Lekoni Airport,Lekoni,GA,Gabon,small_airport,"-1.5724, 14.2878"
LTL,Lastourville Airport,Lastourville,GA,Gabon,small_airport,"-0.826667, 12.7486"
MBC,M'Bigou Airport,M'Bigou,GA,Gabon,small_airport,"-1.893056, 11.9125"
MFF,Moanda Airport,Moanda,GA,Gabon,small_airport,"-1.526558, 13.251332"
MGX,Moabi Airport,Moabi,GA,Gabon,small_airport,"-2.455187, 10.9358"
MJL,Mouilla Ville Airport,Mouila,GA,Gabon,medium_airport,"-1.84514, 11.0567"
MKB,Mekambo Airport,Mekambo,GA,Gabon,small_airport,"0.976706, 13.968462"
MKU,Makokou Airport,Makokou,GA,Gabon,medium_airport,"0.5792109966278076, 12.890899658203125"
MVB,M'Vengue El Hadj Omar Bongo Ondimba International Airport,Franceville,GA,Gabon,medium_airport,"-1.6561599969863892, 13.437999725341797"
MVX,Minvoul Airport,Minvoul,GA,Gabon,small_airport,"2.152413, 12.108044"
MYB,Mayumba Airport,Mayumba,GA,Gabon,small_airport,"-3.458372, 10.676539"
MZC,Mitzic Airport,Mitzic,GA,Gabon,small_airport,"0.783, 11.55"
NKA,Nkan Airstrip,Ntoum,GA,Gabon,small_airport,"0.3843, 9.75364"
OKN,Okondja Airport,Okondja,GA,Gabon,medium_airport,"-0.665214, 13.6731"
OMB,Omboue Hospital Airport,Omboue,GA,Gabon,medium_airport,"-1.57473, 9.26269"
OYE,Oyem Airport,Oyem,GA,Gabon,medium_airport,"1.5431100130081177, 11.581399917602539"
POG,Port Gentil Airport,Port Gentil,GA,Gabon,medium_airport,"-0.7117390036582947, 8.754380226135254"
TCH,Tchibanga Airport,Tchibanga,GA,Gabon,small_airport,"-2.88848, 10.955429"
ABZ,Aberdeen Dyce Airport,Aberdeen,GB,United Kingdom,medium_airport,"57.2019, -2.19778"
ADX,Leuchars Station Airfield,"Leuchars, Fife",GB,United Kingdom,medium_airport,"56.37398, -2.868862"
BBP,Bembridge Airport,"Bembridge, Isle of Wight",GB,United Kingdom,small_airport,"50.678101, -1.10944"
BBS,Blackbushe Airport,"Camberley, Surrey",GB,United Kingdom,medium_airport,"51.323898, -0.8475"
BEB,Benbecula Airport,Balivanich,GB,United Kingdom,medium_airport,"57.48109817504883, -7.3627800941467285"
BEQ,RAF Honington,"Bury Saint Edmunds, Suffolk",GB,United Kingdom,medium_airport,"52.342602, 0.772939"
BEX,RAF Benson,"Wallingford, Oxfordshire",GB,United Kingdom,medium_airport,"51.614366, -1.095991"
BFS,Belfast International Airport,Belfast,GB,United Kingdom,large_airport,"54.6575012207, -6.2158298492399995"
BHD,George Best Belfast City Airport,Belfast,GB,United Kingdom,medium_airport,"54.618099, -5.8725"
BHX,Birmingham Airport,"Birmingham, West Midlands",GB,United Kingdom,large_airport,"52.453899, -1.74803"
BLK,Blackpool International Airport,Blackpool,GB,United Kingdom,medium_airport,"53.77170181274414, -3.0286099910736084"
BOH,Bournemouth Airport,"Christchurch, Dorset",GB,United Kingdom,medium_airport,"50.780483, -1.839576"
BQH,London Biggin Hill Airport,London,GB,United Kingdom,medium_airport,"51.33079910279999, 0.0324999988079"
BRR,Barra Airport,Eoligarry,GB,United Kingdom,medium_airport,"57.0228, -7.44306"
BRS,Bristol Airport,Bristol,GB,United Kingdom,medium_airport,"51.382702, -2.71909"
BWF,Barrow Walney Island Airport,Barrow-in-Furness,GB,United Kingdom,medium_airport,"54.1286111, -3.2675"
BZZ,RAF Brize Norton,"Carterton, Oxfordshire",GB,United Kingdom,medium_airport,"51.75, -1.58362"
CAL,Campbeltown Airport,Campbeltown,GB,United Kingdom,medium_airport,"55.437198638916016, -5.686389923095703"
CAX,Carlisle Lake District Airport,Carlisle,GB,United Kingdom,medium_airport,"54.9375, -2.80917"
CBG,Cambridge City Airport,"Cambridge, Cambridgeshire",GB,United Kingdom,medium_airport,"52.205002, 0.175"
CEG,Hawarden Airport,Broughton,GB,United Kingdom,medium_airport,"53.178101, -2.97778"
COL,Coll Airport,Coll Island,GB,United Kingdom,small_airport,"56.601898, -6.61778"
CSA,Colonsay Airstrip,Colonsay,GB,United Kingdom,small_airport,"56.057499, -6.24306"
CVT,Coventry Airport,"Coventry, West Midlands",GB,United Kingdom,medium_airport,"52.369701, -1.47972"
CWL,Cardiff International Airport,"Rhoose, Vale of Glamorgan",GB,United Kingdom,medium_airport,"51.396702, -3.34333"
DND,Dundee Airport,Dundee,GB,United Kingdom,medium_airport,"56.45249938964844, -3.025830030441284"
DOC,Dornoch Airfield,"Dornoch, Sunderland",GB,United Kingdom,small_airport,"57.868999, -4.023"
EDI,Edinburgh Airport,Edinburgh,GB,United Kingdom,large_airport,"55.950145, -3.372288"
EMA,East Midlands Airport,Nottingham,GB,United Kingdom,medium_airport,"52.8311, -1.32806"
ENK,Enniskillen/St Angelo Airport,Enniskillen,GB,United Kingdom,medium_airport,"54.398899, -7.65167"
EOI,Eday Airport,Eday,GB,United Kingdom,medium_airport,"59.19060134887695, -2.7722198963165283"
ESH,Brighton City Airport,"Brighton, East Sussex",GB,United Kingdom,medium_airport,"50.835602, -0.297222"
EXT,Exeter International Airport,"Exeter, Devon",GB,United Kingdom,medium_airport,"50.734261, -3.413984"
FAB,Farnborough Airport,"Farnborough, Hampshire",GB,United Kingdom,medium_airport,"51.275799, -0.776333"
FEA,Fetlar Airstrip,Fetlar Island,GB,United Kingdom,small_airport,"60.603333, -0.872778"
FFD,RAF Fairford,"Fairford, Gloucestershire",GB,United Kingdom,medium_airport,"51.683568, -1.789172"
FIE,Fair Isle Airport,Fair Isle,GB,United Kingdom,small_airport,"59.534721, -1.628509"
FLH,Flotta Isle Airstrip,Flotta Isle,GB,United Kingdom,small_airport,"58.825802, -3.14278"
FOA,Foula Airfield,Foula,GB,United Kingdom,small_airport,"60.121725, -2.053202"
GBA,Cotswold Airport,"Cirencester, Gloucestershire",GB,United Kingdom,small_airport,"51.668528, -2.056599"
GLA,Glasgow International Airport,"Paisley, Renfrewshire",GB,United Kingdom,large_airport,"55.871899, -4.43306"
GLO,Gloucestershire Airport,Staverton,GB,United Kingdom,medium_airport,"51.89419937133789, -2.167220115661621"
HAW,Haverfordwest Airport,Haverfordwest,GB,United Kingdom,medium_airport,"51.833099365234375, -4.9611101150512695"
HUY,Humberside Airport,"Grimsby, Lincolnshire",GB,United Kingdom,medium_airport,"53.576152, -0.34954"
HYC,Wycombe Air Park,"Marlow, Buckinghamshire",GB,United Kingdom,small_airport,"51.61177, -0.808316"
ILY,Islay Airport,"Isle of Islay, Argyll and Bute",GB,United Kingdom,medium_airport,"55.682708, -6.257525"
INV,Inverness Airport,Inverness,GB,United Kingdom,medium_airport,"57.54249954223633, -4.047500133514404"
ISC,St. Mary's Airport,St. Mary's,GB,United Kingdom,small_airport,"49.9133, -6.29167"
KNF,RAF Marham,"King's Lynn, Norfolk",GB,United Kingdom,medium_airport,"52.648395, 0.550692"
KOI,Kirkwall Airport,Orkney Islands,GB,United Kingdom,medium_airport,"58.957801818847656, -2.9049999713897705"
LBA,Leeds Bradford Airport,"Leeds, West Yorkshire",GB,United Kingdom,medium_airport,"53.865898, -1.66057"
LCY,London City Airport,London,GB,United Kingdom,medium_airport,"51.505299, 0.055278"
LDY,City of Derry Airport,Derry,GB,United Kingdom,medium_airport,"55.04280090332031, -7.161109924316406"
LEQ,Land's End Airport,"Land's End, Cornwall",GB,United Kingdom,small_airport,"50.102798, -5.67056"
LGW,London Gatwick Airport,London,GB,United Kingdom,large_airport,"51.148771, -0.192089"
LHR,London Heathrow Airport,London,GB,United Kingdom,large_airport,"51.4706, -0.461941"
LKZ,RAF Lakenheath,"Brandon, Suffolk",GB,United Kingdom,medium_airport,"52.40954, 0.561161"
LMO,RAF Lossiemouth,Lossiemouth,GB,United Kingdom,medium_airport,"57.7052001953125, -3.339169979095459"
LPL,Liverpool John Lennon Airport,Liverpool,GB,United Kingdom,medium_airport,"53.333599, -2.84972"
LSI,Sumburgh Airport,Lerwick,GB,United Kingdom,medium_airport,"59.87889862060547, -1.2955600023269653"
LTN,London Luton Airport,"Luton, Bedfordshire",GB,United Kingdom,large_airport,"51.874699, -0.368333"
LWK,Lerwick / Tingwall Airport,Sumburgh,GB,United Kingdom,small_airport,"60.1922, -1.24361"
LYX,Lydd London Ashford Airport,"Romney Marsh, Kent",GB,United Kingdom,medium_airport,"50.956246, 0.939074"
MAN,Manchester Airport,"Manchester, Greater Manchester",GB,United Kingdom,large_airport,"53.349375, -2.279521"
MHZ,RAF Mildenhall,"Bury Saint Edmunds, Suffolk",GB,United Kingdom,medium_airport,"52.3619, 0.486406"
MME,Teesside International Airport,"Darlington, Durham",GB,United Kingdom,medium_airport,"54.509201, -1.42941"
NCL,Newcastle International Airport,"Newcastle upon Tyne, Tyne and Wear",GB,United Kingdom,medium_airport,"55.037958, -1.689577"
NDY,Sanday Airport,Sanday,GB,United Kingdom,small_airport,"59.250301, -2.57667"
NHT,RAF Northolt,London,GB,United Kingdom,medium_airport,"51.553001, -0.418167"
NQT,Nottingham Airport,Nottingham,GB,United Kingdom,medium_airport,"52.919998, -1.07917"
NQY,Cornwall Airport Newquay,Newquay,GB,United Kingdom,medium_airport,"50.440601, -4.99541"
NRL,North Ronaldsay Airport,North Ronaldsay,GB,United Kingdom,small_airport,"59.3675003052, -2.43443989754"
NWI,Norwich Airport,"Norwich, Norfolk",GB,United Kingdom,medium_airport,"52.6758, 1.28278"
OBN,Oban Airport,North Connel,GB,United Kingdom,small_airport,"56.463501, -5.39967"
ODH,RAF Odiham,"Hook, Hampshire",GB,United Kingdom,medium_airport,"51.2341, -0.942825"
ORM,Sywell Aerodrome,"Northampton, Northamptonshire",GB,United Kingdom,small_airport,"52.305302, -0.793056"
OUK,Out Skerries Airfield,Grunay Island,GB,United Kingdom,small_airport,"60.4252, -0.75"
OXF,Oxford (Kidlington) Airport,"Kidlington, Oxfordshire",GB,United Kingdom,medium_airport,"51.836899, -1.32"
PIK,Glasgow Prestwick Airport,"Prestwick, South Ayrshire",GB,United Kingdom,medium_airport,"55.502003, -4.587019"
PPW,Papa Westray Airport,Papa Westray,GB,United Kingdom,small_airport,"59.351699829100006, -2.9002799987800003"
PSL,Perth/Scone Airport,Perth,GB,United Kingdom,small_airport,"56.439201, -3.37222"
PSV,Papa Stour Airport,Papa Stour Island,GB,United Kingdom,small_airport,"60.321701, -1.69306"
QCY,RAF Coningsby,"Lincoln, Lincolnshire",GB,United Kingdom,medium_airport,"53.092999, -0.166014"
QUG,Goodwood Aerodrome,"Chichester, West Sussex",GB,United Kingdom,small_airport,"50.859832, -0.760073"
RCS,Rochester Airport,"Rochester, Kent",GB,United Kingdom,small_airport,"51.351898, 0.503333"
SEN,London Southend Airport,"Southend-on-Sea, Essex",GB,United Kingdom,medium_airport,"51.570562, 0.693627"
SKL,Broadford Airstrip,Ashaig,GB,United Kingdom,small_airport,"57.253399, -5.8279"
SOU,Southampton Airport,Southampton,GB,United Kingdom,medium_airport,"50.950298, -1.3568"
SOY,Stronsay Airport,Stronsay,GB,United Kingdom,small_airport,"59.1553, -2.64139"
STN,London Stansted Airport,London,GB,United Kingdom,large_airport,"51.884998, 0.235"
SWS,Swansea Airport,Swansea,GB,United Kingdom,medium_airport,"51.601366, -4.071006"
SYY,Stornoway Airport,"Stornoway, Western Isles",GB,United Kingdom,medium_airport,"58.215599, -6.33111"
TRE,Tiree Airport,Balemartine,GB,United Kingdom,medium_airport,"56.49919891357422, -6.869170188903809"
ULL,Glenforsa Airfield,Glenforsa,GB,United Kingdom,small_airport,"56.517202, -5.91401"
UNT,Unst Airport,Shetland Islands,GB,United Kingdom,small_airport,"60.7472, -0.85385"
UPV,Upavon Aerodrome,"Pewsey, Wiltshire",GB,United Kingdom,small_airport,"51.28657, -1.782239"
VLY,Anglesey Airport,Angelsey,GB,United Kingdom,medium_airport,"53.2481002808, -4.53533983231"
WHS,Whalsay Airstrip,"Whalsay, Shetlands",GB,United Kingdom,small_airport,"60.376835, -0.927229"
WIC,Wick Airport,Wick,GB,United Kingdom,medium_airport,"58.458900451660156, -3.09306001663208"
WRT,Warton Aerodrome,Warton,GB,United Kingdom,medium_airport,"53.745098, -2.88306"
WRY,Westray Airport,Westray,GB,United Kingdom,small_airport,"59.3502998352, -2.95000004768"
WTN,RAF Waddington,"Lincoln, Lincolnshire",GB,United Kingdom,medium_airport,"53.166199, -0.523811"
YEO,RNAS Yeovilton,"Yeovil, Somerset",GB,United Kingdom,medium_airport,"51.009399, -2.63882"
CRU,Lauriston Airport,Carriacou Island,GD,Grenada,small_airport,"12.4761, -61.472801"
GND,Maurice Bishop International Airport,Saint George's,GD,Grenada,medium_airport,"12.0042, -61.786201"
BUS,Batumi International Airport,Batumi,GE,Georgia,medium_airport,"41.610298, 41.599701"
KUT,David the Builder Kutaisi International Airport,Kopitnari,GE,Georgia,medium_airport,"42.176768, 42.482393"
SUI,Sukhumi Babushara /  Vladislav Ardzinba International Airport,Sukhumi,GE,Georgia,medium_airport,"42.8582, 41.128101"
TBS,Tbilisi International Airport,Tbilisi,GE,Georgia,large_airport,"41.669201, 44.9547"
CAY,Cayenne – Félix Eboué Airport,Matoury,GF,French Guiana,large_airport,"4.819964, -52.361326"
GSI,Grand-Santi Airport,Grand-Santi,GF,French Guiana,small_airport,"4.285833, -54.373056"
LDX,Saint-Laurent-du-Maroni Airport,Saint-Laurent-du-Maroni,GF,French Guiana,small_airport,"5.48306, -54.034401"
MPY,Maripasoula Airport,Maripasoula,GF,French Guiana,small_airport,"3.655907, -54.039431"
OYC,Camopi Airport,Camopi,GF,French Guiana,small_airport,"3.172847, -52.336142"
OYP,Saint-Georges-de-l'Oyapock Airport,Saint-Georges-de-l'Oyapock,GF,French Guiana,medium_airport,"3.8976, -51.8041"
REI,Régina Airport,Régina,GF,French Guiana,small_airport,"4.31339, -52.132745"
XAU,Saül Airport,Saül,GF,French Guiana,small_airport,"3.61361, -53.204201"
ACI,Alderney Airport,Saint Anne,GG,GG,medium_airport,"49.706104, -2.21472"
GCI,Guernsey Airport,Saint Peter Port,GG,GG,medium_airport,"49.435001, -2.60197"
ACC,Kotoka International Airport,Accra,GH,Ghana,large_airport,"5.605189800262451, -0.16678600013256073"
KMS,Kumasi Airport,Kumasi,GH,Ghana,medium_airport,"6.714560031890869, -1.5908199548721313"
NYI,Sunyani Airport,Sunyani,GH,Ghana,medium_airport,"7.36183, -2.32876"
TKD,Takoradi Airport,Sekondi-Takoradi,GH,Ghana,medium_airport,"4.896059989929199, -1.7747600078582764"
TML,Tamale Airport,Tamale,GH,Ghana,medium_airport,"9.55718994140625, -0.8632140159606934"
WZA,Wa Airport,Wa,GH,Ghana,small_airport,"10.0827, -2.50769"
GIB,Gibraltar Airport,Gibraltar,GI,Gibraltar,large_airport,"36.151199, -5.34966"
CNP,Neerlerit Inaat Airport,Neerlerit Inaat,GL,Greenland,small_airport,"70.743103, -22.650499"
GOH,Nuuk Airport,Nuuk,GL,Greenland,medium_airport,"64.191066, -51.67914"
JAV,Ilulissat Airport,Ilulissat,GL,Greenland,medium_airport,"69.243202, -51.057098"
JEG,Aasiaat Airport,Aasiaat,GL,Greenland,medium_airport,"68.721802, -52.784698"
JFR,Paamiut Airport,Paamiut,GL,Greenland,small_airport,"62.014736, -49.670937"
JHS,Sisimiut Airport,Sisimiut,GL,Greenland,medium_airport,"66.951302, -53.729301"
JQA,Qaarsut Airport,Uummannaq,GL,Greenland,small_airport,"70.7342, -52.696201"
JSU,Maniitsoq Airport,Maniitsoq,GL,Greenland,small_airport,"65.412498, -52.9394"
JUV,Upernavik Airport,Upernavik,GL,Greenland,small_airport,"72.790199, -56.1306"
KUS,Kulusuk Airport,Kulusuk,GL,Greenland,medium_airport,"65.573601, -37.1236"
NAQ,Qaanaaq Airport,Qaanaaq,GL,Greenland,small_airport,"77.488602, -69.388702"
SFJ,Kangerlussuaq Airport,Kangerlussuaq,GL,Greenland,medium_airport,"67.010446, -50.715294"
THU,Pituffik Space Base,Pituffik,GL,Greenland,medium_airport,"76.531197, -68.703201"
UAK,Narsarsuaq Airport,Narsarsuaq,GL,Greenland,medium_airport,"61.1605, -45.425999"
BJL,Banjul International Airport,Yundum,GM,Gambia,large_airport,"13.338, -16.652201"
BKJ,Boké Baralande Airport,Boké,GN,Guinea,small_airport,"10.9658, -14.2811"
CKY,Conakry International Airport,Conakry,GN,Guinea,medium_airport,"9.57689, -13.612"
FAA,Faranah Airport,Faranah,GN,Guinea,small_airport,"10.0354995728, -10.7698001862"
FIG,Fria Airport,Fria,GN,Guinea,small_airport,"10.3506, -13.5692"
GII,Siguiri Airport,Siguiri,GN,Guinea,small_airport,"11.399833, -9.18841"
KNN,Kankan Airport,Kankan,GN,Guinea,small_airport,"10.448438, -9.228757"
KSI,Kissidougou Airport,Kissidougou,GN,Guinea,small_airport,"9.1605596542358, -10.124400138855"
LEK,Tata Airport,Labé,GN,Guinea,small_airport,"11.337512, -12.290869"
MCA,Macenta Airport,Macenta,GN,Guinea,small_airport,"8.481456, -9.526048"
NZE,Nzérékoré Airport,Nzérékoré,GN,Guinea,small_airport,"7.810413, -8.702073"
SBI,Sambailo Airport,Koundara,GN,Guinea,small_airport,"12.575315, -13.363349"
BBR,Basse-Terre Baillif Airport,Basse-Terre,GP,Guadeloupe,small_airport,"16.013648, -61.742928"
DSD,La Désirade Airport,Grande Anse,GP,Guadeloupe,small_airport,"16.296902, -61.0844"
GBJ,Marie-Galante Airport,Grand-Bourg,GP,Guadeloupe,medium_airport,"15.868925, -61.270087"
LSS,Terre-de-Haut Airport,Les Saintes,GP,Guadeloupe,small_airport,"15.86439991, -61.5806007385"
PTP,Guadeloupe - Maryse Condé International Airport,Pointe-à-Pitre,GP,Guadeloupe,large_airport,"16.265301, -61.531799"
SFC,St-François Airport,St-François,GP,Guadeloupe,small_airport,"16.257799, -61.262501"
BSG,Bata Airport,Bata,GQ,Equatorial Guinea,medium_airport,"1.90547, 9.80568"
GEM,President Obiang Nguema International Airport,Mengomeyén,GQ,Equatorial Guinea,small_airport,"1.685334, 11.024394"
MDV,Médouneu Airport,"Médouneu, Gabon",GQ,Equatorial Guinea,small_airport,"1.0085, 10.7552"
NBN,Annobón Airport,San Antonio de Palé,GQ,Equatorial Guinea,small_airport,"-1.408615, 5.624163"
OCS,Corisco International Airport,Corisco Island,GQ,Equatorial Guinea,small_airport,"0.9125, 9.3304"
SSG,Malabo Airport,Malabo,GQ,Equatorial Guinea,medium_airport,"3.755270004272461, 8.708720207214355"
AOK,Karpathos Airport,Karpathos Island,GR,Greece,medium_airport,"35.421398, 27.146"
ATH,Athens Eleftherios Venizelos International Airport,Spata-Artemida,GR,Greece,large_airport,"37.936401, 23.9445"
AXD,Alexandroupoli Democritus Airport,Alexandroupolis,GR,Greece,medium_airport,"40.8559, 25.956301"
CFU,Corfu Ioannis Kapodistrias International Airport,Kerkyra (Corfu),GR,Greece,medium_airport,"39.601898, 19.911699"
CHQ,Chania International Airport,Souda,GR,Greece,medium_airport,"35.5317, 24.1497"
EFL,Kefallinia Airport,Kefallinia Island,GR,Greece,medium_airport,"38.12009811401367, 20.500499725341797"
GPA,Patras Araxos Agamemnon Airport,Patras,GR,Greece,medium_airport,"38.1511, 21.4256"
HER,Heraklion International Nikos Kazantzakis Airport,Heraklion,GR,Greece,large_airport,"35.339699, 25.1803"
IOA,Ioannina King Pyrrhus National Airport,Ioannina,GR,Greece,medium_airport,"39.6964, 20.8225"
JIK,Ikaria Airport,Ikaria Island,GR,Greece,small_airport,"37.6827011108, 26.3470993042"
JKH,Chios Island National Airport,Chios Island,GR,Greece,medium_airport,"38.34320068359375, 26.140600204467773"
JKL,Kalymnos Airport,Kalymnos Island,GR,Greece,small_airport,"36.9632987976, 26.9405994415"
JMK,Mykonos Island National Airport,Mykonos,GR,Greece,medium_airport,"37.435101, 25.348101"
JNX,Naxos Island National Airport,Naxos,GR,Greece,small_airport,"37.0811, 25.368099"
JSH,Sitia Airport,Crete Island,GR,Greece,medium_airport,"35.21609878540039, 26.101299285888672"
JSI,Skiathos Island National Airport,Skiathos,GR,Greece,medium_airport,"39.177101, 23.5037"
JSY,Syros Airport,Syros Island,GR,Greece,small_airport,"37.4227981567, 24.950899124099998"
JTR,Santorini Airport,Santorini Island,GR,Greece,medium_airport,"36.399200439453125, 25.479299545288086"
JTY,Astypalaia Airport,Astypalaia Island,GR,Greece,small_airport,"36.5798988342, 26.3757991791"
KGS,Kos Airport,Kos Island,GR,Greece,medium_airport,"36.794523, 27.09115"
KIT,Kithira Airport,Kithira Island,GR,Greece,small_airport,"36.2742996216, 23.0170001984"
KLX,Kalamata Airport,Kalamata,GR,Greece,medium_airport,"37.06829833984375, 22.02549934387207"
KSJ,Kasos Airport,Kasos Island,GR,Greece,small_airport,"35.4213981628, 26.909999847399998"
KSO,Kastoria National Airport Aristotle,Argos Orestiko,GR,Greece,small_airport,"40.446301, 21.2822"
KVA,Kavala Alexander the Great International Airport,Kavala,GR,Greece,medium_airport,"40.9133, 24.6192"
KZI,Kozani National Airport Filippos,Kozani,GR,Greece,medium_airport,"40.286098, 21.840799"
KZS,Kastelorizo Airport,Kastelorizo Island,GR,Greece,small_airport,"36.141701, 29.576401"
LRA,Larissa Air Base,Larissa,GR,Greece,small_airport,"39.650253, 22.4655"
LRS,Leros Airport,Leros Island,GR,Greece,small_airport,"37.184898, 26.800301"
LXS,Limnos Airport,Limnos Island,GR,Greece,small_airport,"39.917098999, 25.236299514799995"
MJT,Mytilene International Airport,Mytilene,GR,Greece,medium_airport,"39.057272, 26.598887"
MLO,Milos Airport,Milos Island,GR,Greece,small_airport,"36.696899, 24.4769"
PAS,Paros National Airport,Paros,GR,Greece,small_airport,"37.020495, 25.113195"
PVK,Aktion National Airport,Preveza,GR,Greece,medium_airport,"38.925499, 20.765301"
PYR,Andravida Air Base,Andravida,GR,Greece,medium_airport,"37.9207, 21.292601"
RHO,Diagoras Airport,Rhodes,GR,Greece,medium_airport,"36.405399, 28.086201"
SKG,Thessaloniki Macedonia International Airport,Thessaloniki,GR,Greece,large_airport,"40.51928, 22.970009"
SKU,Skiros Airport,Skiros Island,GR,Greece,small_airport,"38.9676017761, 24.4871997833"
SMI,Samos Airport,Samos Island,GR,Greece,medium_airport,"37.689999, 26.911699"
SPJ,Sparti Airfield,Sparti,GR,Greece,small_airport,"36.9739, 22.5263"
VOL,Nea Anchialos National Airport,Nea Anchialos,GR,Greece,medium_airport,"39.219601, 22.7943"
ZTH,Zakynthos International Airport Dionysios Solomos,Zakynthos,GR,Greece,medium_airport,"37.7509, 20.8843"
AAZ,Quezaltenango Airport,Quezaltenango,GT,Guatemala,small_airport,"14.8656, -91.501999"
AQB,Quiché Airport,Santa Cruz del Quiché,GT,Guatemala,small_airport,"15.0122, -91.150597"
CBV,Coban Airport,Coban,GT,Guatemala,medium_airport,"15.469, -90.4067"
CIQ,Chiquimula Airport,Chiquimula,GT,Guatemala,small_airport,"14.83092, -89.520938"
CMM,Carmelita Airport,Carmelita,GT,Guatemala,small_airport,"17.461201, -90.053703"
CTF,Coatepeque Airport,Coatepeque,GT,Guatemala,small_airport,"14.6942, -91.8825"
DON,Dos Lagunas Airport,Dos Lagunas,GT,Guatemala,small_airport,"17.6124, -89.6884"
ENJ,El Naranjo Airport,El Naranjo,GT,Guatemala,small_airport,"14.106931, -90.817496"
FRS,Mundo Maya International Airport,San Benito,GT,Guatemala,medium_airport,"16.913799, -89.866402"
GSJ,San José Airport,Puerto San José,GT,Guatemala,medium_airport,"13.9362, -90.8358"
GUA,La Aurora Airport,Guatemala City,GT,Guatemala,large_airport,"14.5833, -90.527496"
HUG,Huehuetenango Airport,Huehuetenango,GT,Guatemala,small_airport,"15.316667, -91.505556"
LCF,Las Vegas Airport,Rio Dulce,GT,Guatemala,small_airport,"15.668363, -88.961763"
PBR,Puerto Barrios Airport,Puerto Barrios,GT,Guatemala,medium_airport,"15.7309, -88.583801"
PCG,Paso Caballos Airport,Paso Caballos,GT,Guatemala,small_airport,"17.2639007568, -90.25630187990001"
PKJ,Playa Grande Airport,Playa Grande,GT,Guatemala,small_airport,"15.9975, -90.741699"
PON,Poptún Airport,Poptún,GT,Guatemala,small_airport,"16.325799942017, -89.41609954834"
RER,Retalhuleu Airport,Retalhuleu,GT,Guatemala,medium_airport,"14.521431, -91.697001"
RUV,Rubelsanto Airport,Rubelsanto,GT,Guatemala,medium_airport,"15.992, -90.445297"
UAX,Uaxactun Airport,Uaxactun,GT,Guatemala,small_airport,"17.393888, -89.632744"
GUM,Antonio B. Won Pat International Airport,Hagåtña,GU,Guam,large_airport,"13.4834, 144.796005"
UAM,Andersen Air Force Base,Yigo,GU,Guam,medium_airport,"13.584, 144.929998"
BQE,Bubaque Airport,Bubaque,GW,Guinea-Bissau,small_airport,"11.297356, -15.838079"
OXB,Osvaldo Vieira International Airport,Bissau,GW,Guinea-Bissau,medium_airport,"11.894800186157227, -15.65369987487793"
AHL,Aishalton Airport,Aishalton,GY,Guyana,small_airport,"2.47403, -59.320786"
BCG,Bemichi Airport,Kumaka,GY,Guyana,small_airport,"7.640212, -58.961786"
BMJ,Baramita Airport,Baramita,GY,Guyana,small_airport,"7.370120048522949, -60.487998962402344"
GEO,Cheddi Jagan International Airport,Georgetown,GY,Guyana,medium_airport,"6.49855, -58.254101"
GFO,Bartica A Airport,Bartica,GY,Guyana,small_airport,"6.358864, -58.655207"
IMB,Imbaimadai Airport,Imbaimadai,GY,Guyana,small_airport,"5.70811, -60.294201"
KAI,Kaieteur International Airport,Kaieteur Falls,GY,Guyana,medium_airport,"5.17275476456, -59.491481781"
KAR,Kamarang Airport,Kamarang,GY,Guyana,small_airport,"5.86534, -60.614201"
KKG,Konawaruk Airport,Konawaruk,GY,Guyana,small_airport,"5.2684, -58.995"
KRG,Karasabai Airport,Karasabai,GY,Guyana,small_airport,"4.03333, -59.533298"
KRM,Karanambo Airport,Karanambo,GY,Guyana,small_airport,"3.752572, -59.30902"
KTO,Kato Airport,Kato,GY,Guyana,small_airport,"4.64916, -59.832199"
LTM,Lethem Airport,Lethem,GY,Guyana,medium_airport,"3.37276, -59.789398"
LUB,Lumid Pau Airport,Lumid Pau,GY,Guyana,small_airport,"2.3939299583399998, -59.4410018921"
MHA,Mahdia Airport,Mahdia,GY,Guyana,small_airport,"5.27749, -59.1511"
MWJ,Matthews Ridge Airport,Matthews Ridge,GY,Guyana,small_airport,"7.487736, -60.185237"
MYM,Monkey Mountain Airport,Monkey Mountain,GY,Guyana,small_airport,"4.45315, -59.599596"
NAI,Annai Airport,Annai,GY,Guyana,small_airport,"3.95944, -59.124199"
OGL,Eugene F. Correira International Airport,Ogle,GY,Guyana,medium_airport,"6.80628, -58.1059"
ORJ,Orinduik Airport,Orinduik,GY,Guyana,small_airport,"4.72527, -60.035"
PIQ,Pipillipai Airport,Pipillipai,GY,Guyana,small_airport,"5.356667, -60.381"
PKM,Port Kaituma Airport,Port Kaituma,GY,Guyana,small_airport,"7.7424, -59.8819"
PMT,Paramakatoi Airport,Paramakatoi,GY,Guyana,small_airport,"4.6975, -59.7125"
PRR,Paruima Airport,Paruima,GY,Guyana,small_airport,"5.81724, -61.055489"
QSX,New Amsterdam Airport,New Amsterdam,GY,Guyana,small_airport,"6.244324, -57.474172"
SDC,Sand Creek Airport,Sand Creek,GY,Guyana,small_airport,"2.9913, -59.51"
SKM,Skeldon Airport,Skeldon,GY,Guyana,small_airport,"5.8599, -57.14894"
USI,Mabaruma Airport,Mabaruma,GY,Guyana,small_airport,"8.20017, -59.777965"
VEG,Maikwak Airport,Maikwak,GY,Guyana,small_airport,"4.898172, -59.817027"
HKG,Hong Kong International Airport,Hong Kong,HK,Hong Kong,large_airport,"22.308901, 113.915001"
AHS,Ahuas Airport,Ahuas,HN,Honduras,small_airport,"15.4722, -84.352203"
BHG,Brus Laguna Airport,Brus Laguna,HN,Honduras,small_airport,"15.7631, -84.543602"
CAA,El Aguacate Airport,El Aguacate,HN,Honduras,small_airport,"14.875, -85.776108"
CDD,Cauquira Airport,Cauquira,HN,Honduras,small_airport,"15.316667, -83.591667"
CYL,Coyoles Airport,Coyoles,HN,Honduras,small_airport,"15.445556, -86.675278"
EDQ,Erandique Airport,Erandique,HN,Honduras,small_airport,"14.235833, -88.437225"
GAC,Celaque Gracias Airport,Gracias,HN,Honduras,small_airport,"14.573492, -88.595801"
GJA,La Laguna Airport,Guanaja,HN,Honduras,medium_airport,"16.4454, -85.906601"
IRN,Iriona Airport,Iriona,HN,Honduras,small_airport,"15.939167022700001, -85.13722229"
JUT,Jutigalpa airport,Jutigalpa,HN,Honduras,small_airport,"14.652600288391113, -86.22029876708984"
LCE,Goloson International Airport,La Ceiba,HN,Honduras,medium_airport,"15.7425, -86.852997"
LEZ,La Esperanza Airport,La Esperanza,HN,Honduras,small_airport,"14.291111, -88.175003"
LLH,La Lima - Reginaldo Hammer Airport,La Lima,HN,Honduras,small_airport,"15.442801, -87.898564"
LMH,Limon Airport,Limón,HN,Honduras,small_airport,"15.856066, -85.443978"
LUI,Carta Airport,La Unión,HN,Honduras,small_airport,"15.033192, -86.692334"
OAN,El Arrayán Airport,Olanchito,HN,Honduras,small_airport,"15.505556, -86.574722"
ORO,Yoro Airport,Yoro,HN,Honduras,small_airport,"15.1275, -87.135"
PCH,Palacios Airport,Palacios,HN,Honduras,small_airport,"15.955, -84.941391"
PEU,Puerto Lempira Airport,Puerto Lempira,HN,Honduras,small_airport,"15.2622, -83.781197"
RTB,Juan Manuel Gálvez International Airport,Coxen Hole,HN,Honduras,medium_airport,"16.316799, -86.523003"
RUY,Rioamarillo Airport,Copán Ruinas,HN,Honduras,small_airport,"14.914885, -89.007837"
SAP,Ramón Villeda Morales International Airport,San Pedro Sula,HN,Honduras,medium_airport,"15.4526, -87.923599"
SCD,Sulaco Airport,Sulaco,HN,Honduras,small_airport,"14.90719985961914, -87.26339721679688"
TCF,Tocoa Airport,Tocoa,HN,Honduras,small_airport,"15.659722, -85.994164"
TEA,Tela Airport,Tela,HN,Honduras,medium_airport,"15.7759, -87.4758"
TGU,Toncontín International Airport,Tegucigalpa,HN,Honduras,medium_airport,"14.0609, -87.217201"
TJI,Trujillo Airport,Trujillo,HN,Honduras,medium_airport,"15.926599, -85.938573"
UII,Utila Airport,Utila Island,HN,Honduras,small_airport,"16.1131, -86.880302"
XPL,Palmerola International Airport / José Enrique Soto Cano Air Base,Palmerola,HN,Honduras,medium_airport,"14.3824, -87.621201"
BWK,Brač Airport,Gornji Humac,HR,Croatia,medium_airport,"43.284454, 16.678362"
DBV,Dubrovnik Ruđer Bošković Airport,Čilipi,HR,Croatia,medium_airport,"42.562247, 18.265543"
LSZ,Lošinj Airport,Mali Lošinj,HR,Croatia,small_airport,"44.566985, 14.393883"
OSI,Osijek Airport,Klisa,HR,Croatia,medium_airport,"45.462355, 18.811278"
PUY,Pula Airport,Pula,HR,Croatia,medium_airport,"44.893501, 13.9222"
RJK,Rijeka Airport,Omišalj,HR,Croatia,medium_airport,"45.2169, 14.5703"
SPU,Split Airport,Kaštel Štafilić,HR,Croatia,medium_airport,"43.538898, 16.298"
ZAD,Zadar Airport,Zemunik Donji (Zadar),HR,Croatia,medium_airport,"44.094988, 15.354879"
ZAG,Zagreb Franjo Tuđman International Airport,Velika Gorica,HR,Croatia,large_airport,"45.742901, 16.0688"
CAP,Cap Haitien International Airport,Cap Haitien,HT,Haiti,medium_airport,"19.726734, -72.199576"
CYA,Antoine-Simon International Airport,Les Cayes,HT,Haiti,medium_airport,"18.271099, -73.7883"
JAK,Jacmel Airport,Jacmel,HT,Haiti,medium_airport,"18.2411, -72.518501"
JEE,Jérémie Airport,Carrefour Sanon,HT,Haiti,medium_airport,"18.663099, -74.170303"
PAP,Toussaint Louverture International Airport,Port-au-Prince,HT,Haiti,large_airport,"18.580023, -72.292596"
PAX,Port-de-Paix Airport,Port-de-Paix,HT,Haiti,medium_airport,"19.934045, -72.84801"
BUD,Budapest Liszt Ferenc International Airport,Budapest,HU,Hungary,large_airport,"47.43018, 19.262393"
DEB,Debrecen International Airport,Debrecen,HU,Hungary,medium_airport,"47.488899, 21.615299"
PEV,Pécs-Pogány Airport,Pécs,HU,Hungary,medium_airport,"45.988891, 18.242044"
SOB,Hévíz–Balaton Airport,Sármellék,HU,Hungary,medium_airport,"46.686391, 17.159084"
AAP,Aji Pangeran Tumenggung Pranoto International Airport,Samarinda,ID,Indonesia,medium_airport,"-0.374478, 117.250128"
AAS,Apalapsili Airport,Apalapsili,ID,Indonesia,small_airport,"-3.882495, 139.310932"
ABU,AA Bere Tallo (Haliwen) Airport,Atambua,ID,Indonesia,small_airport,"-9.074841, 124.903285"
AEG,Aek Godang Airport,Padang Sidempuan,ID,Indonesia,medium_airport,"1.4001, 99.430496"
AGD,Anggi Airport,Anggi-Papua Island,ID,Indonesia,small_airport,"-1.3858, 133.8737"
AHI,Amahai Airport,Amahai,ID,Indonesia,small_airport,"-3.347851, 128.927093"
AKQ,Astra Ksetra Airport,Menggala,ID,Indonesia,small_airport,"-4.611588, 105.231968"
AMQ,Pattimura International Airport,Ambon,ID,Indonesia,medium_airport,"-3.71026, 128.089005"
APD,Arung Palakka Airport,Bone,ID,Indonesia,small_airport,"-4.459582, 120.310436"
ARD,Alor Island - Mali Airport,Kabola,ID,Indonesia,small_airport,"-8.13234, 124.597"
AXO,Pantar Kabir Airport,Kabir,ID,Indonesia,small_airport,"-8.244832, 124.219108"
AYW,Ayawasi Airport,Ayawasi,ID,Indonesia,small_airport,"-1.159779, 132.464082"
BDJ,Syamsudin Noor International Airport,Landasan Ulin,ID,Indonesia,medium_airport,"-3.44236, 114.763"
BDO,Husein Sastranegara International Airport,Bandung,ID,Indonesia,medium_airport,"-6.90063, 107.575996"
BEJ,Kalimarau Airport,Tanjung Redeb - Borneo Island,ID,Indonesia,medium_airport,"2.14776, 117.430705"
BIK,Frans Kaisiepo Airport,Biak,ID,Indonesia,medium_airport,"-1.19002, 136.108002"
BJG,Kota Mobagu/Mopait Airport,Kota Mobagu,ID,Indonesia,small_airport,"0.686111, 124.273611"
BJK,Benjina Airport,Maikoor Island,ID,Indonesia,small_airport,"-6.06613, 134.273971"
BJW,Bajawa Soa (Turelelo) Airport,"Soa, Ngada",ID,Indonesia,small_airport,"-8.70777, 121.058243"
BKS,Fatmawati Soekarno Airport,Bengkulu,ID,Indonesia,medium_airport,"-3.8637, 102.338997"
BMU,Sultan Muhammad Salahuddin Airport,"Palibelo, Bima",ID,Indonesia,small_airport,"-8.537184, 118.685002"
BPN,Sultan Aji Muhammad Sulaiman Sepinggan International Airport,Balikpapan,ID,Indonesia,large_airport,"-1.268342, 116.89452"
BRG,Siau/Sitaro Airport,Balirangen,ID,Indonesia,small_airport,"2.648591, 125.423301"
BTH,Hang Nadim International Airport,Batam,ID,Indonesia,medium_airport,"1.12103, 104.119003"
BTJ,Sultan Iskandar Muda International Airport,Banda Aceh,ID,Indonesia,medium_airport,"5.522872024010001, 95.42063713070002"
BTW,Bersujud Airport,Batu Licin,ID,Indonesia,small_airport,"-3.41241, 115.995003"
BUI,Bokondini Airport,Bokondini,ID,Indonesia,small_airport,"-3.68455, 138.677437"
BUU,Muara Bungo Airport,Muara Bungo,ID,Indonesia,small_airport,"-1.541635, 102.181613"
BUW,Betoambari Airport,Bau Bau,ID,Indonesia,small_airport,"-5.486037, 122.569823"
BWX,Banyuwangi Airport,"Rogojampi, Banyuwangi",ID,Indonesia,small_airport,"-8.31015, 114.3401"
BXB,Babo Airport,Babo,ID,Indonesia,medium_airport,"-2.53224, 133.438995"
BXD,Bade Airport,Bade,ID,Indonesia,small_airport,"-7.175902, 139.58333"
BXM,Batom Airport,Batom,ID,Indonesia,small_airport,"-4.442687, 140.883565"
BXT,LNG Badak Airport,Bontang-Borneo Island,ID,Indonesia,small_airport,"0.121656, 117.476558"
BXW,Harun Thohir Airport,Bawean,ID,Indonesia,small_airport,"-5.723628, 112.678889"
BYQ,Bunyu Airport,Bunju Island,ID,Indonesia,small_airport,"3.45572, 117.866997"
CBN,Penggung Airport,Cirebon-Java Island,ID,Indonesia,small_airport,"-6.757, 108.538849"
CGK,Soekarno-Hatta International Airport,Jakarta,ID,Indonesia,large_airport,"-6.1255698204, 106.65599823"
CJN,Nusawiru Airport,Cijulang,ID,Indonesia,small_airport,"-7.719895, 108.488995"
CPF,Ngloram Airport,Blora,ID,Indonesia,small_airport,"-7.195522, 111.545287"
CXP,Tunggul Wulung Airport,Cilacap,ID,Indonesia,medium_airport,"-7.64506, 109.033997"
DEX,Nop Goliat Dekai Airport,Dekai,ID,Indonesia,small_airport,"-4.8557, 139.482006"
DHX,Dhoho International Airport,Kediri,ID,Indonesia,large_airport,"-7.750278, 111.947222"
DJB,Sultan Thaha Airport,Jambi,ID,Indonesia,small_airport,"-1.638685, 103.645063"
DJJ,Dortheys Hiyo Eluay International Airport,Sentani,ID,Indonesia,large_airport,"-2.579627, 140.519857"
DOB,Rar Gwamar Airport,Dobo-Warmar Island,ID,Indonesia,small_airport,"-5.773724, 134.209245"
DPS,Denpasar I Gusti Ngurah Rai International Airport,"Kuta, Badung",ID,Indonesia,large_airport,"-8.748409, 115.167123"
DRH,Dabra Airport,Dabra,ID,Indonesia,small_airport,"-3.27061, 138.613433"
DTB,Silangit Airport,Siborong-Borong,ID,Indonesia,small_airport,"2.25973, 98.991898"
DTD,Datadawai Airport,Datadawai-Borneo Island,ID,Indonesia,small_airport,"0.807028, 114.529052"
DUM,Pinang Kampai Airport,Dumai,ID,Indonesia,medium_airport,"1.609114, 101.433492"
ELR,Elelim Airport,Elelim,ID,Indonesia,small_airport,"-3.785922, 139.384497"
ENE,H. Hasan Aroeboesman (Ende) Airport,Ende,ID,Indonesia,small_airport,"-8.849114, 121.66101"
ENG,Enggano Airport,Enggano,ID,Indonesia,small_airport,"-5.305621, 102.189546"
EWE,Ewer Asmat Airport,Agats,ID,Indonesia,small_airport,"-5.496185, 138.078361"
EWI,Enarotali Airport,Enarotali,ID,Indonesia,small_airport,"-3.925739, 136.378634"
FKQ,Fakfak Airport,Fakfak,ID,Indonesia,medium_airport,"-2.920508, 132.267011"
FLZ,Dr. Ferdinand Lumban Tobing Airport,Sibolga (Pinangsori),ID,Indonesia,medium_airport,"1.557127, 98.887145"
FOO,Kornasoren Airport,Kornasoren,ID,Indonesia,small_airport,"-0.935842, 134.872298"
GAV,Gag Island Airport,Gag Island,ID,Indonesia,small_airport,"-0.400556, 129.895004"
GEB,Gebe Airport,Gebe Island,ID,Indonesia,small_airport,"-0.078889, 129.457993"
GHS,Melalan Airport,Melak-Borneo Island,ID,Indonesia,small_airport,"-0.203611, 115.760002"
GLX,Gamarmalamo Airport,Galela-Celebes Island,ID,Indonesia,small_airport,"1.83833, 127.786003"
GNS,Binaka Airport,Gunungsitoli,ID,Indonesia,medium_airport,"1.16628, 97.704327"
GTO,Jalaluddin Airport,Gorontalo-Celebes Island,ID,Indonesia,small_airport,"0.63711899519, 122.849998474"
GYO,Blangkejeren Airport,Kabupaten Gayo Lues,ID,Indonesia,small_airport,"3.94548, 97.35968"
HLP,Halim Perdanakusuma International Airport,Jakarta,ID,Indonesia,medium_airport,"-6.266610145568848, 106.89099884033203"
HMS,Haji Muhammad Sidik Airport,Muara Teweh,ID,Indonesia,small_airport,"-1.02581, 114.92881"
IAX,Miangas Airport,Miangas,ID,Indonesia,small_airport,"5.560419, 126.580095"
ILA,Ilaga Airport,Ilaga,ID,Indonesia,small_airport,"-3.97648, 137.6225"
INX,Inanwatan Airport,Inanwatan,ID,Indonesia,small_airport,"-2.127447, 132.160056"
IUL,Ilu Airport,Ilu,ID,Indonesia,small_airport,"-3.7051, 138.2002"
JBB,Notohadinegoro Airport,Jember,ID,Indonesia,small_airport,"-8.242494, 113.693476"
JHN,Jenderal Besar Abdul Haris Nasution Airport,Mandailing,ID,Indonesia,small_airport,"0.948056, 99.533333"
JIO,Jos Orno Imsula Airport,Tiakur,ID,Indonesia,small_airport,"-8.140402, 127.908758"
JOG,Adisutjipto Airport,Yogyakarta,ID,Indonesia,medium_airport,"-7.78818, 110.431999"
KAZ,Kuabang Airport,Kao-Celebes Island,ID,Indonesia,small_airport,"1.18528, 127.896004"
KBF,Karubaga Airport,Karubaga,ID,Indonesia,small_airport,"-3.684615, 138.479018"
KBU,Gusti Syamsir Alam Airport,Stagen,ID,Indonesia,small_airport,"-3.29472, 116.165001"
KBX,Kambuaya Airport,Kambuaya-Papua Island,ID,Indonesia,small_airport,"-1.316815, 132.286987"
KCD,Kamur Airport,Kamur,ID,Indonesia,small_airport,"-6.1851, 138.6372"
KDI,Haluoleo Airport,Kendari,ID,Indonesia,small_airport,"-4.08161, 122.417999"
KEI,Kepi Airport,Kepi,ID,Indonesia,small_airport,"-6.5418, 139.3318"
KEQ,Kebar Airport,Kebar,ID,Indonesia,small_airport,"-0.810418, 133.054937"
KJT,Kertajati International Airport,Kertajati,ID,Indonesia,medium_airport,"-6.648924, 108.166692"
KJX,Kuala Batu Airport,Blangpidie,ID,Indonesia,small_airport,"3.735749, 96.790109"
KLP,Seruyan Kuala Pembuang Airport,Seruyan,ID,Indonesia,small_airport,"-3.376062, 112.536521"
KMM,Kimaam Airport,Kimaam,ID,Indonesia,small_airport,"-7.9782, 138.852005"
KNG,Kaimana Airport,Kaimana,ID,Indonesia,medium_airport,"-3.6446, 133.695116"
KNO,Kualanamu International Airport,Beringin,ID,Indonesia,large_airport,"3.637847, 98.870566"
KOD,Kotabangun Airport,Kotabangun-Borneo Island,ID,Indonesia,small_airport,"-0.266669988632, 116.583335876"
KOE,El Tari Airport,Kupang,ID,Indonesia,small_airport,"-10.1716, 123.670998"
KOX,Kokonao Airport,Kokonao,ID,Indonesia,small_airport,"-4.71075, 136.43515"
KRC,Departi Parbo Airport,Sungai Penuh,ID,Indonesia,small_airport,"-2.094042, 101.47025"
KSR,Selayar - Haji Aroeppala Airport,Benteng,ID,Indonesia,small_airport,"-6.17921, 120.437479"
KTG,Rahadi Osman Airport,Ketapang,ID,Indonesia,medium_airport,"-1.817165, 109.963469"
KWB,Dewadaru Airport,Karimunjawa,ID,Indonesia,small_airport,"-5.80091, 110.47838"
KXB,Sangia Nibandera Airport,Kolaka,ID,Indonesia,medium_airport,"-4.338158, 121.524047"
LAH,Oesman Sadik Airport,Labuha-Halmahera Island,ID,Indonesia,small_airport,"-0.635259, 127.501999"
LBJ,Komodo Airport,"Labuan Bajo, Manggarai Barat",ID,Indonesia,small_airport,"-8.480694, 119.888306"
LBW,Yuvai Semaring Airport,Long Bawan,ID,Indonesia,small_airport,"3.900495, 115.690089"
LHI,Lereh Airport,Lereh-Papua Island,ID,Indonesia,small_airport,"-3.0795, 139.952"
LII,Mulia Airport,Mulia-Papua Island,ID,Indonesia,small_airport,"-3.701938, 137.957"
LKA,Larantuka Gewayentana Airport,Tiwatobi,ID,Indonesia,small_airport,"-8.274424, 123.002"
LKI,Lasikin Airport,Lubang,ID,Indonesia,small_airport,"2.410916, 96.326766"
LKM,Bolaang Mongondow Airport,Lolak,ID,Indonesia,small_airport,"0.88855, 124.033634"
LLJ,Silampari Airport,Lubuk Linggau,ID,Indonesia,small_airport,"-3.288165, 102.91449"
LLN,Kelila Airport,Kelila,ID,Indonesia,small_airport,"-3.728968, 138.710117"
LLO,Bua - Palopo Lagaligo Airport,Palopo,ID,Indonesia,small_airport,"-3.082997, 120.245018"
LMU,Letung Airport,Bukit Padi,ID,Indonesia,small_airport,"2.96447, 105.75484"
LNU,Robert Atty Bessing,Malinau,ID,Indonesia,small_airport,"3.575256, 116.619769"
LOP,Lombok International Airport,"Mataram (Pujut, Lombok Tengah)",ID,Indonesia,medium_airport,"-8.759962, 116.278169"
LPU,Long Apung Airport,Long Apung-Borneo Island,ID,Indonesia,small_airport,"1.704486, 114.970297"
LSR,Alas Leuser Airport,Kutacane,ID,Indonesia,medium_airport,"3.391456, 97.863726"
LSW,Malikus Saleh Airport,Lhok Seumawe-Sumatra Island,ID,Indonesia,small_airport,"5.22668, 96.950302"
LSX,Lhok Sukon Airport,Lhok Sukon-Sumatra Island,ID,Indonesia,medium_airport,"5.06951, 97.259201"
LUV,Karel Sadsuitubun Airport,Langgur,ID,Indonesia,medium_airport,"-5.760278, 132.759444"
LUW,Syukuran Aminuddin Amir Airport,Luwok,ID,Indonesia,medium_airport,"-1.035893, 122.773934"
LWE,Wonopito Airport,Lewoleba,ID,Indonesia,small_airport,"-8.361805, 123.438554"
LYK,Lunyuk Airport,Lunyuk,ID,Indonesia,small_airport,"-8.989931, 117.216018"
MAL,"Mangole Airport, Falabisahaya",Mangole Island,ID,Indonesia,small_airport,"-1.782255, 125.482246"
MDC,Sam Ratulangi Airport,Manado,ID,Indonesia,medium_airport,"1.549266, 124.926319"
MDP,Mindiptana Airport,Mindiptana-Papua Island,ID,Indonesia,small_airport,"-5.876929, 140.70946"
MEQ,Cut Nyak Dhien Airport,Kuala Pesisir,ID,Indonesia,medium_airport,"4.040631, 96.253538"
MES,Soewondo Air Force Base,Medan,ID,Indonesia,medium_airport,"3.558425, 98.672275"
MJU,Tampa Padang Airport,Mamuju,ID,Indonesia,small_airport,"-2.590017, 119.025051"
MKQ,Mopah International Airport,Merauke,ID,Indonesia,medium_airport,"-8.523898, 140.419693"
MKW,Rendani Airport,Manokwari,ID,Indonesia,medium_airport,"-0.891833, 134.048996"
MLG,Abdul Rachman Saleh Airport,Malang,ID,Indonesia,medium_airport,"-7.929099, 112.714233"
MNA,Melangguane Airport,Karakelong Island,ID,Indonesia,small_airport,"4.00694, 126.672997"
MOF,Frans Xavier Seda Airport,Waioti,ID,Indonesia,small_airport,"-8.639514, 122.238135"
MOH,Maleo Airport,Morowali,ID,Indonesia,small_airport,"-2.201143, 121.662884"
MPC,Muko Muko Airport,Muko Muko,ID,Indonesia,small_airport,"-2.541058, 101.087651"
MSI,Masalembo Airport,Masalembo Island,ID,Indonesia,small_airport,"-5.583330154418945, 114.43299865722656"
MWK,Matak Airport,Palmatak,ID,Indonesia,small_airport,"3.34812, 106.258003"
MWS,Indonesia Morowali Industrial Park (IMIP) Airport,Morowali,ID,Indonesia,small_airport,"-2.799322, 122.141385"
MXB,Andi Jemma Airport,Masamba,ID,Indonesia,small_airport,"-2.558031, 120.324342"
NAF,Banaina Airport,Banaina-Borneo Island,ID,Indonesia,small_airport,"2.72305011749, 117.125999451"
NAH,Naha Airport,"Tabukan Utara, Sangihe Islands",ID,Indonesia,medium_airport,"3.68478, 125.527162"
NAM,Namniwel Airport,Namniwel,ID,Indonesia,medium_airport,"-3.143159, 126.976469"
NBX,Douw Aturure Airport,Nabire,ID,Indonesia,medium_airport,"-3.397973, 135.393071"
NDA,Bandanaira Airport,Bandanaira,ID,Indonesia,small_airport,"-4.5214, 129.9054"
NKD,Sinak Airport,Sinak,ID,Indonesia,small_airport,"-3.822249, 137.839208"
NNX,Nunukan Airport,Nunukan-Nunukan Island,ID,Indonesia,small_airport,"4.134001, 117.669546"
NPO,Nanga Pinoh Airport,Nanga Pinoh-Borneo Island,ID,Indonesia,medium_airport,"-0.34864, 111.746155"
NRE,Namrole Airport,Namrole,ID,Indonesia,small_airport,"-3.85522, 126.700902"
NTI,Stenkol Airport,Bintuni,ID,Indonesia,small_airport,"-2.1033, 133.5164"
NTX,Ranai Airport,Ranai-Natuna Besar Island,ID,Indonesia,medium_airport,"3.90871, 108.388"
OBD,Obano Airport,Obano,ID,Indonesia,small_airport,"-3.9106, 136.2306"
OJU,Tanjung Api Airport,Tojo Una-Una,ID,Indonesia,small_airport,"-0.865437, 121.628625"
OKL,Oksibil Airport,Oksibil,ID,Indonesia,medium_airport,"-4.9071, 140.6277"
OKQ,Okaba Airport,Okaba,ID,Indonesia,small_airport,"-8.0946, 139.7233"
ONI,Moanamani Airport,Moanamani,ID,Indonesia,small_airport,"-4.00659, 136.037704"
OTI,Pitu Airport,Gotalalamo-Morotai Island,ID,Indonesia,medium_airport,"2.04599, 128.324997"
PCB,Pondok Cabe Air Base,Jakarta,ID,Indonesia,small_airport,"-6.3369598388671875, 106.76499938964844"
PDG,Minangkabau International Airport,Padang (Katapiang),ID,Indonesia,medium_airport,"-0.786917, 100.280998"
PDO,Pendopo Airport,Talang Gudang-Sumatra Island,ID,Indonesia,medium_airport,"-3.2860701084136963, 103.87999725341797"
PGK,Depati Amir Airport,Pangkal Pinang,ID,Indonesia,medium_airport,"-2.1622, 106.139"
PGQ,Buli Airport,Pekaulang,ID,Indonesia,small_airport,"0.917144, 128.382116"
PKN,Iskandar Airport,Pangkalanbun,ID,Indonesia,small_airport,"-2.7052, 111.672997"
PKU,Sultan Syarif Kasim II International Airport / Roesmin Nurjadin AFB,Pekanbaru,ID,Indonesia,medium_airport,"0.458647, 101.444321"
PKY,Tjilik Riwut Airport,Palangkaraya,ID,Indonesia,medium_airport,"-2.22513, 113.943001"
PLM,Sultan Mahmud Badaruddin II Airport,Palembang,ID,Indonesia,medium_airport,"-2.897653, 104.698147"
PLW,Mutiara - SIS Al-Jufrie Airport,Palu,ID,Indonesia,medium_airport,"-0.916462, 119.908647"
PNK,Supadio Airport,Pontianak,ID,Indonesia,medium_airport,"-0.150711, 109.403999"
PPJ,Pulau Panjang Airport,Jakarta,ID,Indonesia,small_airport,"-5.644444, 106.5625"
PPR,Tuanku Tambusai Airport,Pasir Pengarayan,ID,Indonesia,small_airport,"0.845431, 100.370154"
PSJ,Kasiguncu Airport,Poso-Celebes Island,ID,Indonesia,medium_airport,"-1.414121, 120.659241"
PSU,Pangsuma Airport,Putussibau-Borneo Island,ID,Indonesia,medium_airport,"0.834579, 112.940217"
PWL,Jenderal Besar Soedirman Airport,Purwokerto-Java Island,ID,Indonesia,small_airport,"-7.461342, 109.414612"
PXA,Atung Bungsu Airport,Bentayan,ID,Indonesia,small_airport,"-4.0225, 103.379167"
RAQ,Sugimanuru Airport,Raha,ID,Indonesia,small_airport,"-4.763298, 122.566352"
RDE,Merdey Airport,Merdei-Papua Island,ID,Indonesia,small_airport,"-1.591154, 133.295867"
RGT,Japura Airport,Rengat-Sumatra Island,ID,Indonesia,medium_airport,"-0.352808, 102.334999"
RJM,Marinda Airport,Waisai,ID,Indonesia,small_airport,"-0.423056, 130.773333"
RKI,Mentawai Airport,Sipura Island,ID,Indonesia,small_airport,"-2.094167, 99.699167"
RSK,Abresso Airport,Ransiki-Papua Island,ID,Indonesia,small_airport,"-1.496771, 134.175"
RTG,Frans Sales Lega Airport,"Satar Tacik, Manggarai",ID,Indonesia,small_airport,"-8.596171, 120.478177"
RTI,David Constantijn Saudale Airport,Ba'a - Rote Island,ID,Indonesia,small_airport,"-10.7673, 123.0747"
RTO,Budiarto Airport,Tangerang-Java Island,ID,Indonesia,small_airport,"-6.293171, 106.57"
RTU,Maratua Airport,Maratua,ID,Indonesia,small_airport,"2.19759, 118.599361"
SAU,Sabu-Tardanu Airport,Sabu-Sawu Island,ID,Indonesia,small_airport,"-10.4924, 121.8482"
SBG,Maimun Saleh Airport,Sabang,ID,Indonesia,small_airport,"5.874668, 95.33967"
SEH,Senggeh Airport,Senggeh,ID,Indonesia,small_airport,"-3.442448, 140.778079"
SEQ,Sungai Pakning Bengkalis Airport,Bengkalis-Sumatra Island,ID,Indonesia,small_airport,"1.37, 102.139999"
SGQ,Sanggata/Sangkimah Airport,Sanggata/Sangkimah,ID,Indonesia,small_airport,"0.3847, 117.543"
SIQ,Dabo Airport,Pasirkuning-Singkep Island,ID,Indonesia,small_airport,"-0.479611, 104.579498"
SIW,Sibisa Airport,Parapat-Sumatra Island,ID,Indonesia,small_airport,"2.601967, 98.962381"
SKJ,Singkawang Airport,Singkawang,ID,Indonesia,small_airport,"0.789936, 108.960395"
SMQ,Sampit (Hasan) Airport,Sampit,ID,Indonesia,small_airport,"-2.499198, 112.974987"
SOC,Adisumarmo Airport,Surakarta,ID,Indonesia,medium_airport,"-7.516044, 110.757492"
SOQ,Domine Eduard Osok Airport,Sorong,ID,Indonesia,medium_airport,"-0.894, 131.287"
SQG,Tebelian Airport,Sintang,ID,Indonesia,medium_airport,"-0.045214, 111.458049"
SQN,Emalamo Sanana Airport,Sanana,ID,Indonesia,small_airport,"-2.097833, 125.963833"
SQR,Soroako Airport,Soroako,ID,Indonesia,small_airport,"-2.530582, 121.356096"
SRG,Achmad Yani Airport,Semarang,ID,Indonesia,medium_airport,"-6.970732, 110.373244"
SUB,Juanda International Airport,Surabaya,ID,Indonesia,large_airport,"-7.37983, 112.787003"
SUP,Trunojoyo Airport,Sumenep,ID,Indonesia,small_airport,"-7.022391, 113.887699"
SWQ,Sultan Muhammad Kaharuddin III Airport,Sumbawa Besar,ID,Indonesia,small_airport,"-8.48904, 117.412003"
SXK,Mathilda Batlayeri Airport,Saumlaki-Yamdena Island,ID,Indonesia,small_airport,"-7.848354, 131.337068"
TAX,Taliabu Island Airport,Tikong-Taliabu Island,ID,Indonesia,small_airport,"-1.6426299810409546, 124.55899810791016"
TBM,Tumbang Samba Airport,Tumbang Samba-Borneo Island,ID,Indonesia,small_airport,"-1.4694, 113.0833"
TBX,Tambelan Airport,Tambelan,ID,Indonesia,small_airport,"0.979922, 107.564658"
TFY,Muhammad Taufiq Kiemas Airport,Krui,ID,Indonesia,small_airport,"-5.211562, 103.936501"
TIM,Mozes Kilangin Airport,Timika,ID,Indonesia,medium_airport,"-4.52978, 136.887388"
TJB,Raja Haji Abdullah Airport,Tanjung Balai-Karinmunbesar Island,ID,Indonesia,small_airport,"1.05287, 103.391517"
TJG,Warukin Airport,Tanta-Tabalong,ID,Indonesia,medium_airport,"-2.21656, 115.435997"
TJQ,H A S Hanandjoeddin International Airport,Tanjung Pandan,ID,Indonesia,small_airport,"-2.74572, 107.754997"
TJS,Tanjung Harapan Airport,Tanjung Selor-Borneo Island,ID,Indonesia,small_airport,"2.835833, 117.373611"
TKG,Radin Inten II International Airport,Bandar Lampung,ID,Indonesia,medium_airport,"-5.246803, 105.182531"
TLI,Sultan Bantilan Airport,Toli Toli-Celebes Island,ID,Indonesia,small_airport,"1.123428, 120.793658"
TMC,Tambolaka Airport,Radamata,ID,Indonesia,small_airport,"-9.409224, 119.242558"
TMH,Tanah Merah Airport,Tanah Merah,ID,Indonesia,medium_airport,"-6.09669, 140.303521"
TMY,Tiom Airport,Tiom-Papua Island,ID,Indonesia,small_airport,"-3.9256, 138.4555"
TNB,Tanah Grogot Airport,Tanah Grogot,ID,Indonesia,small_airport,"-1.885541, 116.256809"
TNJ,Raja Haji Fisabilillah International Airport,Tanjung Pinang-Bintan Island,ID,Indonesia,small_airport,"0.92397, 104.53341"
TPK,Teuku Cut Ali Airport,Tapaktuan,ID,Indonesia,small_airport,"3.16904, 97.288299"
TQQ,Maranggo Airport,Waha-Tomea Island,ID,Indonesia,small_airport,"-5.76457, 123.917"
TRK,Juwata International Airport / Suharnoko Harbani AFB,Tarakan,ID,Indonesia,medium_airport,"3.325145, 117.564169"
TRT,Toraja Airport,Toraja,ID,Indonesia,medium_airport,"-3.185833, 119.91775"
TSX,Tanjung Santan Airport,Santan-Borneo Island,ID,Indonesia,small_airport,"-0.0929730013013, 117.45300293"
TSY,Cibeureum Airport,Tasikmalaya-Java Island,ID,Indonesia,small_airport,"-7.3466, 108.246002"
TTE,Sultan Babullah Airport,Sango,ID,Indonesia,medium_airport,"0.831012, 127.381611"
TTR,Pongtiku Airport,Makale,ID,Indonesia,small_airport,"-3.04474, 119.821999"
TXE,Rembele Airport,Takengon,ID,Indonesia,medium_airport,"4.72113, 96.851943"
TXM,Teminabuan Airport,Atinjoe,ID,Indonesia,small_airport,"-1.44545, 132.021139"
UGU,Bilogai-Sugapa Airport,Sugapa,ID,Indonesia,medium_airport,"-3.739503, 137.031183"
UOL,Buol - Pogogul Airport,Buol-Celebes Island,ID,Indonesia,small_airport,"1.102318, 121.413358"
UPG,Hasanuddin International Airport,Ujung Pandang,ID,Indonesia,large_airport,"-5.06163, 119.554001"
WBA,Wahai Airport,Wahai,ID,Indonesia,small_airport,"-2.8114, 129.484"
WET,Deiyai / Waghete Baru Airport,Tigi,ID,Indonesia,small_airport,"-4.05916, 136.281715"
WGP,Umbu Mehang Kunda Airport,Waingapu-Sumba Island,ID,Indonesia,small_airport,"-9.66922, 120.302002"
WMX,Wamena Airport,Wamena,ID,Indonesia,medium_airport,"-4.097324, 138.952417"
WNI,Matahora Airport,Wangi-wangi Island,ID,Indonesia,medium_airport,"-5.293996, 123.634"
WSR,Wasior Airport,Wasior,ID,Indonesia,small_airport,"-2.720434, 134.505902"
YIA,Yogyakarta International Airport,Yogyakarta,ID,Indonesia,medium_airport,"-7.905338, 110.057264"
ZEG,Senggo Airport,Senggo-Papua Island,ID,Indonesia,small_airport,"-5.6908, 139.3502"
ZRI,Stevanus Rumbewas Airport,Serui,ID,Indonesia,medium_airport,"-1.82842, 136.062402"
ZRM,Mararena Sarmi Airport,Sarmi,ID,Indonesia,small_airport,"-1.873077, 138.753275"
BLY,Belmullet Aerodrome,Belmullet,IE,Ireland,small_airport,"54.2228012085, -10.0307998657"
BYT,Bantry Aerodrome,Bantry,IE,Ireland,small_airport,"51.6772, -9.487123"
CFN,Donegal Airport,Donegal,IE,Ireland,medium_airport,"55.0442008972168, -8.340999603271484"
DUB,Dublin Airport,Dublin,IE,Ireland,large_airport,"53.428713, -6.262121"
GWY,Galway Airport,Galway,IE,Ireland,medium_airport,"53.300201, -8.94159"
IIA,Inishmaan Aerodrome,Inis Meáin,IE,Ireland,small_airport,"53.092999, -9.56806"
INQ,Inisheer Aerodrome,Inis Oírr,IE,Ireland,small_airport,"53.064701, -9.5109"
IOR,Inishmore Aerodrome,Inis Mór,IE,Ireland,small_airport,"53.1067008972168, -9.653610229492188"
KIR,Kerry Airport,Killarney,IE,Ireland,medium_airport,"52.180901, -9.52378"
KKY,Kilkenny Airport,Kilkenny,IE,Ireland,small_airport,"52.65079879760742, -7.296110153198242"
LTR,Letterkenny Airfield,Letterkenny,IE,Ireland,small_airport,"54.951302, -7.67283"
NNR,Connemara Regional Airport,Inverin,IE,Ireland,small_airport,"53.23030090332031, -9.467780113220215"
NOC,Ireland West Knock Airport,Charlestown,IE,Ireland,medium_airport,"53.910301, -8.81849"
ORK,Cork Airport,Cork,IE,Ireland,medium_airport,"51.841301, -8.49111"
SNN,Shannon Airport,Shannon,IE,Ireland,large_airport,"52.702, -8.92482"
SXL,Sligo Airport,Sligo,IE,Ireland,medium_airport,"54.280200958252, -8.5992097854614"
WAT,Waterford Airport,Waterford,IE,Ireland,medium_airport,"52.187199, -7.08696"
BEV,Beersheba (Teyman) Airport,Beersheba,IL,Israel,small_airport,"31.287000656128, 34.722999572754"
EIY,Ein Yahav Airfield,Sapir,IL,Israel,small_airport,"30.621700286865234, 35.20330047607422"
ETM,Ramon International Airport,Eilat,IL,Israel,large_airport,"29.727009, 35.014116"
HFA,Haifa International Airport,Haifa,IL,Israel,medium_airport,"32.80939865112305, 35.04309844970703"
KSW,Kiryat Shmona Airport,Kiryat Shmona,IL,Israel,small_airport,"33.216275, 35.59622"
MIP,Ramon Air Base,Beersheba,IL,Israel,medium_airport,"30.776100158691406, 34.66669845581055"
MTZ,Bar Yehuda Airfield,Masada,IL,Israel,medium_airport,"31.328199, 35.388599"
RPN,Rosh Pina Airport,Rosh Pina,IL,Israel,medium_airport,"32.980999, 35.571899"
TLV,Ben Gurion International Airport,Tel Aviv,IL,Israel,large_airport,"32.011398, 34.8867"
VDA,Ovda Airport,Eilat,IL,Israel,small_airport,"29.9403, 34.935799"
VTM,Nevatim Air Base,Beersheba,IL,Israel,medium_airport,"31.208299636799996, 35.012298584"
YOT,Yotvata Airfield,Yotvata,IL,Israel,small_airport,"29.901111, 35.0675"
IOM,Isle of Man Airport,Castletown,IM,IM,medium_airport,"54.083302, -4.62389"
AGR,Agra Airport / Agra Air Force Station,Agra,IN,India,medium_airport,"27.157683, 77.960942"
AGX,Agatti Airport,Agatti,IN,India,medium_airport,"10.8237, 72.176003"
AIP,Adampur Airport,Adampur,IN,India,small_airport,"31.4338, 75.758797"
AJL,Lengpui Airport,Aizawl (Lengpui),IN,India,medium_airport,"23.840599, 92.619698"
AKD,Akola Airport,Akola,IN,India,medium_airport,"20.698931, 77.056883"
AMD,Sardar Vallabh Bhai Patel International Airport,Ahmedabad,IN,India,medium_airport,"23.0772, 72.634697"
ATQ,Sri Guru Ram Dass Jee International Airport,Amritsar,IN,India,medium_airport,"31.7096, 74.797302"
AYJ,Ayodhya Airport,Faizabad,IN,India,medium_airport,"26.751283, 82.155295"
AZH,Azamgarh Airport,Azamgarh,IN,India,small_airport,"26.153333, 83.118333"
BBI,Biju Patnaik Airport,Bhubaneswar,IN,India,medium_airport,"20.244400024399997, 85.8178024292"
BDQ,Vadodara Airport,Vadodara,IN,India,medium_airport,"22.336201, 73.226303"
BEK,Bareilly Air Force Station,Bareilly,IN,India,medium_airport,"28.4221, 79.450798"
BEP,Bellary Airport,Bellary,IN,India,medium_airport,"15.162799835205078, 76.88279724121094"
BHJ,Bhuj Airport,Bhuj,IN,India,medium_airport,"23.2877998352, 69.6701965332"
BHO,Raja Bhoj International Airport,Bhopal,IN,India,medium_airport,"23.2875003815, 77.3374023438"
BHU,Bhavnagar Airport,Bhavnagar,IN,India,medium_airport,"21.752199173, 72.1852035522"
BKB,Nal Airport,Bikaner,IN,India,medium_airport,"28.070601, 73.207199"
BLR,Kempegowda International Airport,Bangalore,IN,India,large_airport,"13.1979, 77.706299"
BOM,Chhatrapati Shivaji International Airport,Mumbai,IN,India,large_airport,"19.0886993408, 72.8678970337"
BPM,Begumpet Airport,Hyderabad,IN,India,medium_airport,"17.4531, 78.467598"
BUP,Bhatinda Air Force Station,,IN,India,medium_airport,"30.2701, 74.755798"
CBD,Car Nicobar Air Force Base,IAF Camp,IN,India,medium_airport,"9.153056, 92.819273"
CCJ,Calicut International Airport,Calicut,IN,India,medium_airport,"11.1368, 75.955299"
CCU,Netaji Subhash Chandra Bose International Airport,Kolkata,IN,India,large_airport,"22.654699, 88.446701"
CDP,Kadapa Airport,Kadapa,IN,India,medium_airport,"14.513154, 78.769183"
CJB,Coimbatore International Airport,Coimbatore,IN,India,medium_airport,"11.029999733, 77.0434036255"
CNN,Kannur International Airport,Kannur,IN,India,medium_airport,"11.918614, 75.547211"
COH,Cooch Behar Airport,Cooch Behar,IN,India,small_airport,"26.3305, 89.467201"
COK,Cochin International Airport,Kochi,IN,India,large_airport,"10.151047, 76.400838"
CWK,Chitrakoot Airport,Chitrakoot,IN,India,small_airport,"25.167694, 80.9358"
DBD,Dhanbad Airport,,IN,India,medium_airport,"23.834, 86.425301"
DBR,Darbhanga Airport,Darbhanga,IN,India,medium_airport,"26.192801, 85.916901"
DED,Dehradun Jolly Grant Airport,Dehradun (Jauligrant),IN,India,medium_airport,"30.189243, 78.176651"
DEL,Indira Gandhi International Airport,New Delhi,IN,India,large_airport,"28.55563, 77.09519"
DEP,Daporijo Airport,Daporijo,IN,India,small_airport,"27.985500335699996, 94.22280120850002"
DGH,Deoghar Airport,Deoghar,IN,India,small_airport,"24.446842, 86.704955"
DHM,Kangra Airport,Kangra,IN,India,medium_airport,"32.164902, 76.263018"
DIB,Dibrugarh Airport,Dibrugarh,IN,India,medium_airport,"27.4839000702, 95.0168991089"
DIU,Diu Airport,Diu,IN,India,small_airport,"20.714185, 70.921855"
DMU,Dimapur Airport,Dimapur,IN,India,medium_airport,"25.883899688699998, 93.77110290530001"
GAU,Lokpriya Gopinath Bordoloi International Airport,Guwahati,IN,India,medium_airport,"26.10610008239746, 91.58589935302734"
GAY,Gaya Airport,Gaya,IN,India,medium_airport,"24.744301, 84.951202"
GBI,Kalaburagi Airport,Kalaburagi,IN,India,small_airport,"17.308154, 76.965246"
GDB,Gondia Airport,Gondia,IN,India,medium_airport,"21.526817, 80.290347"
GOI,Dabolim Airport,Vasco da Gama,IN,India,large_airport,"15.3808, 73.831398"
GOP,Gorakhpur Airport,Gorakhpur,IN,India,medium_airport,"26.739700317399997, 83.4496994019"
GOX,Manohar International Airport,Mopa,IN,India,large_airport,"15.744257, 73.860625"
GUX,Guna Airport,,IN,India,small_airport,"24.654699, 77.347298"
GWL,Gwalior Airport,Gwalior,IN,India,medium_airport,"26.29330062866211, 78.22779846191406"
HBX,Hubli Airport,Hubli,IN,India,medium_airport,"15.361700058, 75.08489990230001"
HDO,Hindon Airport / Hindon Air Force Station,Ghaziabad,IN,India,small_airport,"28.707701, 77.358902"
HGI,Itanagar Donyi Polo Hollongi Airport,Hollongi,IN,India,medium_airport,"26.96683, 93.638792"
HJR,Khajuraho Airport,Khajuraho,IN,India,medium_airport,"24.8172, 79.918602"
HRH,Aligarh Airport,Aligarh,IN,India,small_airport,"27.861437, 78.145404"
HSR,Rajkot International Airport,Rajkot,IN,India,large_airport,"22.378824, 71.039391"
HSS,Hisar Airport,Hisar,IN,India,medium_airport,"29.179399, 75.755302"
HYD,Rajiv Gandhi International Airport,Hyderabad,IN,India,large_airport,"17.231318, 78.429855"
IDR,Devi Ahilyabai Holkar Airport,Indore,IN,India,medium_airport,"22.7217998505, 75.8011016846"
IMF,Imphal Airport,Imphal,IN,India,medium_airport,"24.7600002289, 93.896697998"
ISK,Nashik Airport,Nasik,IN,India,medium_airport,"20.119101, 73.912903"
IXA,Agartala - Maharaja Bir Bikram Airport,Agartala,IN,India,medium_airport,"23.886999, 91.240402"
IXB,Bagdogra Airport,Siliguri,IN,India,medium_airport,"26.68120002746582, 88.32859802246094"
IXC,Chandigarh International Airport,Chandigarh,IN,India,medium_airport,"30.6735, 76.788498"
IXD,Prayagraj Airport,Allahabad,IN,India,medium_airport,"25.4401, 81.733902"
IXE,Mangalore International Airport,Mangalore,IN,India,medium_airport,"12.9612998962, 74.8900985718"
IXG,Belagavi Airport,Belgaum,IN,India,medium_airport,"15.8593, 74.618301"
IXH,Kailashahar Airport,Kailashahar,IN,India,medium_airport,"24.308657, 92.00768"
IXI,Lilabari North Lakhimpur Airport,Lilabari,IN,India,medium_airport,"27.2955, 94.097603"
IXJ,Jammu Airport,Jammu,IN,India,medium_airport,"32.688849, 74.838152"
IXK,Keshod Airport,Keshod,IN,India,medium_airport,"21.317101, 70.270401"
IXL,Leh Kushok Bakula Rimpochee Airport,Leh,IN,India,medium_airport,"34.135899, 77.546501"
IXM,Madurai Airport,Madurai,IN,India,medium_airport,"9.83450984955, 78.09339904790001"
IXN,Khowai Airport,Khowai,IN,India,small_airport,"24.061899, 91.603897"
IXP,Pathankot Airport,Pathankot,IN,India,medium_airport,"32.233611, 75.634444"
IXQ,Kamalpur Airport,Manik Bhandar,IN,India,small_airport,"24.134325, 91.810769"
IXR,Birsa Munda Airport,Ranchi,IN,India,medium_airport,"23.314300537100003, 85.3217010498"
IXS,Silchar Airport,Silchar,IN,India,medium_airport,"24.9129009247, 92.97869873050001"
IXT,Pasighat Airport,Pasighat,IN,India,small_airport,"28.064786, 95.336952"
IXU,Aurangabad Airport,Aurangabad,IN,India,medium_airport,"19.862699508666992, 75.39810180664062"
IXV,Along Airport,,IN,India,medium_airport,"28.17530059814453, 94.802001953125"
IXW,Sonari Airport,Jamshedpur,IN,India,medium_airport,"22.813786, 86.169739"
IXX,Bidar Airport / Bidar Air Force Station,Bidar,IN,India,medium_airport,"17.9081, 77.487099"
IXY,Kandla Airport,Kandla,IN,India,medium_airport,"23.1127, 70.100304"
IXZ,Veer Savarkar International Airport / INS Utkrosh,Port Blair,IN,India,medium_airport,"11.641208, 92.729643"
JAI,Jaipur International Airport,Jaipur,IN,India,medium_airport,"26.8242, 75.812202"
JDH,Jodhpur Airport,Jodhpur,IN,India,medium_airport,"26.251100540161133, 73.04889678955078"
JGA,Jamnagar Airport,Jamnagar,IN,India,medium_airport,"22.465499877929688, 70.01260375976562"
JGB,Jagdalpur Airport,Jagdalpur,IN,India,small_airport,"19.074301, 82.036797"
JLG,Jalgaon Airport,Jalgaon,IN,India,small_airport,"20.962678, 75.627492"
JLR,Jabalpur Airport,Jabalpur,IN,India,medium_airport,"23.177799, 80.052002"
JRG,Jharsuguda Airport,,IN,India,small_airport,"21.9135, 84.0504"
JRH,Jorhat Airport,Jorhat,IN,India,medium_airport,"26.7315006256, 94.1754989624"
JSA,Jaisalmer Airport,,IN,India,medium_airport,"26.8887, 70.864998"
KBK,Kushinagar International Airport,Kushinagar,IN,India,medium_airport,"26.776534, 83.889214"
KJB,Kurnool Airport,Orvakal,IN,India,medium_airport,"15.716288, 78.16923"
KLH,Kolhapur Airport,Kolhapur,IN,India,medium_airport,"16.6647, 74.289398"
KNU,Kanpur Airport,Kanpur,IN,India,medium_airport,"26.404301, 80.410103"
KQH,Kishangarh Airport Ajmer,Ajmer (Kishangarh),IN,India,medium_airport,"26.591007, 74.812956"
KTU,Kota Airport,Kota,IN,India,medium_airport,"25.160200119, 75.84559631350001"
KUU,Kullu Manali Airport,Bhuntar,IN,India,medium_airport,"31.876699, 77.154404"
LDA,Malda Airport,Malda,IN,India,small_airport,"25.01018, 88.126917"
LKO,Chaudhary Charan Singh International Airport,Lucknow,IN,India,medium_airport,"26.7605991364, 80.8892974854"
LTU,Murod Kond Airport,Latur,IN,India,medium_airport,"18.411501, 76.464699"
LUH,Ludhiana Airport,,IN,India,medium_airport,"30.854700088500977, 75.95259857177734"
MAA,Chennai International Airport,Chennai,IN,India,large_airport,"12.990005, 80.169296"
MYQ,Mysore Airport,Mysore,IN,India,small_airport,"12.23, 76.655833"
MZS,Moradabad Airport,Moradabad,IN,India,medium_airport,"28.81746, 78.92187"
MZU,Muzaffarpur Airport,Muzaffarpur,IN,India,medium_airport,"26.119101, 85.313698"
NAG,Dr. Babasaheb Ambedkar International Airport,Nagpur,IN,India,medium_airport,"21.092199, 79.047203"
NDC,Nanded Airport,Nanded,IN,India,medium_airport,"19.1833, 77.316704"
NMB,Daman Airport,Daman,IN,India,medium_airport,"20.434401, 72.843201"
NMI,Navi Mumbai International Airport,Navi Mumbai,IN,India,large_airport,"18.988686, 73.068523"
NVY,Neyveli Airport,Neyveli,IN,India,small_airport,"11.612956, 79.527382"
OMN,Osmanabad Airport,Osmanabad,IN,India,small_airport,"18.281, 76.0574"
PAB,Bilaspur Airport,Bilaspur,IN,India,medium_airport,"21.9884, 82.111"
PAT,Jay Prakash Narayan Airport,Patna,IN,India,medium_airport,"25.591299, 85.087997"
PBD,Porbandar Airport,Porbandar,IN,India,medium_airport,"21.649524, 69.656405"
PGH,Pantnagar Airport,Pantnagar,IN,India,medium_airport,"29.0334, 79.473701"
PNQ,Pune Airport / Lohagaon Air Force Station,Pune,IN,India,medium_airport,"18.5821, 73.919701"
PNY,Pondicherry Airport,Puducherry (Pondicherry),IN,India,medium_airport,"11.968, 79.812"
PUT,Sri Sathya Sai Airport,Puttaparthi,IN,India,medium_airport,"14.1492996216, 77.7910995483"
PYB,Jeypore Airport,Jeypore,IN,India,small_airport,"18.879999, 82.552002"
PYG,Pakyong Airport,Pakyong,IN,India,small_airport,"27.2313, 88.587196"
RAJ,Rajkot Airport,Rajkot,IN,India,medium_airport,"22.3092002869, 70.77950286869999"
RDP,Kazi Nazrul Islam Airport,Durgapur,IN,India,medium_airport,"23.6225, 87.243"
REW,"Rewa Airport, Chorhata, REWA",Rewa,IN,India,medium_airport,"24.503401, 81.220299"
RGH,Balurghat Airport,Balurghat,IN,India,small_airport,"25.2617, 88.795601"
RJA,Rajahmundry Airport,Madhurapudi,IN,India,medium_airport,"17.105799, 81.813204"
RJI,Rajouri Airport,Rajouri,IN,India,small_airport,"33.377899, 74.315201"
RMD,Basanth Nagar Airport,Ramagundam,IN,India,small_airport,"18.701, 79.3923"
RPR,Swami Vivekananda Airport,Raipur,IN,India,medium_airport,"21.180401, 81.7388"
RQY,Rashtrakavi Kuvempu Airport,Shimoga,IN,India,medium_airport,"13.858024, 75.618868"
RRK,Rourkela Airport,Rourkela,IN,India,medium_airport,"22.256571, 84.815193"
RTC,Ratnagiri Airport,,IN,India,medium_airport,"17.013599, 73.327797"
RUP,Rupsi Airport,Rupsi,IN,India,small_airport,"26.141867, 89.907892"
SAG,Shirdi Airport,Kakadi,IN,India,medium_airport,"19.688752, 74.377354"
SDW,Sindhudurg Airport,Sindhudurg,IN,India,medium_airport,"16.0, 73.533333"
SHL,Shillong Airport,Shillong,IN,India,medium_airport,"25.70359992980957, 91.97869873046875"
SLV,Shimla Airport,Jubbarhatti,IN,India,small_airport,"31.0818, 77.068001"
SSE,Solapur Airport,Solapur,IN,India,medium_airport,"17.6280002594, 75.93479919430001"
STV,Surat Airport,Surat,IN,India,medium_airport,"21.1141, 72.741798"
SWN,Sarsawa Air Force Station,Sherpur Naqeebpur,IN,India,small_airport,"29.994303, 77.42456"
SXR,Sheikh ul Alam International Airport,Srinagar,IN,India,medium_airport,"33.987099, 74.7742"
SXV,Salem Airport,Salem,IN,India,medium_airport,"11.78330039978, 78.06559753418"
TCR,Tuticorin Airport,Vagaikulam,IN,India,small_airport,"8.724241, 78.025803"
TEI,Tezu Airport,Tezu,IN,India,small_airport,"27.9412002563, 96.1343994141"
TEZ,Tezpur Airport,,IN,India,medium_airport,"26.7091007232666, 92.78469848632812"
TIR,Tirupati Airport,Tirupati,IN,India,small_airport,"13.632499694800002, 79.543296814"
TJV,Thanjavur Air Force Station,Thanjavur,IN,India,small_airport,"10.723835, 79.109457"
TNI,Satna Airport,,IN,India,small_airport,"24.56262, 80.852927"
TRV,Thiruvananthapuram International Airport,Thiruvananthapuram,IN,India,large_airport,"8.48212, 76.920097"
TRZ,Tiruchirappalli International Airport,Tiruchirappalli,IN,India,medium_airport,"10.766223, 78.71774"
UDR,Maharana Pratap Airport,Udaipur,IN,India,medium_airport,"24.617700576799997, 73.89610290530001"
UKE,Utkela Airport,Bhawanipatna,IN,India,small_airport,"20.097778, 83.183333"
VDY,Jindal Vijaynagar Airport,Toranagallu,IN,India,small_airport,"15.175921, 76.63303"
VGA,Vijayawada Airport,Gannavaram,IN,India,medium_airport,"16.530399, 80.796799"
VNS,Lal Bahadur Shastri Airport,Varanasi,IN,India,medium_airport,"25.452129, 82.861805"
VSV,Shravasti Airport,Shravasti,IN,India,small_airport,"27.499732, 82.032927"
VTZ,Visakhapatnam Airport,Visakhapatnam,IN,India,medium_airport,"17.723506, 83.227729"
WGC,Warangal Airport,Warangal,IN,India,small_airport,"17.9144, 79.602203"
ZER,Ziro Airport,Ziro,IN,India,medium_airport,"27.588301, 93.828102"
NKW,Diego Garcia Naval Support Facility,Diego Garcia,IO,IO,medium_airport,"-7.31327, 72.411102"
BGW,Baghdad International Airport / New Al Muthana Air Base,Baghdad,IQ,Iraq,large_airport,"33.262501, 44.2346"
BMN,Bamarni Airport,Bamarni,IQ,Iraq,small_airport,"37.098801, 43.266602"
BSR,Basra International Airport,Basra,IQ,Iraq,medium_airport,"30.549101, 47.662102"
EBL,Erbil International Airport,Arbil,IQ,Iraq,medium_airport,"36.23759841918945, 43.963199615478516"
IQA,Al Asad Air Base,Hīt,IQ,Iraq,medium_airport,"33.7855987549, 42.4412002563"
ISU,Sulaymaniyah International Airport,Sulaymaniyah,IQ,Iraq,medium_airport,"35.5617485046, 45.316738128699996"
KIK,Kirkuk Air Base,Kirkuk,IQ,Iraq,medium_airport,"35.469501, 44.3489"
NJF,Al Najaf International Airport,Najaf,IQ,Iraq,medium_airport,"31.989853, 44.404317"
OSM,Mosul International Airport,Mosul,IQ,Iraq,medium_airport,"36.305801, 43.1474"
RQW,Qayyarah West Airport,Qayyarah,IQ,Iraq,medium_airport,"35.7672, 43.125099"
TQD,Al Taqaddum Air Base,Al Habbaniyah,IQ,Iraq,medium_airport,"33.33810043335, 43.597099304199"
XNH,Ali Air Base,Nasiriyah,IQ,Iraq,medium_airport,"30.935801, 46.090099"
ABD,Abadan Airport,Abadan,IR,Iran,medium_airport,"30.367887, 48.230075"
ACP,Sahand Airport,Maragheh,IR,Iran,small_airport,"37.347999572753906, 46.127899169921875"
ACZ,Zabol Airport,Zabol,IR,Iran,medium_airport,"31.098301, 61.5439"
ADU,Ardabil Airport,Ardabil,IR,Iran,medium_airport,"38.3256988525, 48.4244003296"
AEU,Abu Musa Island Airport,Abu Musa,IR,Iran,medium_airport,"25.8757, 55.033001"
AFZ,Sabzevar National Airport,Sabzevar,IR,Iran,medium_airport,"36.16809844970703, 57.59519958496094"
AJK,Arak Airport,Araak,IR,Iran,small_airport,"34.1381, 49.847301"
AKW,Aghajari Airport,Aghajari,IR,Iran,medium_airport,"30.7444, 49.6772"
AWZ,Lieutenant General Qasem Soleimani International Airport,Ahvaz,IR,Iran,medium_airport,"31.3374, 48.762001"
AZD,Shahid Sadooghi Airport,Yazd,IR,Iran,medium_airport,"31.9048995972, 54.2765007019"
BDH,Bandar Lengeh International Airport,Bandar Lengeh,IR,Iran,medium_airport,"26.532283, 54.82484"
BJB,Bojnord Airport,Bojnord,IR,Iran,medium_airport,"37.49300003051758, 57.30820083618164"
BND,Bandar Abbas International Airport,Bandar Abbas,IR,Iran,medium_airport,"27.218299865722656, 56.37779998779297"
BSM,Bishe Kola Air Base,Amol,IR,Iran,small_airport,"36.655102, 52.349602"
BUZ,Bushehr Airport,Bushehr,IR,Iran,medium_airport,"28.9447994232, 50.8345985413"
BXR,Bam Airport,Bam,IR,Iran,medium_airport,"29.0842, 58.450001"
CKT,Sarakhs Airport,Sarakhs,IR,Iran,medium_airport,"36.501202, 61.064899"
CQD,Shahrekord Airport,Shahrekord,IR,Iran,medium_airport,"32.2971992493, 50.842201232899995"
DEF,Dezful Airport,Dezful,IR,Iran,medium_airport,"32.434399, 48.397598"
FAZ,Fasa Airport,Fasa,IR,Iran,medium_airport,"28.8918, 53.723301"
GBT,Gorgan Airport,Gorgan,IR,Iran,medium_airport,"36.909400939899996, 54.4012985229"
GCH,Gachsaran Airport,Gachsaran,IR,Iran,medium_airport,"30.333869, 50.833796"
GSM,Qeshm Dayrestan International Airport,Dayrestan,IR,Iran,small_airport,"26.754639, 55.902353"
GZW,Qazvin Airport,Qazvin,IR,Iran,medium_airport,"36.240101, 50.0471"
HDM,Hamadan Airport,Hamadan,IR,Iran,medium_airport,"34.869202, 48.552502"
HDR,Havadarya Airport,Bandar Abbas,IR,Iran,small_airport,"27.1583, 56.172501"
IAQ,Bahregan Airport,Imam Hassan,IR,Iran,small_airport,"29.840099, 50.272701"
IFH,Hesa Airport,Hesa,IR,Iran,small_airport,"32.928902, 51.5611"
IFN,Isfahan Shahid Beheshti International Airport,Isfahan,IR,Iran,medium_airport,"32.750755, 51.861483"
IHR,Iranshahr Airport,Iranshahr,IR,Iran,medium_airport,"27.236099, 60.720001"
IIL,Ilam Airport,Ilam,IR,Iran,medium_airport,"33.58660125732422, 46.40480041503906"
IKA,Imam Khomeini International Airport,Tehran,IR,Iran,large_airport,"35.416099548339844, 51.152198791503906"
IMQ,Maku National Airport,Showt,IR,Iran,medium_airport,"39.191293, 44.928505"
JAR,Jahrom Airport,Jahrom,IR,Iran,small_airport,"28.586700439499996, 53.5791015625"
JSK,Jask Airport,Bandar-e-Jask,IR,Iran,small_airport,"25.654757, 57.801718"
JWN,Zanjan Airport,Zanjan,IR,Iran,medium_airport,"36.7737007141, 48.3594017029"
JYR,Jiroft Airport,Jiroft,IR,Iran,medium_airport,"28.723519, 57.675037"
KER,Ayatollah Hashemi Rafsanjani International Airport,Kerman,IR,Iran,medium_airport,"30.271276, 56.949692"
KHA,Khaneh Airport,Khaneh,IR,Iran,small_airport,"36.733341, 45.150002"
KHD,Khoram Abad Airport,,IR,Iran,medium_airport,"33.43539810180664, 48.282901763916016"
KHK,Khark Airport,Khark,IR,Iran,medium_airport,"29.260503, 50.322193"
KHY,Khoy Airport,Khoy,IR,Iran,small_airport,"38.4275016784668, 44.97359848022461"
KIH,Kish International Airport,Kish Island,IR,Iran,medium_airport,"26.5261993408, 53.980201721200004"
KKS,Kashan Airport,Kashan,IR,Iran,medium_airport,"33.895302, 51.577"
KLM,Kalaleh Airport,Kalaleh,IR,Iran,small_airport,"37.383301, 55.452"
KNR,Jam Airport,Jam,IR,Iran,medium_airport,"27.820499, 52.3522"
KSH,Shahid Ashrafi Esfahani Airport,Kermanshah,IR,Iran,medium_airport,"34.3459014893, 47.1581001282"
LFM,Lamerd Airport,Lamerd,IR,Iran,medium_airport,"27.3727, 53.188801"
LRR,Lar Airport,Lar,IR,Iran,medium_airport,"27.6747, 54.383301"
LVP,Lavan Airport,Lavan Airport,IR,Iran,medium_airport,"26.810742, 53.354302"
MHD,Mashhad International Airport,Mashhad,IR,Iran,large_airport,"36.235198974609375, 59.64099884033203"
MRX,Mahshahr Airport,Mahshahr,IR,Iran,medium_airport,"30.5562, 49.151901"
NSH,Nowshahr Airport,Nowshahr,IR,Iran,medium_airport,"36.664286, 51.46273"
NUJ,Nojeh Air Base,Amirabad,IR,Iran,medium_airport,"35.211601, 48.6534"
OMH,Urmia Airport,Urmia,IR,Iran,medium_airport,"37.6680984497, 45.0686988831"
OMI,Omidiyeh Airport,Omidiyeh,IR,Iran,small_airport,"30.835199, 49.534901"
PFQ,Parsabad-Moghan Airport,Parsabad,IR,Iran,small_airport,"39.6036, 47.8815"
PGU,Persian Gulf International Airport,Khiyaroo,IR,Iran,medium_airport,"27.379601, 52.737701"
PYK,Payam Karaj International Airport,Karaj,IR,Iran,medium_airport,"35.7761, 50.826698"
QMJ,Shahid Asiyaee Airport,Masjed Soleyman,IR,Iran,medium_airport,"32.001719, 49.268599"
RAS,Sardar-e-Jangal Airport,Rasht,IR,Iran,medium_airport,"37.323333, 49.617778"
RJN,Rafsanjan Airport,Rafsanjan,IR,Iran,medium_airport,"30.298345, 56.048979"
RUD,Shahrud International Airport,Shahrud,IR,Iran,small_airport,"36.425301, 55.104198"
RZR,Ramsar Airport,Ramsar,IR,Iran,medium_airport,"36.90701, 50.687316"
SDG,Sanandaj Airport,,IR,Iran,medium_airport,"35.24589920043945, 47.00920104980469"
SNX,Semnan Municipal Airport,Semnan,IR,Iran,small_airport,"35.591099, 53.495098"
SRY,Sari Dasht-e Naz International Airport,Sari,IR,Iran,medium_airport,"36.644408, 53.188761"
SXI,Siri Airport,Siri,IR,Iran,medium_airport,"25.908899, 54.539398"
SYJ,Sirjan Airport,Sirjan,IR,Iran,medium_airport,"29.5509, 55.672699"
SYZ,Shiraz Shahid Dastghaib International Airport,Shiraz,IR,Iran,large_airport,"29.5392, 52.589802"
TBZ,Tabriz International Airport,Tabriz,IR,Iran,medium_airport,"38.1339, 46.235001"
TCX,Tabas Airport,Tabas,IR,Iran,medium_airport,"33.667801, 56.8927"
THR,Mehrabad International Airport,Tehran,IR,Iran,large_airport,"35.68920135498047, 51.31340026855469"
XBJ,Birjand International Airport,Birjand,IR,Iran,medium_airport,"32.896525, 59.281258"
YES,Yasuj Airport,Yasuj,IR,Iran,medium_airport,"30.702238, 51.542988"
ZAH,Zahedan International Airport,Zahedan,IR,Iran,medium_airport,"29.47570037841797, 60.90620040893555"
ZBR,Chabahar Konarak International Airport,Konarak,IR,Iran,medium_airport,"25.44319, 60.382167"
AEY,Akureyri Airport,Akureyri,IS,Iceland,medium_airport,"65.656573, -18.072018"
BGJ,Borgarfjörður eystri Airport,Borgarfjörður eystri,IS,Iceland,small_airport,"65.516769, -13.81578"
BIU,Bildudalur Airport,Bildudalur,IS,Iceland,small_airport,"65.641296, -23.5462"
BJD,Bakkafjörður Airport,Bakkafjörður,IS,Iceland,small_airport,"66.02189636230469, -14.824399948120117"
BLO,Blönduós Airport,Blönduós,IS,Iceland,small_airport,"65.644997, -20.2875"
BQD,Búðardalur Airport,Búðardalur,IS,Iceland,small_airport,"65.07530212402344, -21.80030059814453"
BXV,Breiðdalsvík Airport,Breiðdalsvík,IS,Iceland,small_airport,"64.790037, -14.043927"
DJU,Djúpivogur Airport,Djúpivogur,IS,Iceland,small_airport,"64.642372, -14.277297"
EGS,Egilsstaðir Airport,Egilsstaðir,IS,Iceland,medium_airport,"65.2833023071289, -14.401399612426758"
FAG,Fagurhólsmýri Airport,Fagurhólsmýri,IS,Iceland,small_airport,"63.874699, -16.6411"
FAS,Fáskrúðsfjörður Airport,Fáskrúðsfjörður,IS,Iceland,small_airport,"64.931456, -14.047957"
FLI,Holt Airport,Flateyri,IS,Iceland,small_airport,"66.0141804294, -23.4416913986"
GJR,Gjögur Airport,Gjögur,IS,Iceland,small_airport,"65.9953, -21.3269"
GRY,Grímsey Airport,Grímsey,IS,Iceland,small_airport,"66.5458, -18.0173"
GUU,Grundarfjörður Airport,Grundarfjörður,IS,Iceland,small_airport,"64.991402, -23.224701"
HFN,Hornafjörður Airport,Höfn,IS,Iceland,medium_airport,"64.295601, -15.2272"
HLO,Ingjaldssanður Airport,Onundarfjörður,IS,Iceland,small_airport,"66.05000305175781, -23.69610023498535"
HVK,Hólmavík Airport,Hólmavík,IS,Iceland,small_airport,"65.704697, -21.6964"
HZK,Húsavík Airport,Húsavík,IS,Iceland,medium_airport,"65.952301, -17.426001"
IFJ,Ísafjörður Airport,Ísafjörður,IS,Iceland,medium_airport,"66.058098, -23.1353"
KEF,Keflavik International Airport,Reykjavík,IS,Iceland,large_airport,"63.985001, -22.6056"
MVA,Reykjahlíð Airport,Myvatn,IS,Iceland,small_airport,"65.6558, -16.9181"
NOR,Norðfjörður Airport,Norðfjörður,IS,Iceland,small_airport,"65.131897, -13.7464"
OFJ,Ólafsfjörður Airport,Ólafsfjörður,IS,Iceland,small_airport,"66.083298, -18.6667"
OLI,Rif Airport,Rif,IS,Iceland,small_airport,"64.9114, -23.823099"
OPA,Kópasker Airport,Kópasker,IS,Iceland,small_airport,"66.310799, -16.4667"
PFJ,Patreksfjörður Airport,Patreksfjörður,IS,Iceland,small_airport,"65.555801, -23.965"
RFN,Raufarhöfn Airport,Raufarhöfn,IS,Iceland,small_airport,"66.406403, -15.9183"
RHA,Reykhólar Airport,Reykhólar,IS,Iceland,small_airport,"65.45262908935547, -22.20611572265625"
RKV,Reykjavík Domestic Airport,Reykjavík,IS,Iceland,medium_airport,"64.128732, -21.93759"
SAK,Sauðárkrókur Airport,Sauðárkrókur,IS,Iceland,small_airport,"65.73169708249999, -19.572799682599996"
SIJ,Siglufjörður Airport,Siglufjörður,IS,Iceland,medium_airport,"66.137847, -18.908157"
SYK,Stykkishólmur Airport,Stykkishólmur,IS,Iceland,small_airport,"65.058851, -22.764616"
TEY,Þingeyri Airport,Þingeyri,IS,Iceland,small_airport,"65.8703, -23.559999"
THO,Þórshöfn Airport,Þórshöfn,IS,Iceland,small_airport,"66.218498, -15.3356"
VEY,Vestmannaeyjar Airport,Vestmannaeyjar,IS,Iceland,medium_airport,"63.42430114746094, -20.278900146484375"
VPN,Vopnafjörður Airport,Vopnafjörður,IS,Iceland,small_airport,"65.720596, -14.8506"
AHO,Alghero-Fertilia Airport,Alghero,IT,Italy,medium_airport,"40.632099, 8.29077"
ALL,Riviera Villanova d'Albenga International Airport,Villanova d'Albenga (SV),IT,Italy,medium_airport,"44.050598, 8.12743"
AOI,Marche Airport,Falconara Marittima (AN),IT,Italy,medium_airport,"43.616299, 13.3623"
AOT,Aosta Corrado Gex Airport,Saint-Christophe (AO),IT,Italy,medium_airport,"45.738552, 7.3683"
AVB,Aviano Air Base,Aviano (PN),IT,Italy,medium_airport,"46.031898, 12.596503"
BDS,Brindisi Airport,Brindisi,IT,Italy,large_airport,"40.6576, 17.947001"
BGY,Milan Bergamo Airport / Antonio Locatelli Air Base,Orio al Serio (BG),IT,Italy,large_airport,"45.670725, 9.709223"
BLQ,Bologna Guglielmo Marconi Airport,Bologna,IT,Italy,large_airport,"44.5354, 11.2887"
BLX,Belluno Arturo dell'Oro Airport,Belluno (BL),IT,Italy,small_airport,"46.166549, 12.250389"
BRI,Bari Karol Wojtyła International Airport,Bari,IT,Italy,large_airport,"41.138901, 16.760599"
BZO,Bolzano Airport,Bolzano (BZ),IT,Italy,medium_airport,"46.460201, 11.3264"
CAG,Cagliari Elmas Airport,Cagliari,IT,Italy,large_airport,"39.251499, 9.05428"
CIA,Ciampino–G. B. Pastine International Airport,Rome,IT,Italy,medium_airport,"41.7994, 12.5949"
CIY,Comiso Airport,Comiso,IT,Italy,medium_airport,"36.99583, 14.60889"
CRV,Crotone Sant'Anna Pythagoras Airport,Isola di Capo Rizzuto (KR),IT,Italy,medium_airport,"38.9972, 17.0802"
CTA,Catania-Fontanarossa Airport,Catania,IT,Italy,large_airport,"37.466801, 15.0664"
CUF,Cuneo International Airport,Levaldigi (CN),IT,Italy,medium_airport,"44.547001, 7.62322"
DCI,Decimomannu Air Base,Decimomannu,IT,Italy,medium_airport,"39.354198, 8.97248"
EBA,Marina di Campo Airport,Campo nell'Elba (LI),IT,Italy,medium_airport,"42.760871, 10.239811"
FCO,Rome–Fiumicino Leonardo da Vinci International Airport,Rome,IT,Italy,large_airport,"41.804532, 12.251998"
FLR,"Florence Airport, Peretola",Firenze (FI),IT,Italy,large_airport,"43.808558, 11.202822"
FNU,Oristano-Fenosu Airport,Oristano,IT,Italy,small_airport,"39.895308, 8.642661"
FOG,Foggia Gino Lisa Airport,Foggia (FG),IT,Italy,medium_airport,"41.433596, 15.534566"
FRL,Forlì Luigi Ridolfi Airport,Forlì (FC),IT,Italy,medium_airport,"44.194801, 12.0701"
GOA,Genoa Cristoforo Colombo Airport,Genova (GE),IT,Italy,large_airport,"44.412039, 8.840732"
GRS,Grosseto Corrado Baccarini Air Base / Grosseto Airport,Grosseto (GR),IT,Italy,medium_airport,"42.759701, 11.0719"
LCC,Lecce Galatina Air Base / Galatina Fortunato Cesari Airport,Galatina (LE),IT,Italy,medium_airport,"40.239201, 18.133301"
LCV,Lucca-Tassignano Airport,Capannori (LU),IT,Italy,small_airport,"43.825825, 10.577928"
LIN,Milano Linate Airport,Segrate (MI),IT,Italy,medium_airport,"45.445099, 9.27674"
LMP,Lampedusa Airport,Lampedusa,IT,Italy,medium_airport,"35.497898, 12.6181"
MXP,Milan Malpensa International Airport,Ferno (VA),IT,Italy,large_airport,"45.6306, 8.72811"
NAP,Naples International Airport,Napoli,IT,Italy,large_airport,"40.886002, 14.2908"
NSY,Sigonella Navy Air Base,Sigonella (CT),IT,Italy,medium_airport,"37.401699, 14.9224"
OLB,Olbia Costa Smeralda Airport,Olbia (SS),IT,Italy,medium_airport,"40.898701, 9.51763"
PEG,Perugia San Francesco d'Assisi – Umbria International Airport,Perugia (PG),IT,Italy,medium_airport,"43.095901, 12.5132"
PMF,Parma Airport,Parma (PR),IT,Italy,medium_airport,"44.826351, 10.29705"
PMO,Falcone–Borsellino Airport,Palermo,IT,Italy,large_airport,"38.175999, 13.091"
PNL,Pantelleria Airport,Pantelleria (TP),IT,Italy,medium_airport,"36.816502, 11.9689"
PSA,Pisa International Airport,Pisa (PI),IT,Italy,large_airport,"43.683899, 10.3927"
PSR,Abruzzo Airport,Pescara,IT,Italy,medium_airport,"42.431702, 14.1811"
QAQ,L'Aquila–Preturo Airport,L'Aquila,IT,Italy,small_airport,"42.379902, 13.3092"
QSR,Salerno Costa d'Amalfi Airport,Salerno,IT,Italy,medium_airport,"40.620399, 14.9113"
RAN,Ravenna Airport,Ravenna (RA),IT,Italy,small_airport,"44.364291, 12.224996"
REG,Reggio Calabria Airport,Reggio Calabria,IT,Italy,medium_airport,"38.071201, 15.6516"
RMI,Federico Fellini International Airport,Rimini (RN),IT,Italy,medium_airport,"44.020302, 12.6117"
SAY,Siena-Ampugnano Airport,Ampugnano (SI),IT,Italy,medium_airport,"43.256302, 11.255"
SUF,Lamezia Terme Sant'Eufemia International Airport,Lamezia Terme (CZ),IT,Italy,medium_airport,"38.905197, 16.243762"
TAR,Taranto-Grottaglie Marcello Arlotta Airport,Grottaglie,IT,Italy,medium_airport,"40.517502, 17.4032"
TPS,Vincenzo Florio Airport Trapani-Birgi,Trapani (TP),IT,Italy,medium_airport,"37.9114, 12.488"
TRN,Turin Airport,Caselle Torinese (TO),IT,Italy,large_airport,"45.200802, 7.64963"
TRS,Trieste–Friuli Venezia Giulia Airport,Ronchi dei Legionari (GO),IT,Italy,medium_airport,"45.827499, 13.4722"
TSF,Treviso Antonio Canova Airport,Treviso (TV),IT,Italy,medium_airport,"45.648399, 12.1944"
TTB,Tortolì Airport,Arbatax,IT,Italy,medium_airport,"39.9188, 9.68298"
UDN,Udine-Campoformido Air Base,Campoformido (UD),IT,Italy,small_airport,"46.0308, 13.18225"
VBS,Brescia Gabriele d'Annunzio Airport,Montichiari (BS),IT,Italy,medium_airport,"45.428902, 10.3306"
VCE,Venice Marco Polo Airport,Venezia (VE),IT,Italy,large_airport,"45.505299, 12.3519"
VRN,Verona Villafranca Valerio Catullo Airport,Caselle (VR),IT,Italy,large_airport,"45.394955, 10.887303"
JER,Jersey Airport,Saint Helier,JE,JE,medium_airport,"49.20790100097656, -2.195509910583496"
KIN,Norman Manley International Airport,Kingston,JM,Jamaica,large_airport,"17.935699462890625, -76.7874984741211"
KTP,Tinson Pen Airport,Tinson Pen,JM,Jamaica,medium_airport,"17.98859977722168, -76.82379913330078"
MBJ,Sangster International Airport,Montego Bay,JM,Jamaica,medium_airport,"18.5037, -77.913399"
NEG,Negril Airport,Negril,JM,Jamaica,small_airport,"18.341712, -78.334164"
OCJ,Ian Fleming International Airport,Boscobel,JM,Jamaica,medium_airport,"18.404079, -76.969754"
POT,Ken Jones Airport,Ken Jones,JM,Jamaica,medium_airport,"18.1987991333, -76.53450012210001"
ADJ,Amman Civil (Marka International) Airport,Amman,JO,Jordan,medium_airport,"31.9727, 35.9916"
AMM,Queen Alia International Airport,Amman,JO,Jordan,large_airport,"31.7226009369, 35.9931983948"
AQJ,Aqaba King Hussein International Airport,Aqaba,JO,Jordan,medium_airport,"29.611600875854492, 35.01810073852539"
OMF,King Hussein Air College,Mafraq,JO,Jordan,small_airport,"32.3564, 36.259201"
AGJ,Aguni Airport,Aguni,JP,Japan,small_airport,"26.592755, 127.240335"
AKJ,Asahikawa Airport,Higashikagura,JP,Japan,medium_airport,"43.670799, 142.447006"
AOJ,Aomori Airport,Aomori,JP,Japan,medium_airport,"40.73469924926758, 140.6909942626953"
ASJ,Amami Airport,Amami,JP,Japan,medium_airport,"28.430599212646484, 129.71299743652344"
AXJ,Amakusa Airport,Amakusa,JP,Japan,small_airport,"32.482498, 130.158997"
AXT,Akita Airport,Akita,JP,Japan,medium_airport,"39.615601, 140.218994"
CTS,New Chitose Airport,Sapporo,JP,Japan,large_airport,"42.7752, 141.692001"
DNA,Kadena Air Base,Okinawa,JP,Japan,large_airport,"26.351667, 127.769444"
FKJ,Fukui Airport,Fukui,JP,Japan,medium_airport,"36.142799, 136.223999"
FKS,Fukushima Airport,Sukagawa,JP,Japan,medium_airport,"37.22740173339844, 140.43099975585938"
FSZ,Mount Fuji Shizuoka Airport,Makinohara / Shimada,JP,Japan,medium_airport,"34.796043, 138.187752"
FUJ,Fukue Airport,Goto,JP,Japan,medium_airport,"32.666302, 128.832993"
FUK,Fukuoka Airport,Fukuoka,JP,Japan,large_airport,"33.585899353027344, 130.4510040283203"
GAJ,Yamagata Airport,Higashine,JP,Japan,medium_airport,"38.4119, 140.371002"
HAC,Hachijojima Airport,Hachijojima,JP,Japan,medium_airport,"33.115002, 139.785995"
HHE,JMSDF Hachinohe Air Base / Hachinohe Airport,Hachinohe,JP,Japan,medium_airport,"40.551181, 141.465428"
HIJ,Hiroshima Airport,Hiroshima,JP,Japan,medium_airport,"34.4361, 132.919006"
HKD,Hakodate Airport,Hakodate,JP,Japan,medium_airport,"41.77, 140.822006"
HNA,Iwate Hanamaki Airport,Hanamaki,JP,Japan,medium_airport,"39.4286, 141.134995"
HND,Tokyo Haneda International Airport,Tokyo,JP,Japan,large_airport,"35.552299, 139.779999"
HSG,Saga Airport,Saga,JP,Japan,medium_airport,"33.149700164799995, 130.302001953"
HTR,Hateruma Airport,Taketomi,JP,Japan,small_airport,"24.059751, 123.80558"
IBR,Ibaraki Airport / JASDF Hyakuri Air Base,Omitama,JP,Japan,medium_airport,"36.181099, 140.414993"
IEJ,Iejima Airport,Ie,JP,Japan,medium_airport,"26.722537, 127.786801"
IKI,Iki Airport,Iki,JP,Japan,medium_airport,"33.7490005493, 129.785003662"
ISG,New Ishigaki Airport,Ishigaki,JP,Japan,medium_airport,"24.396389, 124.245"
ITM,Osaka International Airport,Osaka,JP,Japan,large_airport,"34.7855, 135.438004"
IWJ,Iwami Airport,Masuda,JP,Japan,medium_airport,"34.676399231, 131.789993286"
IWK,Iwakuni Kintaikyo Airport / Marine Corps Air Station Iwakuni,Iwakuni,JP,Japan,medium_airport,"34.146333, 132.247238"
IWO,Ioto (Iwo Jima) Airbase,Ogasawara,JP,Japan,medium_airport,"24.784153, 141.32261"
IZO,Izumo Enmusubi Airport,Izumo,JP,Japan,medium_airport,"35.413601, 132.889999"
KCZ,Kochi Ryoma Airport,Nankoku,JP,Japan,medium_airport,"33.546101, 133.669006"
KIJ,Niigata Airport,Niigata,JP,Japan,medium_airport,"37.9558982849, 139.121002197"
KIX,Kansai International Airport,Osaka,JP,Japan,large_airport,"34.427299, 135.244003"
KJP,Kerama Airport,Zamami,JP,Japan,small_airport,"26.168337, 127.293423"
KKJ,Kitakyushu Airport,Kitakyushu,JP,Japan,medium_airport,"33.845901, 131.035004"
KKX,Kikai Airport,Kikai,JP,Japan,medium_airport,"28.321300506599997, 129.927993774"
KMI,Miyazaki Airport,Miyazaki,JP,Japan,medium_airport,"31.877199173, 131.449005127"
KMJ,Kumamoto Airport,Kumamoto,JP,Japan,medium_airport,"32.83729934692383, 130.85499572753906"
KMQ,Komatsu Airport / JASDF Komatsu Air Base,Kanazawa,JP,Japan,medium_airport,"36.3946, 136.406998"
KOJ,Kagoshima Airport,Kagoshima,JP,Japan,large_airport,"31.8034, 130.718994"
KTD,Kitadaito Airport,Kitadaitōjima,JP,Japan,medium_airport,"25.9447002411, 131.32699585"
KUH,Kushiro Airport,Kushiro,JP,Japan,medium_airport,"43.041, 144.192993"
KUM,Yakushima Airport,Yakushima,JP,Japan,medium_airport,"30.385599, 130.658997"
MBE,Monbetsu Airport,Monbetsu,JP,Japan,medium_airport,"44.303901672399995, 143.404006958"
MMB,Memanbetsu Airport,Ōzora,JP,Japan,medium_airport,"43.8805999756, 144.164001465"
MMD,Minamidaito Airport,Minamidaito,JP,Japan,medium_airport,"25.8465, 131.263"
MMJ,Shinshu-Matsumoto Airport,Matsumoto,JP,Japan,medium_airport,"36.166801, 137.923004"
MMY,Miyako Airport,Miyakojima,JP,Japan,medium_airport,"24.782801, 125.294998"
MSJ,Misawa Airport / Misawa Air Base,Misawa,JP,Japan,medium_airport,"40.703201, 141.367996"
MUS,JMSDF Minami Torishima Air Base,Ogasawara,JP,Japan,small_airport,"24.2897, 153.979004"
MYE,Miyakejima Airport,Miyakejima,JP,Japan,medium_airport,"34.073600769, 139.559997559"
MYJ,Matsuyama Airport,Matsuyama,JP,Japan,medium_airport,"33.82720184326172, 132.6999969482422"
NGO,Chubu Centrair International Airport,Tokoname,JP,Japan,large_airport,"34.858398, 136.804993"
NGS,Nagasaki Airport,Nagasaki,JP,Japan,medium_airport,"32.916901, 129.914001"
NJA,JMSDF Atsugi Air Base / Naval Air Facility Atsugi,Ayase / Yamato,JP,Japan,medium_airport,"35.454601, 139.449997"
NKM,Nagoya Airport / JASDF Komaki Air Base,Nagoya,JP,Japan,medium_airport,"35.255759, 136.924095"
NRT,Narita International Airport,Narita,JP,Japan,large_airport,"35.764702, 140.386002"
NTQ,Noto Satoyama Airport,Wajima,JP,Japan,medium_airport,"37.293098, 136.962006"
OBO,Tokachi-Obihiro Airport,Obihiro,JP,Japan,medium_airport,"42.7332992554, 143.216995239"
OGN,Yonaguni Airport,Yonaguni,JP,Japan,medium_airport,"24.467298, 122.979827"
OIM,Oshima Airport,Izu Oshima,JP,Japan,medium_airport,"34.782001495399996, 139.36000061"
OIR,Okushiri Airport,Okushiri Island,JP,Japan,medium_airport,"42.0717010498, 139.432998657"
OIT,Oita Airport,Oita,JP,Japan,medium_airport,"33.479400634799994, 131.736999512"
OKA,Naha Airport / JASDF Naha Air Base,Naha,JP,Japan,large_airport,"26.195801, 127.646004"
OKD,Sapporo Okadama Airport,Sapporo,JP,Japan,medium_airport,"43.117447, 141.38134"
OKE,Okinoerabu Airport,Wadomari,JP,Japan,medium_airport,"27.431604, 128.705564"
OKI,Oki Global Geopark Airport,Okinoshima,JP,Japan,medium_airport,"36.178388, 133.323566"
OKJ,Okayama Momotaro Airport,Okayama,JP,Japan,medium_airport,"34.756901, 133.854996"
OKO,Yokota Air Base,Fussa,JP,Japan,large_airport,"35.748501, 139.348007"
OMJ,JMSDF Omura Air Base,Nagasaki,JP,Japan,small_airport,"32.928046, 129.934168"
ONJ,Odate Noshiro Airport,Kitaakita,JP,Japan,medium_airport,"40.191898, 140.371002"
QGU,Gifu Airport,Gifu,JP,Japan,medium_airport,"35.3941, 136.869995"
RBJ,Rebun Airport,Rebun,JP,Japan,small_airport,"45.4550018311, 141.039001465"
RIS,Rishiri Airport,Rishiri,JP,Japan,medium_airport,"45.2420005798, 141.186004639"
RNJ,Yoron Airport,Yoron,JP,Japan,medium_airport,"27.043847, 128.401648"
SDJ,Sendai Airport,Natori,JP,Japan,large_airport,"38.139702, 140.917007"
SDS,Sado Airport,Sado,JP,Japan,medium_airport,"38.0601997375, 138.414001465"
SHB,Nakashibetsu Airport,Nakashibetsu,JP,Japan,medium_airport,"43.5774993896, 144.960006714"
SHI,Shimojishima Airport,Miyakojima,JP,Japan,medium_airport,"24.8267, 125.144997"
SHM,Nanki Shirahama Airport,Shirahama,JP,Japan,medium_airport,"33.6622009277, 135.363998413"
SYO,Shonai Airport,Shonai,JP,Japan,medium_airport,"38.812199, 139.787003"
TAK,Takamatsu Airport,Takamatsu,JP,Japan,medium_airport,"34.214199066199996, 134.01600647"
TJH,Konotori Tajima Airport,Toyooka,JP,Japan,medium_airport,"35.512798, 134.787003"
TKN,Tokunoshima Airport,Amagi,JP,Japan,medium_airport,"27.836382, 128.881356"
TKS,Tokushima Awaodori Airport / JMSDF Tokushima Air Base,Tokushima,JP,Japan,medium_airport,"34.132801, 134.606995"
TNE,New Tanegashima Airport,Tanegashima,JP,Japan,medium_airport,"30.605100631699997, 130.990997314"
TOY,Toyama Airport,Toyama,JP,Japan,medium_airport,"36.64830017089844, 137.18800354003906"
TRA,Tarama Airport,Tarama,JP,Japan,medium_airport,"24.653793, 124.675453"
TSJ,Tsushima Airport,Tsushima,JP,Japan,medium_airport,"34.2849006653, 129.330993652"
TTJ,Tottori Sand Dunes Conan Airport,Tottori,JP,Japan,medium_airport,"35.530102, 134.167007"
UBJ,Yamaguchi Ube Airport,Ube,JP,Japan,medium_airport,"33.930000305200004, 131.279006958"
UEO,Kumejima Airport,Kumejima,JP,Japan,medium_airport,"26.363445, 126.71384"
UKB,Kobe Airport,Kobe,JP,Japan,medium_airport,"34.6328010559082, 135.2239990234375"
WKJ,Wakkanai Airport,Wakkanai,JP,Japan,medium_airport,"45.4042015076, 141.800994873"
YGJ,Yonago Kitaro Airport / JASDF Miho Air Base,Yonago,JP,Japan,medium_airport,"35.492199, 133.235992"
ANA,Angama Airport,Maasai Mara,KE,Kenya,small_airport,"-1.27156, 34.955513"
ASV,Amboseli Airport,Amboseli National Park,KE,Kenya,medium_airport,"-2.645050048828125, 37.25310134887695"
BMQ,Bamburi Airport,Bamburi,KE,Kenya,small_airport,"-3.983363, 39.730982"
EDL,Eldoret International Airport,Eldoret,KE,Kenya,medium_airport,"0.4044579863548279, 35.23889923095703"
EYS,Eliye Springs Airport,Eliye Springs,KE,Kenya,small_airport,"3.23635, 35.97664"
GAS,Garissa Airport,Garissa,KE,Kenya,small_airport,"-0.463508, 39.6483"
GGM,Kakamega Airport,Kakamega,KE,Kenya,small_airport,"0.271342009306, 34.7873001099"
HKR,Mara North Conservancy Airstrip,Mara,KE,Kenya,small_airport,"-1.14542, 35.124922"
HOA,Hola Airport,Hola,KE,Kenya,small_airport,"-1.522, 40.004002"
ILU,Kilaguni Airport,Kilaguni,KE,Kenya,small_airport,"-2.91061, 38.065201"
JJM,Mulika Lodge Airport,Meru-Kinna,KE,Kenya,small_airport,"0.165083, 38.195141"
KEU,Keekorok Airport,Keekorok,KE,Kenya,small_airport,"-1.586345, 35.257455"
KEY,Kericho Airport,Kericho,KE,Kenya,small_airport,"-0.3899, 35.242093"
KIS,Kisumu Airport,Kisumu,KE,Kenya,medium_airport,"-0.0861390009522438, 34.72890090942383"
KIU,Kiunga Airport,Kiunga,KE,Kenya,small_airport,"-1.7438290119171143, 41.484344482421875"
KLK,Kalokol Airport,Kalokol,KE,Kenya,small_airport,"3.49161, 35.836777"
KRV,Kerio Valley Airport,Kimwarer,KE,Kenya,small_airport,"0.319638, 35.66256"
KTJ,Kichwa Tembo Airport,Kichwa Tembo,KE,Kenya,small_airport,"-1.263497, 35.027533"
KTL,Kitale Airport,Kitale,KE,Kenya,medium_airport,"0.971989, 34.958599"
KWY,Kiwayu Airport,Kiwayu,KE,Kenya,medium_airport,"-1.96056, 41.297501"
LAU,Manda Airport,Lamu,KE,Kenya,medium_airport,"-2.252431, 40.912892"
LBK,Liboi Airport,Liboi,KE,Kenya,small_airport,"0.348333, 40.881699"
LBN,Lake Baringo (Kampi Ya Samaki) Airport,Lake Baringo,KE,Kenya,small_airport,"0.603167, 36.013"
LKG,Lokichogio Airport,Lokichogio,KE,Kenya,medium_airport,"4.20412, 34.348202"
LKU,Lake Rudolf Airport,Kalokol,KE,Kenya,small_airport,"3.416256, 35.885468"
LOK,Lodwar Airport,Lodwar,KE,Kenya,medium_airport,"3.12197, 35.6087"
LOY,Loyengalani Airport,Loyengalani,KE,Kenya,small_airport,"2.75, 36.716999"
MBA,Moi International Airport,Mombasa,KE,Kenya,large_airport,"-4.03483, 39.5942"
MDR,Musiara Airstrip,Musiara,KE,Kenya,small_airport,"-1.298636, 35.063885"
MRE,Mara Serena Lodge Airstrip,Masai Mara,KE,Kenya,medium_airport,"-1.406111, 35.008057"
MYD,Malindi Airport,Malindi,KE,Kenya,medium_airport,"-3.2293100357055664, 40.10169982910156"
NBO,Jomo Kenyatta International Airport,Nairobi,KE,Kenya,large_airport,"-1.31923997402, 36.9277992249"
NDE,Mandera Airport,Mandera,KE,Kenya,small_airport,"3.934045, 41.844437"
NUU,Nakuru Airport,Nakuru,KE,Kenya,small_airport,"-0.298067, 36.159302"
NYE,Nyeri Airport,Nyeri,KE,Kenya,small_airport,"-0.364414, 36.978485"
NYK,Nanyuki Airport,Nanyuki,KE,Kenya,medium_airport,"-0.062399, 37.041008"
OLG,Olare Orok Airfield,,KE,Kenya,small_airport,"-1.324213, 35.246106"
OLX,Olkiombo Airport,Olkiombo,KE,Kenya,small_airport,"-1.408586, 35.110689"
OSJ,Ol Seki Airstrip,,KE,Kenya,small_airport,"-1.378382, 35.378453"
OYL,Moyale Airport,Moyale (Lower),KE,Kenya,small_airport,"3.46972, 39.101398"
RBT,Marsabit Airport,Marsabit,KE,Kenya,small_airport,"2.344254, 37.999996"
UAS,Samburu Airport,Samburu,KE,Kenya,small_airport,"0.534069, 37.531991"
UKA,Ukunda Airstrip,Ukunda,KE,Kenya,small_airport,"-4.29333, 39.571098"
VPG,Vipingo Estate Airport,Vipingo Estate,KE,Kenya,small_airport,"-3.80666666667, 39.7973888889"
WIL,Nairobi Wilson Airport,Nairobi,KE,Kenya,medium_airport,"-1.321720004081726, 36.81480026245117"
WJR,Wajir Airport,Wajir,KE,Kenya,medium_airport,"1.73324, 40.091599"
FRU,Manas International Airport,Bishkek,KG,Kyrgyzstan,large_airport,"43.0612983704, 74.4776000977"
IKG,Karakol Airport,Karakol,KG,Kyrgyzstan,small_airport,"42.508099, 78.407799"
IKU,Issyk-Kul International Airport,Tamchy,KG,Kyrgyzstan,medium_airport,"42.585584, 76.701181"
OSS,Osh Airport,Osh,KG,Kyrgyzstan,medium_airport,"40.609001, 72.793297"
BBM,Battambang Airport,Battambang,KH,Cambodia,medium_airport,"13.0956, 103.223999"
DSY,Dara Sakor International Airport,Ta Noun,KH,Cambodia,small_airport,"10.914244, 103.226652"
KKZ,Koh Kong Airport,Krong Khemara Phoumin,KH,Cambodia,small_airport,"11.613397, 102.997084"
KOS,Sihanoukville International Airport,Preah Sihanouk,KH,Cambodia,small_airport,"10.569498, 103.631001"
KZC,Kampong Chhnang Airport,Kampong Chhnang,KH,Cambodia,medium_airport,"12.255032, 104.564657"
KZD,Krakor Airport,Krakor,KH,Cambodia,small_airport,"12.5385, 104.1486"
MWV,Mondulkiri Airport,Sen Monorom,KH,Cambodia,small_airport,"12.463648, 107.187252"
OMY,Preah Vinhear Airport,Tbeng Meanchey,KH,Cambodia,small_airport,"13.7597, 104.97173"
PNH,Phnom Penh International Airport,Phnom Penh (Pou Senchey),KH,Cambodia,large_airport,"11.5466, 104.844002"
RBE,Ratanakiri Airport,Ratanakiri,KH,Cambodia,medium_airport,"13.729999542236328, 106.98699951171875"
SAI,Siem Reap-Angkor International Airport,Siem Reap,KH,Cambodia,large_airport,"13.369167, 104.223056"
AAK,Aranuka Airport,Buariki,KI,Kiribati,small_airport,"0.185278, 173.636993"
ABF,Abaiang Airport,Abaiang,KI,Kiribati,small_airport,"1.79861, 173.041"
AEA,Abemama Airport,Abemama,KI,Kiribati,small_airport,"0.490759, 173.830287"
AIS,Arorae Island Airport,Arorae Island,KI,Kiribati,small_airport,"-2.616233, 176.802209"
BBG,Butaritari Airport,Butaritari,KI,Kiribati,small_airport,"3.08583, 172.811005"
BEZ,Beru Airport,Beru,KI,Kiribati,small_airport,"-1.35472, 176.007004"
CIS,Canton Island Airport,Abariringa,KI,Kiribati,medium_airport,"-2.7681200504300003, -171.710006714"
CXI,Cassidy International Airport,Kiritimati,KI,Kiribati,medium_airport,"1.986278, -157.350011"
KUC,Kuria Airport,Kuria,KI,Kiribati,small_airport,"0.218611, 173.442001"
MNK,Maiana Airport,Maiana,KI,Kiribati,small_airport,"1.00361, 173.031006"
MTK,Makin Island Airport,Makin Island,KI,Kiribati,small_airport,"3.37444, 172.992004"
MZK,Marakei Airport,Marakei,KI,Kiribati,small_airport,"2.05861, 173.270996"
NIG,Nikunau Airport,Nikunau,KI,Kiribati,small_airport,"-1.31444001198, 176.410003662"
NON,Nonouti Airport,Nonouti,KI,Kiribati,small_airport,"-0.639722, 174.427994"
OOT,Onotoa Airport,Onotoa,KI,Kiribati,small_airport,"-1.79611, 175.526001"
TBF,Tabiteuea North Airport,,KI,Kiribati,medium_airport,"-1.22447, 174.776001"
TMN,Tamana Island Airport,Tamana Island,KI,Kiribati,small_airport,"-2.48583, 175.970001"
TNQ,Washington Island Airstrip,Teraina,KI,Kiribati,small_airport,"4.698359, -160.394376"
TNV,Tabuaeran Island Airport,Tabuaeran Island,KI,Kiribati,small_airport,"3.89944, -159.389008"
TRW,Bonriki International Airport,Tarawa,KI,Kiribati,medium_airport,"1.38164, 173.147003"
TSU,Tabiteuea South Airport,Tabiteuea South,KI,Kiribati,small_airport,"-1.47444, 175.063995"
AJN,Ouani Airport,Ouani,KM,Comoros,medium_airport,"-12.131047, 44.430044"
HAH,Prince Said Ibrahim International Airport,Moroni,KM,Comoros,medium_airport,"-11.5337, 43.2719"
NWA,Mohéli Bandar Es Eslam Airport,Fomboni,KM,Comoros,medium_airport,"-12.2981, 43.766399"
NEV,Vance W. Amory International Airport,Charlestown,KN,Saint Kitts and Nevis,medium_airport,"17.205699920654297, -62.589900970458984"
SKB,Robert L. Bradshaw International Airport,Basseterre,KN,Saint Kitts and Nevis,medium_airport,"17.311199188232422, -62.71870040893555"
DSO,Sondok Airport,Sŏndŏng-ni,KP,North Korea,medium_airport,"39.745201, 127.473999"
FNJ,Pyongyang Sunan International Airport,Pyongyang,KP,North Korea,large_airport,"39.224098, 125.669998"
RGO,Orang (Chongjin) Airport,Hoemun-ri,KP,North Korea,medium_airport,"41.428538, 129.647555"
UJU,Uiju Airport,Uiju,KP,North Korea,small_airport,"40.150013, 124.501104"
WOS,Wonsan Kalma International Airport,Wonsan,KP,North Korea,medium_airport,"39.166801, 127.486"
YJS,Samjiyŏn Airport,Samjiyŏn,KP,North Korea,small_airport,"41.907132, 128.409834"
CHF,Jinhae Air Base,Jinhae,KR,South Korea,small_airport,"35.140248, 128.696229"
CHN,Jeonju (G 703) Air Base,Jeonju,KR,South Korea,small_airport,"35.878289, 127.11894"
CJJ,Cheongju International Airport/Cheongju Air Base (K-59/G-513),Cheongju,KR,South Korea,medium_airport,"36.717008, 127.498741"
CJU,Jeju International Airport,Jeju City,KR,South Korea,large_airport,"33.512058, 126.492548"
GMP,Gimpo International Airport,Seoul,KR,South Korea,large_airport,"37.5583, 126.791"
HIN,Sacheon Airport / Sacheon Air Base,Sacheon,KR,South Korea,medium_airport,"35.088591, 128.071747"
HMY,Seosan Air Base,Seosan,KR,South Korea,small_airport,"36.703999, 126.486"
ICN,Incheon International Airport,Seoul,KR,South Korea,large_airport,"37.469101, 126.450996"
JDG,Jeongseok Airport,Jeju Island,KR,South Korea,medium_airport,"33.3996009827, 126.711997986"
JWO,Jungwon Air Base/Chungju Airport,Gimseang-ro,KR,South Korea,medium_airport,"37.03024, 127.886353"
KAG,Gangneung Airport (K-18),Gangneung,KR,South Korea,medium_airport,"37.753601, 128.943915"
KPO,Pohang Airport (G-815/K-3),Pohang,KR,South Korea,medium_airport,"35.987955, 129.420383"
KUV,Gunsan Airport / Gunsan Air Base,Gunsan,KR,South Korea,medium_airport,"35.903801, 126.615997"
KWJ,Gwangju Airport,Gwangju,KR,South Korea,medium_airport,"35.123173, 126.805444"
MWX,Muan International Airport,Muan (Piseo-ri),KR,South Korea,large_airport,"34.991406, 126.382814"
OSN,Osan Air Base,Pyeongtaek,KR,South Korea,medium_airport,"37.091457, 127.029448"
PUS,Gimhae International Airport,Busan,KR,South Korea,large_airport,"35.179501, 128.938004"
QDY,Taean Airport,Taean,KR,South Korea,small_airport,"36.593781, 126.29662"
QJP,Pocheon (G-217) Airport,Pocheon,KR,South Korea,small_airport,"37.864555, 127.176633"
RSU,Yeosu Airport,Yeosu,KR,South Korea,medium_airport,"34.84230041503906, 127.61699676513672"
SSN,Seoul Air Base (K-16),Seongnam,KR,South Korea,medium_airport,"37.444744, 127.112718"
SWU,Suwon Airport,Suwon,KR,South Korea,medium_airport,"37.239399, 127.007004"
TAE,Daegu Airport,Daegu,KR,South Korea,medium_airport,"35.896872, 128.65531"
UJN,Uljin Airport,"Bongsan-ri, Uljin",KR,South Korea,small_airport,"36.777049, 129.461861"
USN,Ulsan Airport,Ulsan,KR,South Korea,medium_airport,"35.59349823, 129.352005005"
WJU,Wonju Airport / Hoengseong Air Base (K-38/K-46),Wonju,KR,South Korea,medium_airport,"37.437113, 127.960051"
YEC,Yecheon Airbase,Yecheon-ri,KR,South Korea,medium_airport,"36.630373, 128.34971"
YNY,Yangyang International Airport,Gonghang-ro,KR,South Korea,medium_airport,"38.061298, 128.669006"
KWI,Kuwait International Airport,Kuwait City,KW,Kuwait,large_airport,"29.226601, 47.968899"
XIJ,Ahmed Al Jaber Air Base,Ahmed Al Jaber AB,KW,Kuwait,medium_airport,"28.9347991943, 47.791900634799994"
CYB,Charles Kirkconnell International Airport,West End,KY,Cayman Islands,medium_airport,"19.687, -79.882797"
GCM,Owen Roberts International Airport,George Town,KY,Cayman Islands,large_airport,"19.292801, -81.357697"
LYB,Edward Bodden Little Cayman Airfield,Blossom Village,KY,Cayman Islands,medium_airport,"19.660161, -80.088826"
AKX,Aktobe Airport,Aktobe,KZ,Kazakhstan,medium_airport,"50.2458, 57.206699"
ALA,Almaty International Airport,Almaty,KZ,Kazakhstan,large_airport,"43.354267, 77.042828"
ATX,Atbasar Airport,Atbasar,KZ,Kazakhstan,small_airport,"51.852306, 68.366892"
AYK,Arkalyk North Airport,Arkalyk,KZ,Kazakhstan,small_airport,"50.318599700927734, 66.95279693603516"
BXH,Balkhash Airport,Balkhash,KZ,Kazakhstan,medium_airport,"46.894246, 75.004533"
BXJ,Boralday Airport,Boralday,KZ,Kazakhstan,small_airport,"43.352052, 76.883039"
BXY,Baikonur Krayniy Airport,Baikonur,KZ,Kazakhstan,medium_airport,"45.621994, 63.210773"
CIT,Shymkent Airport,Shymkent,KZ,Kazakhstan,medium_airport,"42.364200592041016, 69.47889709472656"
DMB,Taraz Airport,Taraz,KZ,Kazakhstan,medium_airport,"42.853599548339844, 71.30359649658203"
DZN,Zhezkazgan National Airport,Zhezkazgan,KZ,Kazakhstan,medium_airport,"47.708953, 67.738094"
EKB,Ekibastuz Airport,Ekibastuz,KZ,Kazakhstan,medium_airport,"51.590999603271484, 75.21499633789062"
GUW,Atyrau International Airport,Atyrau,KZ,Kazakhstan,medium_airport,"47.122559, 51.819321"
HRC,Sary Su Airport,Zhayrem,KZ,Kazakhstan,small_airport,"48.3974, 70.1915"
HSA,Hazrat Sultan International Airport,Turkıstan,KZ,Kazakhstan,medium_airport,"43.313126, 68.549881"
KGF,Sary-Arka Airport,Karaganda,KZ,Kazakhstan,medium_airport,"49.670799, 73.334396"
KOV,Kokshetau Airport,Kokshetau,KZ,Kazakhstan,medium_airport,"53.329102, 69.594597"
KSN,Kostanay West Airport,Kostanay,KZ,Kazakhstan,medium_airport,"53.20690155029297, 63.55030059814453"
KZO,Kyzylorda Airport,Kyzylorda,KZ,Kazakhstan,small_airport,"44.706902, 65.592499"
NQZ,Nursultan Nazarbayev International Airport,Astana,KZ,Kazakhstan,large_airport,"51.027035, 71.467094"
PLX,Semey Airport,Semey,KZ,Kazakhstan,medium_airport,"50.351295, 80.234398"
PPK,Petropavl Airport,Petropavl,KZ,Kazakhstan,medium_airport,"54.774702, 69.183273"
PWQ,Pavlodar Airport,Pavlodar,KZ,Kazakhstan,medium_airport,"52.19499969482422, 77.07389831542969"
SCO,Aktau Airport,Aktau,KZ,Kazakhstan,medium_airport,"43.860093, 51.09086"
SZI,Zaysan Airport,Zaysan,KZ,Kazakhstan,small_airport,"47.487491, 84.887675"
TDK,Taldykorgan Airport,Taldykorgan,KZ,Kazakhstan,medium_airport,"45.12255, 78.442758"
UKK,Ust-Kamenogorsk Airport,Ust-Kamenogorsk (Oskemen),KZ,Kazakhstan,medium_airport,"50.036571, 82.493477"
URA,Uralsk Airport,Uralsk,KZ,Kazakhstan,medium_airport,"51.15079879760742, 51.54309844970703"
USJ,Usharal Airport,Usharal,KZ,Kazakhstan,small_airport,"46.190767, 80.830922"
UZR,Urzhar Airport,Urzhar,KZ,Kazakhstan,small_airport,"47.09115, 81.66521"
AOU,Attopeu Airport,Attopeu,LA,Laos,small_airport,"14.793056, 107.045278"
BOR,Bokeo International Airport,Ton Phueng,LA,Laos,medium_airport,"20.323986, 100.165392"
HOE,Ban Huoeisay Airport,Huay Xai,LA,Laos,small_airport,"20.257299, 100.436996"
LPQ,Luang Phabang International Airport,Luang Phabang,LA,Laos,medium_airport,"19.897300720214844, 102.16100311279297"
LXG,Luang Namtha Airport,Luang Namtha,LA,Laos,small_airport,"20.966999, 101.400002"
NEU,Sam Neua Airport,,LA,Laos,medium_airport,"20.4184, 104.067001"
ODY,Oudomsay Airport,Oudomsay,LA,Laos,small_airport,"20.68269920349121, 101.99400329589844"
PCQ,Boun Neau Airport,Phongsaly,LA,Laos,small_airport,"21.6475, 101.9"
PKZ,Pakse International Airport,Pakse,LA,Laos,medium_airport,"15.132100105285645, 105.78099822998047"
THK,Thakhek Airport,Thakhek,LA,Laos,small_airport,"17.377917, 104.857378"
VNA,Salavan Airport,Salavan,LA,Laos,small_airport,"15.709026, 106.410937"
VTE,Wattay International Airport,Vientiane,LA,Laos,medium_airport,"17.988300323500003, 102.56300354"
XIE,Xienglom Airport,Xienglom,LA,Laos,small_airport,"19.6203, 100.815332"
XKH,Xieng Khouang Airport,Xieng Khouang,LA,Laos,small_airport,"19.450001, 103.157997"
ZBY,Sayaboury Airport,Sainyabuli,LA,Laos,small_airport,"19.2436, 101.7093"
ZVK,Savannakhet Airport,,LA,Laos,medium_airport,"16.55660057067871, 104.76000213623047"
BEY,Beirut Rafic Hariri International Airport,Beirut,LB,Lebanon,large_airport,"33.820899963378906, 35.488399505615234"
KYE,Rene Mouawad Air Base / Kleyate Airport,Tripoli,LB,Lebanon,medium_airport,"34.589298, 36.011299"
SLU,George F. L. Charles Airport,Castries,LC,Saint Lucia,medium_airport,"14.0202, -60.992901"
UVF,Hewanorra International Airport,Vieux Fort,LC,Saint Lucia,large_airport,"13.7332, -60.952599"
ACJ,Anuradhapura Airport,Anuradhapura,LK,Sri Lanka,medium_airport,"8.301542, 80.42848"
ADP,Ampara Airport,Ampara,LK,Sri Lanka,medium_airport,"7.336745, 81.623869"
BTC,Batticaloa Airport,Batticaloa,LK,Sri Lanka,medium_airport,"7.70576, 81.678802"
CMB,Bandaranaike International Colombo Airport,Colombo,LK,Sri Lanka,large_airport,"7.180759906768799, 79.88410186767578"
GIU,Sigiriya Air Force Base,Sigiriya,LK,Sri Lanka,small_airport,"7.95667, 80.7285"
HIM,Hingurakgoda Air Force Base,Polonnaruwa Town,LK,Sri Lanka,medium_airport,"8.04981, 80.9814"
HRI,Mattala Rajapaksa International Airport,Mattala,LK,Sri Lanka,large_airport,"6.284467, 81.124128"
JAF,Jaffna International Airport,Jaffna,LK,Sri Lanka,medium_airport,"9.79233, 80.070099"
KCT,Koggala Airport,Galle,LK,Sri Lanka,medium_airport,"5.993680000305176, 80.32029724121094"
KTY,Katukurunda Air Force Base,Kalutara,LK,Sri Lanka,small_airport,"6.55212020874, 79.9775009155"
RML,Colombo Ratmalana Airport,Colombo,LK,Sri Lanka,medium_airport,"6.821990013122559, 79.88619995117188"
TRR,China Bay Airport,Trincomalee,LK,Sri Lanka,medium_airport,"8.539159, 81.18128"
WRZ,Weerawila Airport,Weerawila,LK,Sri Lanka,small_airport,"6.25449, 81.235199"
BYL,Bella Yella Airport,Beliyela,LR,Liberia,small_airport,"7.36916666667, -9.99372222222"
CPA,Cape Palmas Airport,Harper,LR,Liberia,small_airport,"4.3790202140808105, -7.6969499588012695"
FOY,Foya Airport,Foya,LR,Liberia,small_airport,"8.3513, -10.2269"
GRC,Grand Cess Airport,Grand Cess,LR,Liberia,small_airport,"4.571, -8.2076"
MLW,Spriggs Payne Airport,Monrovia,LR,Liberia,medium_airport,"6.28906, -10.7587"
NIA,Nimba Airport,Nimba,LR,Liberia,small_airport,"7.494459, -8.584514"
ROB,Roberts International Airport,Monrovia,LR,Liberia,large_airport,"6.23379, -10.3623"
RVC,River Cess Airport and Heliport,River Cess,LR,Liberia,small_airport,"5.472469, -9.58546"
SAZ,Sasstown Airport,Sasstown,LR,Liberia,small_airport,"4.681845, -8.434668"
SNI,Greenville/Sinoe Airport,Greenville,LR,Liberia,small_airport,"5.032124, -9.064236"
THC,Tchien Airport,Zwedru,LR,Liberia,small_airport,"6.04565, -8.138723"
TPT,Tapeta Airport,Tapeta,LR,Liberia,small_airport,"6.4948, -8.873"
UCN,Buchanan Airport,Buchanan,LR,Liberia,small_airport,"5.905503, -10.058262"
VOI,Voinjama Airport,Voinjama,LR,Liberia,small_airport,"8.32347, -9.769249"
LEF,Lebakeng Airport,Lebakeng,LS,Lesotho,small_airport,"-29.8908, 28.6556"
LES,Lesobeng Airport,Lesobeng,LS,Lesotho,small_airport,"-29.755583, 28.357054"
LRB,Leribe Airport,Leribe,LS,Lesotho,small_airport,"-28.8556, 28.052799"
MFC,Mafeteng Airport,Mafeteng,LS,Lesotho,small_airport,"-29.8011, 27.243601"
MKH,Mokhotlong Airport,Mokhotlong,LS,Lesotho,small_airport,"-29.281799, 29.0728"
MSG,Matsaile Airport,Matsaile,LS,Lesotho,small_airport,"-29.840562, 28.77668"
MSU,Moshoeshoe I International Airport,Mazenod,LS,Lesotho,medium_airport,"-29.462299, 27.5525"
NKU,Nkaus Airport,Nkaus,LS,Lesotho,small_airport,"-30.021699905396, 28.196899414062"
PEL,Pelaneng Airport,Pelaneng,LS,Lesotho,small_airport,"-29.088056, 28.497222"
SHK,Sehonghong Airport,Sehonghong,LS,Lesotho,small_airport,"-29.731088, 28.767945"
SHZ,Seshutes Airport,Seshutes,LS,Lesotho,small_airport,"-29.267599, 28.552299"
SKQ,Sekakes Airport,Sekakes,LS,Lesotho,small_airport,"-30.0389, 28.3703"
SOK,Semonkong Airport,Semonkong,LS,Lesotho,small_airport,"-29.8386, 28.059999"
THB,Thaba-Tseka Airport,Thaba-Tseka,LS,Lesotho,small_airport,"-29.5228, 28.615801"
TKO,Tlokoeng Airport,Tlokoeng,LS,Lesotho,small_airport,"-29.233, 28.882999"
UNE,Qacha's Nek Airport,Qacha's Nek,LS,Lesotho,small_airport,"-30.1117, 28.6719"
UTG,Quthing Airport,Quthing,LS,Lesotho,small_airport,"-30.407499, 27.6933"
KUN,Kaunas International Airport,Kaunas,LT,Lithuania,medium_airport,"54.96390151977539, 24.084800720214844"
PLQ,Palanga International Airport,Palanga,LT,Lithuania,medium_airport,"55.973201751708984, 21.093900680541992"
PNV,Panevėžys Air Base,Panevėžys,LT,Lithuania,medium_airport,"55.729400634765625, 24.460800170898438"
SQQ,Šiauliai International Airport,Šiauliai,LT,Lithuania,medium_airport,"55.89390182495117, 23.395000457763672"
VNO,Vilnius International Airport,Vilnius,LT,Lithuania,large_airport,"54.634102, 25.285801"
LUX,Luxembourg-Findel International Airport,Luxembourg,LU,Luxembourg,large_airport,"49.6233333, 6.2044444"
LPX,Liepāja International Airport,Liepāja,LV,Latvia,medium_airport,"56.517502, 21.096901"
RIX,Riga International Airport,Riga,LV,Latvia,large_airport,"56.923599, 23.9711"
VNT,Ventspils International Airport,Ventspils,LV,Latvia,small_airport,"57.3578, 21.544201"
AKF,Kufra Airport,Kufra,LY,Libya,medium_airport,"24.178699493408203, 23.31399917602539"
BCQ,Brak Airport,Brak,LY,Libya,medium_airport,"27.653, 14.272"
BEN,Benina International Airport,Benina,LY,Libya,medium_airport,"32.096802, 20.269501"
DNF,Martuba Air Base,Martuba,LY,Libya,small_airport,"32.542, 22.745001"
GHT,Ghat Airport,Ghat,LY,Libya,medium_airport,"25.1455993652, 10.142600059500001"
HUQ,Hon Airport,,LY,Libya,small_airport,"29.1101, 15.9656"
LAQ,Al Abraq International Airport,Al Albraq,LY,Libya,medium_airport,"32.7887, 21.9643"
LMQ,Marsa al Brega Airport,Marsa al Brega,LY,Libya,medium_airport,"30.378099, 19.576401"
LTD,Ghadames East Airport,Ghadames,LY,Libya,medium_airport,"30.151699, 9.71531"
MJI,Mitiga International Airport,Tripoli,LY,Libya,large_airport,"32.89177, 13.287878"
MRA,Misrata International Airport,Misrata,LY,Libya,small_airport,"32.325001, 15.061"
NFR,Nafurah 1 Airport,Nafurah 1,LY,Libya,small_airport,"29.2132, 21.5924"
QUB,Ubari Airport,Ubari,LY,Libya,small_airport,"26.567499, 12.8231"
SEB,Sabha Airport,Sabha,LY,Libya,medium_airport,"26.992452, 14.466162"
SRX,Sirt International Airport / Ghardabiya Airbase,Sirt,LY,Libya,medium_airport,"31.063499, 16.594999"
TOB,Tobruk International Airport,Adam,LY,Libya,small_airport,"31.861, 23.907"
WAX,Zuwarah International Airport,Zuwarah,LY,Libya,small_airport,"32.952301, 12.0155"
ZIS,Alzintan Airport,Zintan,LY,Libya,small_airport,"31.774878, 12.25006"
AGA,Al Massira Airport,Agadir (Temsia),MA,Morocco,large_airport,"30.322478, -9.412003"
AHU,Cherif Al Idrissi Airport,Al Hoceima,MA,Morocco,medium_airport,"35.177101, -3.83952"
BEM,Beni Mellal Airport,Oulad Yaich,MA,Morocco,small_airport,"32.401895, -6.315905"
CMN,Mohammed V International Airport,Casablanca,MA,Morocco,large_airport,"33.3675, -7.58997"
ERH,Moulay Ali Cherif Airport,Errachidia,MA,Morocco,medium_airport,"31.9475002289, -4.39833021164"
ESU,Essaouira-Mogador Airport,Essaouira,MA,Morocco,medium_airport,"31.397499, -9.68167"
FEZ,Fes Saïss International Airport,Saïss,MA,Morocco,large_airport,"33.927299, -4.97796"
GLN,Guelmim Airport,Guelmim,MA,Morocco,small_airport,"29.026699, -10.0503"
GMD,Ben Slimane Airport,Ben Slimane,MA,Morocco,small_airport,"33.655399, -7.22145"
MEK,Bassatine Airport,Meknes,MA,Morocco,medium_airport,"33.879101, -5.51512"
NDR,Nador Al Aaroui International Airport,Al Aaroui,MA,Morocco,medium_airport,"34.9888, -3.02821"
NNA,Kenitra Air Base,Kenitra,MA,Morocco,medium_airport,"34.298901, -6.59588"
OUD,Oujda Angads Airport,Ahl Angad,MA,Morocco,medium_airport,"34.789558, -1.926041"
OZG,Zagora Airport,Zagora,MA,Morocco,medium_airport,"30.263858, -5.853341"
OZZ,Ouarzazate Airport,Ouarzazate,MA,Morocco,medium_airport,"30.9391002655, -6.909430027010001"
RAK,Menara Airport,Marrakech,MA,Morocco,large_airport,"31.606899, -8.0363"
RBA,Rabat-Salé Airport,Rabat,MA,Morocco,large_airport,"34.051498, -6.75152"
TNG,Tangier Ibn Battuta Airport,Tangier,MA,Morocco,large_airport,"35.731741, -5.921459"
TTA,Tan Tan Airport,Tan Tan,MA,Morocco,medium_airport,"28.448200225830078, -11.161299705505371"
TTU,Sania Ramel Airport,Tétouan,MA,Morocco,medium_airport,"35.594299, -5.32002"
UAR,Bouarfa Airport,Bouarfa,MA,Morocco,medium_airport,"32.514306, -1.983056"
BZY,Bălți International Airport,Bălți,MD,Moldova,medium_airport,"47.837666, 27.781108"
RMO,Chişinău International Airport,Chişinău,MD,Moldova,medium_airport,"46.9277, 28.931"
IVG,Berane Airport,Berane,ME,Montenegro,small_airport,"42.8390007019043, 19.86199951171875"
TGD,Podgorica Airport / Podgorica Golubovci Airbase,Podgorica,ME,Montenegro,large_airport,"42.359402, 19.2519"
TIV,Tivat Airport,Tivat,ME,Montenegro,medium_airport,"42.404701232910156, 18.72330093383789"
SFG,Grand Case-l'Espérance Airport,Grand Case,MF,MF,medium_airport,"18.100057, -63.047444"
AHY,Ambatolhy Airport,Ambatolahy,MG,Madagascar,small_airport,"-20.015833333299998, 45.535"
AMB,Ambilobe Airport,,MG,Madagascar,small_airport,"-13.1884, 48.987999"
AMP,Ampanihy Airport,Ampanihy,MG,Madagascar,small_airport,"-24.699699, 44.7342"
AMY,Ambatomainty Airport,,MG,Madagascar,small_airport,"-17.686667, 45.623889"
ANM,Antsirabe Airport,Antsirabe,MG,Madagascar,medium_airport,"-14.9994, 50.320202"
ATJ,Antsirabe Airport,Antsirabe,MG,Madagascar,small_airport,"-19.839221, 47.063713"
BKU,Betioky Airport,Betioky,MG,Madagascar,small_airport,"-23.732999801635742, 44.388999938964844"
BMD,Belo sur Tsiribihina Airport,Belo sur Tsiribihina,MG,Madagascar,small_airport,"-19.686701, 44.541901"
BPY,Besalampy Airport,Besalampy,MG,Madagascar,medium_airport,"-16.74453, 44.482484"
BSV,Besakoa Airport,Besakoa,MG,Madagascar,small_airport,"-15.6725, 47.061667"
BZM,Bemolanga Airport,Bemolanga,MG,Madagascar,small_airport,"-17.6925, 45.0888333333"
DIE,Arrachart Airport,Antisiranana,MG,Madagascar,medium_airport,"-12.3494, 49.291698"
DOA,Doany Airport,Doany,MG,Madagascar,small_airport,"-14.3681001663208, 49.510799407958984"
DVD,Andavadoaka Airport,Andavadoaka,MG,Madagascar,small_airport,"-22.06608, 43.259573"
DWB,Soalala Airport,Soalala,MG,Madagascar,small_airport,"-16.10169, 45.358837"
FTU,Tôlanaro Airport,Tôlanaro,MG,Madagascar,medium_airport,"-25.038099, 46.9561"
HVA,Analalava Airport,Analalava,MG,Madagascar,medium_airport,"-14.629514, 47.763555"
IHO,Ihosy Airport,Ihosy,MG,Madagascar,small_airport,"-22.404720202399997, 46.1649370193"
ILK,Atsinanana Airport,Ilaka,MG,Madagascar,small_airport,"-19.58300018310547, 48.803001403808594"
IVA,Ampampamena Airport,,MG,Madagascar,small_airport,"-13.484816, 48.632702"
JVA,Ankavandra Airport,Ankavandra,MG,Madagascar,small_airport,"-18.80501, 45.273467"
MJA,Manja Airport,Manja,MG,Madagascar,small_airport,"-21.426105, 44.316509"
MJN,Amborovy Airport,Mahajanga,MG,Madagascar,medium_airport,"-15.666842, 46.351233"
MNJ,Mananjary Airport,Mananjary,MG,Madagascar,medium_airport,"-21.201799, 48.358299"
MOQ,Morondava Airport,Morondava,MG,Madagascar,medium_airport,"-20.2847, 44.3176"
MXM,Morombe Airport,Morombe,MG,Madagascar,medium_airport,"-21.753837, 43.374753"
MXT,Maintirano Airport,Maintirano,MG,Madagascar,small_airport,"-18.049999, 44.033001"
NKO,Ankokoambo Airport,Ankokoambo,MG,Madagascar,small_airport,"-16.594919, 44.453654"
NOS,Fascene Airport,Nosy Be,MG,Madagascar,medium_airport,"-13.3121, 48.3148"
OHB,Ambohibary Airport,Moramanga,MG,Madagascar,small_airport,"-18.9175, 48.2181944444"
OVA,Bekily Airport,Bekily,MG,Madagascar,small_airport,"-24.235694754699995, 45.3045272827"
RLR,Relais de la Reine Airport,Isalo,MG,Madagascar,small_airport,"-22.645343, 45.323914"
RVA,Farafangana Airport,Farafangana,MG,Madagascar,small_airport,"-22.8053, 47.820599"
SMS,Sainte Marie Airport,Vohilava,MG,Madagascar,medium_airport,"-17.093901, 49.8158"
SVB,Sambava Airport,Sambava,MG,Madagascar,medium_airport,"-14.2786, 50.174702"
TDV,Samangoky Airport,Tanandava,MG,Madagascar,small_airport,"-21.700000762939453, 43.733001708984375"
TLE,Toliara Airport,Toliara,MG,Madagascar,medium_airport,"-23.3834, 43.7285"
TMM,Toamasina Ambalamanasy Airport,Toamasina,MG,Madagascar,medium_airport,"-18.109501, 49.392502"
TNR,Ivato Airport,Antananarivo,MG,Madagascar,large_airport,"-18.7969, 47.478802"
TTS,Tsaratanana Airport,Tsaratanana,MG,Madagascar,small_airport,"-16.751064, 47.619016"
TVA,Morafenobe Airport,Morafenobe,MG,Madagascar,small_airport,"-17.850083, 44.920467"
TZO,Tsimiroro Airport,Ankisatra,MG,Madagascar,small_airport,"-18.345064, 45.015643"
VAT,Vatomandry Airport,Vatomandry,MG,Madagascar,small_airport,"-19.383333, 48.95"
VND,Vangaindrano Airport,Vangaindrano,MG,Madagascar,small_airport,"-23.350766591499998, 47.581701278699995"
VOH,Vohemar Airport,Vohemar,MG,Madagascar,medium_airport,"-13.3758, 50.0028"
VVB,Mahanoro Airport,Mahanoro,MG,Madagascar,small_airport,"-19.83300018310547, 48.79999923706055"
WAD,Andriamena Airport,Andriamena,MG,Madagascar,small_airport,"-17.631, 47.7233"
WAI,Ambalabe Airport,Antsohihy,MG,Madagascar,medium_airport,"-14.8988, 47.9939"
WAK,Ankazoabo Airport,Ankazoabo,MG,Madagascar,small_airport,"-22.2964423522, 44.5315361023"
WAM,Ambatondrazaka Airport,Ambatondrazaka,MG,Madagascar,small_airport,"-17.795378, 48.442583"
WAQ,Antsalova Airport,Antsalova,MG,Madagascar,small_airport,"-18.701273, 44.614921"
WBD,Avaratra Airport,Befandriana,MG,Madagascar,small_airport,"-15.199999809265137, 48.483001708984375"
WBE,Ankaizina Airport,Bealanana,MG,Madagascar,small_airport,"-14.544277, 48.691413"
WBO,Antsoa Airport,Beroroha,MG,Madagascar,small_airport,"-21.606983764699997, 45.136020183599996"
WFI,Fianarantsoa Airport,Fianarantsoa,MG,Madagascar,medium_airport,"-21.441601, 47.111698"
WMA,Mandritsara Airport,Mandritsara,MG,Madagascar,small_airport,"-15.845992, 48.834718"
WMD,Mandabe Airport,Mandabe,MG,Madagascar,small_airport,"-21.0463049303, 44.9404120445"
WML,Malaimbandy Airport,Malaimbandy,MG,Madagascar,small_airport,"-20.355390292099997, 45.5433726311"
WMN,Maroantsetra Airport,Maroantsetra,MG,Madagascar,medium_airport,"-15.437742, 49.689081"
WMP,Mampikony Airport,Mampikony,MG,Madagascar,small_airport,"-16.072269, 47.644165"
WMR,Mananara Nord Airport,Mananara Nord,MG,Madagascar,medium_airport,"-16.1639, 49.7738"
WPB,Port Bergé Airport,Port Bergé,MG,Madagascar,small_airport,"-15.584286, 47.623587"
WTA,Tambohorano Airport,Tambohorano,MG,Madagascar,small_airport,"-17.476101, 43.972801"
WTS,Tsiroanomandidy Airport,Tsiroanomandidy,MG,Madagascar,small_airport,"-18.759677, 46.054065"
WVK,Manakara Airport,Manakara,MG,Madagascar,medium_airport,"-22.119699, 48.021702"
ZVA,Miandrivazo Airport,Miandrivazo,MG,Madagascar,medium_airport,"-19.562799, 45.450802"
ZWA,Andapa Airport,,MG,Madagascar,medium_airport,"-14.651700019836426, 49.620601654052734"
AIC,Ailinglaplap Airok Airport,Bigatyelang Island,MH,Marshall Islands,small_airport,"7.279422, 168.8257"
AIM,Ailuk Airport,Ailuk Island,MH,Marshall Islands,small_airport,"10.2168, 169.983002"
AUL,Aur Island Airport,Aur Atoll,MH,Marshall Islands,small_airport,"8.14528, 171.173004"
BII,Enyu Airfield,Bikini Atoll,MH,Marshall Islands,small_airport,"11.5225, 165.565002"
EAL,Elenak Airport,Mejato Island,MH,Marshall Islands,small_airport,"9.319305555560002, 166.847777778"
EBN,Ebadon Airport,Ebadon Island,MH,Marshall Islands,small_airport,"9.330559730529785, 166.82000732421875"
EBO,Ebon Airport,Ebon Atoll,MH,Marshall Islands,small_airport,"4.5982, 168.752"
EJT,Enejit Airport,Enejit Island,MH,Marshall Islands,small_airport,"6.0404, 171.9846"
ENT,Eniwetok Airport,Eniwetok Atoll,MH,Marshall Islands,small_airport,"11.340700149536133, 162.3280029296875"
IMI,Ine Airport,Arno Atoll,MH,Marshall Islands,small_airport,"7.005553, 171.656959"
JAT,Jabot Airport,Ailinglapalap Atoll,MH,Marshall Islands,small_airport,"7.749775, 168.977838"
JEJ,Jeh Airport,Ailinglapalap Atoll,MH,Marshall Islands,small_airport,"7.565350055690001, 168.962005615"
KBT,Kaben Airport,Kaben,MH,Marshall Islands,small_airport,"8.90056, 170.843994"
KIO,Kili Airport,Kili Island,MH,Marshall Islands,small_airport,"5.64386, 169.124586"
KWA,Bucholz Army Air Field,Kwajalein,MH,Marshall Islands,medium_airport,"8.720120429992676, 167.73199462890625"
LIK,Likiep Airport,Likiep Island,MH,Marshall Islands,small_airport,"9.82316, 169.307999"
LML,Lae Island Airport,Lae Island,MH,Marshall Islands,small_airport,"8.92111, 166.264999"
MAJ,Marshall Islands International Airport,Majuro Atoll,MH,Marshall Islands,medium_airport,"7.06476, 171.272003"
MAV,Maloelap Island Airport,Maloelap Island,MH,Marshall Islands,small_airport,"8.70444, 171.229996"
MIJ,Mili Island Airport,Mili Island,MH,Marshall Islands,small_airport,"6.084754, 171.731419"
MJB,Mejit Atoll Airport,Mejit Atoll,MH,Marshall Islands,small_airport,"10.283302, 170.869"
MJE,Majkin Airport,Majkin,MH,Marshall Islands,small_airport,"8.163362, 168.173862"
NDK,Namorik Airport,Namorik Atoll,MH,Marshall Islands,small_airport,"5.633005, 168.125631"
RNP,Rongelap Island Airport,Rongelap Island,MH,Marshall Islands,small_airport,"11.1572, 166.886993"
TBV,Tabal Airstrip,Tabal Island,MH,Marshall Islands,small_airport,"8.3027, 171.1615"
TIC,Tinak Airport,Arno Atoll,MH,Marshall Islands,small_airport,"7.121768, 171.911584"
UIT,Jaluit Airport,Jabor Jaluit Atoll,MH,Marshall Islands,small_airport,"5.909213, 169.637256"
UJE,Ujae Atoll Airport,Ujae Atoll,MH,Marshall Islands,small_airport,"8.92806, 165.761993"
UTK,Utirik Airport,Utirik Island,MH,Marshall Islands,small_airport,"11.222219, 169.851429"
WJA,Woja Airport,Woja,MH,Marshall Islands,small_airport,"7.450833, 168.55"
WTE,Wotje Airport,Wotje,MH,Marshall Islands,small_airport,"9.458333, 170.238611"
WTO,Wotho Island Airport,Wotho Island,MH,Marshall Islands,small_airport,"10.1733, 166.003006"
OHD,Ohrid St. Paul the Apostle Airport,Ohrid,MK,North Macedonia,medium_airport,"41.18, 20.7423"
SKP,Skopje International Airport,Ilinden,MK,North Macedonia,large_airport,"41.958087, 21.622581"
BKO,Modibo Keita International Airport,Bamako,ML,Mali,large_airport,"12.5335, -7.94994"
EYL,Yélimané Airport,Yélimané,ML,Mali,small_airport,"15.123682, -10.571177"
GAQ,Gao Airport,,ML,Mali,medium_airport,"16.2484, -0.005456"
GUD,Goundam Airport,Goundam,ML,Mali,small_airport,"16.358426, -3.604536"
KNZ,Kenieba Airport,Kenieba,ML,Mali,small_airport,"12.833, -11.25"
KSS,Sikasso Airport,Sikasso,ML,Mali,small_airport,"11.328611, -5.684722"
KTX,Koutiala Airport,Koutiala,ML,Mali,small_airport,"12.383000373840332, -5.4670000076293945"
KYS,Kayes Dag Dag Airport,,ML,Mali,medium_airport,"14.482473, -11.39971"
MZI,Mopti Ambodédjo International Airport,Sévaré,ML,Mali,medium_airport,"14.5128, -4.07956"
NIX,Nioro du Sahel Airport,Nioro du Sahel,ML,Mali,small_airport,"15.2381, -9.57611"
NRM,Nara Airport,Nara,ML,Mali,small_airport,"15.22913, -7.261965"
TOM,Timbuktu Airport,Timbuktu,ML,Mali,medium_airport,"16.730499, -3.00758"
AKY,Sittwe Airport,Sittwe,MM,Myanmar,medium_airport,"20.133165, 92.870693"
BMO,Banmaw Airport,Banmaw,MM,Myanmar,small_airport,"24.27044, 97.2476"
BSX,Pathein Airport,Pathein,MM,Myanmar,small_airport,"16.815201, 94.7799"
GAW,Gangaw Airport,Gangaw,MM,Myanmar,small_airport,"22.174699783325195, 94.1343994140625"
GWA,Gwa Airport,Gwa,MM,Myanmar,small_airport,"17.600000381469727, 94.58329772949219"
HEB,Hinthada Airport,Hinthada,MM,Myanmar,small_airport,"17.633329391500002, 95.4666976929"
HEH,Heho Airport,Kalaw Township,MM,Myanmar,small_airport,"20.74714, 96.792029"
HOX,Hommalinn Airport,Hommalinn,MM,Myanmar,small_airport,"24.899599, 94.914001"
KAW,Kawthoung Airport,Kawthoung,MM,Myanmar,medium_airport,"10.049300193786621, 98.53800201416016"
KET,Kengtung Airport,Kengtung,MM,Myanmar,medium_airport,"21.301599502563477, 99.63600158691406"
KHM,Kanti Airport,Kanti,MM,Myanmar,small_airport,"25.9883, 95.6744"
KMV,Kalay Airport,Kalemyo,MM,Myanmar,small_airport,"23.188801, 94.051102"
KYP,Kyaukpyu Airport,Kyaukpyu,MM,Myanmar,medium_airport,"19.42639923095703, 93.53479766845703"
KYT,Kyauktu Airport,Kyauktu,MM,Myanmar,small_airport,"21.399999618530273, 94.13330078125"
LIW,Loikaw Airport,Loikaw,MM,Myanmar,medium_airport,"19.691499710083008, 97.21479797363281"
LSH,Lashio Airport,Lashio,MM,Myanmar,medium_airport,"22.9778995513916, 97.752197265625"
MDL,Mandalay International Airport,Mandalay,MM,Myanmar,large_airport,"21.702199935913086, 95.97789764404297"
MGK,Mong Tong Airport,Mong Tong,MM,Myanmar,small_airport,"20.29669952392578, 98.8989028930664"
MGU,Manaung Airport,Manaung,MM,Myanmar,small_airport,"18.8458, 93.688904"
MGZ,Myeik Airport,Mkeik,MM,Myanmar,medium_airport,"12.439800262451172, 98.62149810791016"
MNU,Mawlamyine Airport,Mawlamyine,MM,Myanmar,small_airport,"16.444700241088867, 97.66069793701172"
MOE,Momeik Airport,,MM,Myanmar,medium_airport,"23.092500686645508, 96.64530181884766"
MOG,Mong Hsat Airport,Mong Hsat,MM,Myanmar,medium_airport,"20.516799926757812, 99.25679779052734"
MWQ,Magway Airport,Magway,MM,Myanmar,small_airport,"20.1656, 94.941399"
MYT,Myitkyina Airport,Myitkyina,MM,Myanmar,medium_airport,"25.3836, 97.351898"
NMS,Namsang Airport,Namsang,MM,Myanmar,medium_airport,"20.890499114990234, 97.73590087890625"
NMT,Namtu Airport,Namtu,MM,Myanmar,small_airport,"23.083, 97.383003"
NYT,Nay Pyi Taw International Airport,Pyinmana,MM,Myanmar,medium_airport,"19.623501, 96.200996"
NYU,Bagan Airport,Nyaung U,MM,Myanmar,small_airport,"21.178800582885742, 94.9301986694336"
NYW,Monywar Airport,Monywar,MM,Myanmar,small_airport,"22.221638, 95.093479"
PAA,Hpa-N Airport,Hpa-N,MM,Myanmar,small_airport,"16.8937, 97.674599"
PAU,Pauk Airport,Pauk,MM,Myanmar,small_airport,"21.4492, 94.4869"
PBU,Putao Airport,Putao,MM,Myanmar,medium_airport,"27.32990074157715, 97.42630004882812"
PKK,Pakhokku Airport,Pakhokku,MM,Myanmar,small_airport,"21.4043, 95.11125"
PPU,Hpapun Airport,Pa Pun,MM,Myanmar,small_airport,"18.0666999817, 97.449798584"
PRU,Pyay Airport,Pye,MM,Myanmar,small_airport,"18.824499130249023, 95.26599884033203"
RGN,Yangon International Airport,Yangon,MM,Myanmar,large_airport,"16.907300949099998, 96.1332015991"
SNW,Thandwe Airport,Thandwe,MM,Myanmar,medium_airport,"18.4606990814209, 94.30010223388672"
SRU,Surbung Airport,Falam,MM,Myanmar,small_airport,"22.939167, 93.615333"
THL,Tachileik Airport,Tachileik,MM,Myanmar,medium_airport,"20.483800888061523, 99.9354019165039"
TIO,Tilin Airport,Tilin,MM,Myanmar,small_airport,"21.700000762939453, 94.0999984741211"
TVY,Dawei Airport,Dawei,MM,Myanmar,medium_airport,"14.103899955749512, 98.20359802246094"
VBA,Ann Airport,Aeng,MM,Myanmar,small_airport,"19.769199, 94.0261"
VBC,Chanmyathazi Airport,Mandalay,MM,Myanmar,small_airport,"21.9405, 96.0896"
VBP,Bokpyinn Airport,Bokpyinn,MM,Myanmar,small_airport,"11.1494, 98.735901"
XYE,Ye Airport,Ye,MM,Myanmar,small_airport,"15.301361, 97.864288"
AVK,Arvaikheer Airport,Arvaikheer,MN,Mongolia,medium_airport,"46.250301361083984, 102.802001953125"
BYN,Bayankhongor Airport,Bayankhongor,MN,Mongolia,medium_airport,"46.163299560546875, 100.7040023803711"
COQ,Choibalsan Airport,,MN,Mongolia,medium_airport,"48.13570022583008, 114.64600372314453"
DLZ,Dalanzadgad Airport,Dalanzadgad,MN,Mongolia,medium_airport,"43.608628, 104.367734"
ERT,Erdenet Airport,Erdenet,MN,Mongolia,small_airport,"48.983056, 104.150556"
HBU,Bulgan Sum Airport,Bulgan,MN,Mongolia,small_airport,"46.100601, 91.584198"
HJT,Khujirt Airport,Khujirt,MN,Mongolia,small_airport,"46.9258003235, 102.773002625"
HTM,Khatgal Airport,Hatgal,MN,Mongolia,small_airport,"50.435988, 100.139532"
HVD,Khovd Airport,Khovd,MN,Mongolia,medium_airport,"47.9541015625, 91.6281967163086"
KHR,Kharkhorin Airport,,MN,Mongolia,small_airport,"47.246667, 102.826111"
LTI,Altai Airport,Altai,MN,Mongolia,medium_airport,"46.376399993896484, 96.22109985351562"
MXV,Mörön Airport,Mörön,MN,Mongolia,medium_airport,"49.663299560546875, 100.0989990234375"
MXW,Mandalgobi Airport,Mandalgobi,MN,Mongolia,small_airport,"45.7380981445, 106.268997192"
TNZ,Tosontsengel Airport,Tosontsengel,MN,Mongolia,small_airport,"48.73887, 98.2941"
TSZ,Tsetserleg Airport,Tsetserleg,MN,Mongolia,small_airport,"47.461476, 101.483804"
UBN,Ulaanbaatar Chinggis Khaan International Airport,Ulaanbaatar (Sergelen),MN,Mongolia,large_airport,"47.646916, 106.819833"
UGA,Bulgan Airport,Bulgan,MN,Mongolia,medium_airport,"48.85499954223633, 103.47599792480469"
UGT,Bulagtai Resort Airport,Khankhongor,MN,Mongolia,small_airport,"43.749304, 104.114985"
ULG,Ölgii Mongolei Airport,Ölgii,MN,Mongolia,small_airport,"48.993301, 89.922501"
ULN,Buyant-Ukhaa International Airport,Ulaanbaatar,MN,Mongolia,medium_airport,"47.843102, 106.766998"
ULO,Ulaangom Airport,Ulaangom,MN,Mongolia,small_airport,"50.066588, 91.938273"
ULZ,Donoi Airport,Uliastai,MN,Mongolia,small_airport,"47.7093, 96.5258"
UNR,Öndörkhaan Airport,Öndörkhaan,MN,Mongolia,small_airport,"47.30486, 110.6092"
UUN,Baruun Urt Airport,,MN,Mongolia,medium_airport,"46.660301208496094, 113.28500366210938"
MFM,Macau International Airport,Nossa Senhora do Carmo,MO,Macau,large_airport,"22.149599, 113.592003"
ROP,Rota International Airport,Rota Island,MP,Northern Mariana Islands,medium_airport,"14.1743, 145.242996"
SPN,Saipan International Airport,"I Fadang, Saipan",MP,Northern Mariana Islands,medium_airport,"15.119, 145.729004"
TIQ,Tinian International Airport,Tinian Island,MP,Northern Mariana Islands,medium_airport,"14.998101, 145.61923"
FDF,Martinique Aimé Césaire International Airport,Fort-de-France,MQ,Martinique,large_airport,"14.591, -61.003201"
AEO,Aioun el Atrouss Airport,Aioun El Atrouss,MR,Mauritania,small_airport,"16.711299896240234, -9.637880325317383"
AJJ,Akjoujt Airport,Akjoujt,MR,Mauritania,small_airport,"19.727998, -14.377214"
ATR,Atar International Airport,Atar,MR,Mauritania,medium_airport,"20.506799697875977, -13.04319953918457"
BGH,Abbaye Airport,Boghe,MR,Mauritania,small_airport,"16.63331413269043, -14.200000762939453"
EMN,Néma Airport,Néma,MR,Mauritania,small_airport,"16.622, -7.3166"
FGD,Fderik Airport,Fderik,MR,Mauritania,small_airport,"22.673551, -12.729262"
KED,Kaédi Airport,Kaédi,MR,Mauritania,small_airport,"16.1595, -13.5076"
KFA,Kiffa Airport,Kiffa,MR,Mauritania,small_airport,"16.59, -11.4062"
MOM,Letfotar Airport,Moudjeria,MR,Mauritania,small_airport,"17.75, -12.5"
NDB,Nouadhibou International Airport,Nouadhibou,MR,Mauritania,medium_airport,"20.9330997467041, -17.030000686645508"
NKC,Nouakchott–Oumtounsy International Airport,Nouakchott,MR,Mauritania,large_airport,"18.31, -15.969722"
OTL,Boutilimit Airport,Boutilimit,MR,Mauritania,small_airport,"17.52832, -14.71412"
OUZ,Tazadit Airport,Zouérate,MR,Mauritania,small_airport,"22.757345, -12.482228"
SEY,Sélibaby Airport,Sélibaby,MR,Mauritania,small_airport,"15.179699897766113, -12.207300186157227"
THI,Tichitt Airport,Tichitt,MR,Mauritania,small_airport,"18.433942, -9.486411"
THT,Tamchakett Airport,Tamchakett,MR,Mauritania,small_airport,"17.23157, -10.77923"
TIY,Tidjikja Airport,Tidjikja,MR,Mauritania,small_airport,"18.570101, -11.4235"
TMD,Timbedra Airport,Timbedra,MR,Mauritania,small_airport,"16.233671, -8.163464"
MNI,John A. Osborne Airport,Gerald's Park,MS,Montserrat,medium_airport,"16.791401, -62.193298"
MLA,Malta International Airport,Valletta,MT,Malta,large_airport,"35.857498, 14.4775"
AHG,Agalega Island Airstrip,Vingt Cinq,MU,Mauritius,small_airport,"-10.3731, 56.609798"
MRU,Sir Seewoosagur Ramgoolam International Airport,Plaine Magnien,MU,Mauritius,large_airport,"-20.430201, 57.683601"
RRG,Sir Charles Gaetan Duval Airport,Port Mathurin,MU,Mauritius,medium_airport,"-19.7577, 63.361"
DDD,Dhaalu Atoll Airport,Kudahuvadhoo,MV,Maldives,small_airport,"2.666075, 72.887118"
DRV,Dharavandhoo Airport,Baa Atoll,MV,Maldives,small_airport,"5.1561, 73.1302"
FMT,Faresmaathoda Airport,Faresmaathodaa,MV,Maldives,small_airport,"0.192647, 73.196755"
FND,Funadhoo Airport,Funadhoo,MV,Maldives,small_airport,"6.162443, 73.28752"
FVM,Fuvahmulah Airport,Fuvahmulah Island,MV,Maldives,small_airport,"-0.309722, 73.435"
GAN,Gan International Airport,Gan,MV,Maldives,medium_airport,"-0.692694, 73.151557"
GKK,Kooddoo Airport,Huvadhu Atoll,MV,Maldives,small_airport,"0.7324, 73.4336"
HAQ,Hanimaadhoo Airport,Haa Dhaalu Atoll,MV,Maldives,medium_airport,"6.744229793548584, 73.17050170898438"
HDK,Kulhudhuffushi Airport,Kulhudhuffushi,MV,Maldives,small_airport,"6.630762, 73.067815"
HRF,Hoarafushi Airport,,MV,Maldives,small_airport,"6.96967, 72.896287"
IFU,Ifuru Airport,Ifuru Island,MV,Maldives,small_airport,"5.7083, 73.025"
KDM,Kaadedhdhoo Airport,Huvadhu Atoll,MV,Maldives,medium_airport,"0.488131, 72.996902"
KDO,Kadhdhoo Airport,Kadhdhoo,MV,Maldives,medium_airport,"1.8591699600219727, 73.52189636230469"
LMV,Madivaru Airport,Naifaru,MV,Maldives,small_airport,"5.457545, 73.370261"
MLE,Malé International Airport,Malé,MV,Maldives,large_airport,"4.191830158233643, 73.52909851074219"
MUM,Muli Airport,Muli,MV,Maldives,small_airport,"2.911389, 73.583611"
NMF,Maafaru International Airport,Noonu Atoll,MV,Maldives,medium_airport,"5.818394, 73.469181"
RUL,Maavaarulaa Airport,Maavaarulu,MV,Maldives,small_airport,"0.338085, 73.512869"
TMF,Thimarafushi Airport,Thimarafushi,MV,Maldives,small_airport,"2.211, 73.1533"
VAM,Villa International Airport Maamigili,Maamigili,MV,Maldives,medium_airport,"3.470556, 72.835833"
BLZ,Chileka International Airport,Blantyre,MW,Malawi,medium_airport,"-15.679100036621094, 34.9739990234375"
CEH,Chelinda Malawi Airport,,MW,Malawi,small_airport,"-10.55, 33.799999"
CMK,Club Makokola Airport,Club Makokola,MW,Malawi,small_airport,"-14.306483, 35.131477"
DWA,Dwangwa Airport,Dwangwa,MW,Malawi,medium_airport,"-12.517527, 34.131877"
KBQ,Kasungu Airport,Kasungu,MW,Malawi,small_airport,"-13.0146, 33.468601"
KGJ,Karonga Airport,Karonga,MW,Malawi,medium_airport,"-9.953571, 33.893264"
LIX,Likoma Island Airport,Likoma Island,MW,Malawi,small_airport,"-12.079787, 34.736253"
LLW,Kamuzu International Airport,Lumbadzi,MW,Malawi,medium_airport,"-13.7894, 33.780998"
LMB,Salima Airport,Salima,MW,Malawi,small_airport,"-13.755893, 34.584188"
MYZ,Monkey Bay Airport,Monkey Bay,MW,Malawi,small_airport,"-14.083600044299999, 34.9197006226"
VUU,Mvuu Camp Airport,Liwonde National Park,MW,Malawi,small_airport,"-14.838611, 35.301389"
ZZU,Mzuzu Airport,Mzuzu,MW,Malawi,medium_airport,"-11.4447, 34.011799"
ACA,General Juan N. Álvarez International Airport,Acapulco,MX,Mexico,medium_airport,"16.757126, -99.753113"
ACN,Ciudad Acuña New International Airport,Ciudad Acuña,MX,Mexico,small_airport,"29.333662, -101.100555"
AGU,Jesús Terán Peredo International Airport,Aguascalientes,MX,Mexico,medium_airport,"21.699589, -102.318372"
AJS,Punta Abreojos Airport,Mulegé,MX,Mexico,small_airport,"26.7272, -113.558998"
AZG,Apatzingán - Pablo L. Sidar Airport,Apatzingán,MX,Mexico,small_airport,"19.093399, -102.393997"
AZP,Jorge Jiménez Cantú National Airport,Atizapán de Zaragoza,MX,Mexico,small_airport,"19.574155, -99.291183"
BHL,Bahía de los Ángeles Airport,Ensenada,MX,Mexico,small_airport,"28.9786, -113.560997"
BJX,Del Bajío International Airport,Silao,MX,Mexico,medium_airport,"20.992695, -101.480284"
CEN,Ciudad Obregón International Airport,Ciudad Obregón,MX,Mexico,medium_airport,"27.39259910583496, -109.83300018310547"
CJS,Abraham González International Airport,Ciudad Juárez,MX,Mexico,medium_airport,"31.63610076904297, -106.42900085449219"
CJT,San Antonio Copalar Airport,Comitán,MX,Mexico,small_airport,"16.176701, -92.050598"
CLQ,Licenciado Miguel de la Madrid International Airport,Colima,MX,Mexico,medium_airport,"19.277, -103.577002"
CME,Ciudad del Carmen International Airport,Ciudad del Carmen,MX,Mexico,medium_airport,"18.65369987487793, -91.79900360107422"
CNA,Cananea National Airport,Cananea,MX,Mexico,small_airport,"31.06615, -110.097878"
CPE,Ingeniero Alberto Acuña Ongay International Airport,Campeche,MX,Mexico,medium_airport,"19.816799163800003, -90.5002975464"
CTM,Chetumal International Airport,Chetumal,MX,Mexico,medium_airport,"18.504985, -88.328018"
CUA,Ciudad Constitución National Airport,Comondú,MX,Mexico,small_airport,"25.053801, -111.614998"
CUL,Bachigualato Federal International Airport,Culiacán,MX,Mexico,medium_airport,"24.76504, -107.475228"
CUN,Cancún International Airport,Cancún,MX,Mexico,large_airport,"21.039444, -86.874304"
CUU,General Roberto Fierro Villalobos International Airport,Chihuahua,MX,Mexico,medium_airport,"28.7029, -105.964996"
CVJ,General Mariano Matamoros International Airport,Temixco,MX,Mexico,medium_airport,"18.833922, -99.261818"
CVM,General Pedro Jose Mendez International Airport,Ciudad Victoria,MX,Mexico,medium_airport,"23.7033004761, -98.9564971924"
CYW,Captain Rogelio Castillo National Airport,Celaya,MX,Mexico,medium_airport,"20.545998, -100.886539"
CZA,Chichén Itzá International Airport,Tinúm,MX,Mexico,small_airport,"20.6413, -88.446198"
CZM,Cozumel International Airport,Cozumel,MX,Mexico,large_airport,"20.514922, -86.928538"
DGO,General Guadalupe Victoria International Airport,Durango,MX,Mexico,large_airport,"24.125468, -104.527938"
ESE,Ensenada International Airport / El Ciprés Air Base,Ensenada,MX,Mexico,small_airport,"31.795175, -116.60265"
GDL,Guadalajara International Airport,Guadalajara,MX,Mexico,large_airport,"20.523342, -103.310108"
GUB,Guerrero Negro Airport,San Quintín,MX,Mexico,small_airport,"28.0261, -114.024002"
GYM,General José María Yáñez International Airport,Guaymas,MX,Mexico,medium_airport,"27.9689998626709, -110.92500305175781"
HMO,General Ignacio P. Garcia International Airport,Hermosillo,MX,Mexico,medium_airport,"29.093527, -111.049891"
HUX,Bahías de Huatulco International Airport,Huatulco,MX,Mexico,medium_airport,"15.774909, -96.260319"
ISJ,Isla Mujeres National Airport,Isla Mujeres,MX,Mexico,small_airport,"21.245962, -86.740365"
IZT,General Antonio Cárdenas Rodríguez National Airport / Ixtepec Air Base,Ixtepec,MX,Mexico,medium_airport,"16.445961, -95.093708"
JAL,El Lencero Airport,Emiliano Zapata,MX,Mexico,medium_airport,"19.475107, -96.797008"
LAP,Manuel Márquez de León International Airport,La Paz,MX,Mexico,medium_airport,"24.072701, -110.362"
LMM,Valle del Fuerte International Airport,Los Mochis,MX,Mexico,medium_airport,"25.685447, -109.081055"
LOM,Francisco Primo de Verdad y Ramos Airport,Lagos de Moreno,MX,Mexico,small_airport,"21.258983, -101.943758"
LOV,Monclova International Airport,Monclova,MX,Mexico,medium_airport,"26.9557, -101.470001"
LTO,Loreto International Airport,Loreto,MX,Mexico,medium_airport,"25.989200592041016, -111.3479995727539"
LZC,Lázaro Cárdenas Airport,Lázaro Cárdenas,MX,Mexico,medium_airport,"18.001672, -102.220316"
MAM,General Servando Canales International Airport,Matamoros,MX,Mexico,medium_airport,"25.7698993683, -97.5252990723"
MEX,Benito Juárez International Airport,Ciudad de México,MX,Mexico,large_airport,"19.435137, -99.071328"
MID,Manuel Crescencio Rejón International Airport,Mérida,MX,Mexico,large_airport,"20.930485, -89.645462"
MLM,General Francisco J. Mujica International Airport,Morelia,MX,Mexico,medium_airport,"19.849899, -101.025002"
MMC,Ciudad Mante Los Huastecas National Airport,Ciudad Mante,MX,Mexico,small_airport,"22.738957, -99.018516"
MTT,Minatitlán/Coatzacoalcos International Airport,Cosoleacaque,MX,Mexico,medium_airport,"18.103399, -94.580704"
MTY,Monterrey International Airport,Monterrey,MX,Mexico,large_airport,"25.778521, -100.106989"
MUG,Mulege Airport,Mulege,MX,Mexico,small_airport,"26.905347, -111.970725"
MXL,General Rodolfo Sánchez Taboada International Airport,Mexicali,MX,Mexico,medium_airport,"32.630629, -115.242805"
MZT,General Rafael Buelna International Airport,Mazatlàn,MX,Mexico,large_airport,"23.161474, -106.264572"
NCG,Aeropuerto Municipal de Nuevo Casas Grandes,Nuevo Casas Grandes,MX,Mexico,small_airport,"30.3974, -107.875"
NLD,Quetzalcóatl International Airport,Nuevo Laredo,MX,Mexico,medium_airport,"27.443899, -99.570503"
NLU,General Felipe Ángeles International Airport,Mexico City,MX,Mexico,large_airport,"19.7357, -99.0257"
NOG,Nogales International Airport,Nogales,MX,Mexico,small_airport,"31.225756, -110.976934"
NTR,Del Norte International Airport,Monterrey,MX,Mexico,medium_airport,"25.865601, -100.237"
OAX,Xoxocotlán International Airport,Oaxaca,MX,Mexico,medium_airport,"17.000814, -96.72197"
PAZ,El Tajín National Airport,Poza Rica,MX,Mexico,medium_airport,"20.6026992798, -97.46080017090001"
PBC,Hermanos Serdán International Airport,Puebla,MX,Mexico,medium_airport,"19.158465, -98.371582"
PCM,Playa del Carmen National Airport,Playa del Carmen,MX,Mexico,small_airport,"20.622499, -87.082199"
PCO,Punta Colorada Airport,La Ribera,MX,Mexico,small_airport,"23.575011, -109.535826"
PCV,Punta Chivato Airport,Mulegé,MX,Mexico,small_airport,"27.069201, -111.961998"
PDS,Piedras Negras International Airport,Piedras Negras,MX,Mexico,medium_airport,"28.627873, -100.53524"
PPE,Mar de Cortés International Airport,Puerto Peñasco,MX,Mexico,small_airport,"31.351987, -113.305177"
PQM,Palenque International Airport,Palenque,MX,Mexico,small_airport,"17.533153, -92.015484"
PVR,Puerto Vallarta International Airport,Puerto Vallarta,MX,Mexico,large_airport,"20.679913, -105.254391"
PXM,Puerto Escondido International Airport,Puerto Escondido,MX,Mexico,medium_airport,"15.876808, -97.0891"
QRO,Querétaro Intercontinental Airport,Querétaro,MX,Mexico,medium_airport,"20.6173, -100.185997"
REX,General Lucio Blanco International Airport,Reynosa,MX,Mexico,medium_airport,"26.0089, -98.2285"
SCX,Estación Aeronaval de Salina Cruz,Salina Cruz,MX,Mexico,small_airport,"16.212601, -95.201599"
SFH,San Felipe International Airport,Mexicali,MX,Mexico,small_airport,"30.93006, -114.808459"
SGM,San Ignacio Airport,Mulegé,MX,Mexico,small_airport,"27.296473, -112.938809"
SJD,Los Cabos International Airport,San José del Cabo,MX,Mexico,large_airport,"23.151919, -109.720731"
SLP,Ponciano Arriaga International Airport,San Luis Potosí,MX,Mexico,medium_airport,"22.254299163800003, -100.930999756"
SLW,Plan De Guadalupe International Airport,Saltillo,MX,Mexico,medium_airport,"25.544145, -100.930195"
SNQ,San Quintín Military Airstrip,San Quintín,MX,Mexico,small_airport,"30.5288, -115.9462"
SRL,Palo Verde Airport,Mulegé,MX,Mexico,small_airport,"27.0927, -112.0985"
TAM,General Francisco Javier Mina International Airport,Tampico,MX,Mexico,medium_airport,"22.2964000702, -97.8658981323"
TAP,Tapachula International Airport,Tapachula,MX,Mexico,medium_airport,"14.794549, -92.369871"
TCN,Tehuacán National Airport,Tehuacán,MX,Mexico,small_airport,"18.49722, -97.42011"
TGZ,Angel Albino Corzo International Airport,Tuxtla Gutiérrez,MX,Mexico,medium_airport,"16.5636005402, -93.02249908450001"
TIJ,General Abelardo L. Rodriguez International Airport,Tijuana,MX,Mexico,large_airport,"32.541043, -116.969976"
TLC,Adolfo López Mateos International Airport,Toluca,MX,Mexico,medium_airport,"19.3369, -99.56583"
TPQ,Amado Nervo National Airport,Tepic,MX,Mexico,medium_airport,"21.419833, -104.842472"
TQO,Felipe Carrillo Puerto International Airport,Tulum,MX,Mexico,medium_airport,"20.172098, -87.660272"
TRC,Francisco Sarabia Tinoco International Airport,Torreón,MX,Mexico,medium_airport,"25.5683, -103.411003"
TSL,Tamuín National Airport,Tamuín,MX,Mexico,small_airport,"22.0383, -98.806502"
TUY,Base Aeronaval de Tulum,Tulum,MX,Mexico,small_airport,"20.227301, -87.438203"
TZM,Aeródromo de Cupul,Tizimin,MX,Mexico,small_airport,"21.155716, -88.172918"
UAC,San Luis Río Colorado Airport,San Luis Río Colorado,MX,Mexico,small_airport,"32.445301, -114.797997"
UPN,Uruapan - Licenciado y General Ignacio Lopez Rayon International Airport,Uruapan,MX,Mexico,medium_airport,"19.3967, -102.039001"
VER,General Heriberto Jara International Airport,Veracruz,MX,Mexico,medium_airport,"19.1459007263, -96.1873016357"
VSA,Carlos Rovirosa Pérez International Airport,Villahermosa,MX,Mexico,medium_airport,"17.997, -92.817398"
XAL,Álamos Airport,Álamos,MX,Mexico,small_airport,"27.039, -108.949021"
ZCL,General Leobardo C. Ruiz International Airport,Zacatecas,MX,Mexico,medium_airport,"22.8971, -102.686996"
ZIH,Ixtapa-Zihuatanejo International Airport,Ixtapa,MX,Mexico,medium_airport,"17.601771, -101.460629"
ZLO,Playa de Oro International Airport,Manzanillo,MX,Mexico,medium_airport,"19.1448, -104.558998"
ZMM,Zamora Airport,Zamora,MX,Mexico,small_airport,"20.045, -102.276001"
AOR,Sultan Abdul Halim Airport,Alor Satar,MY,Malaysia,medium_airport,"6.189670085906982, 100.39800262451172"
BBN,Bario Airport,Bario,MY,Malaysia,medium_airport,"3.734648, 115.478548"
BKI,Kota Kinabalu International Airport,Kota Kinabalu,MY,Malaysia,medium_airport,"5.932743, 116.049324"
BKM,Bakalalan Airport,Bakalalan,MY,Malaysia,small_airport,"3.974, 115.617996"
BLG,Belaga Airport,Belaga,MY,Malaysia,small_airport,"2.652143, 113.767043"
BSE,Sematan Airport,Sematan,MY,Malaysia,small_airport,"1.812678, 109.765391"
BTU,Bintulu Airport,Bintulu,MY,Malaysia,medium_airport,"3.12385010719, 113.019996643"
BWH,RMAF Butterworth Air Base,Butterworth,MY,Malaysia,medium_airport,"5.46592, 100.390999"
GSA,Long Pasia Airport,Long Miau,MY,Malaysia,small_airport,"4.409756, 115.724473"
GTK,Sungai Tekai Airport,Sungai Tekai,MY,Malaysia,small_airport,"2.64118, 102.89297"
IPH,Sultan Azlan Shah Airport,Ipoh,MY,Malaysia,medium_airport,"4.567969799041748, 101.09200286865234"
JHB,Senai International Airport,Johor Bahru,MY,Malaysia,medium_airport,"1.64131, 103.669998"
KBR,Sultan Ismail Petra Airport,Kota Baharu,MY,Malaysia,medium_airport,"6.1668500900268555, 102.29299926757812"
KCH,Kuching International Airport,Kuching,MY,Malaysia,medium_airport,"1.487364, 110.352859"
KGU,Keningau Airport,Keningau,MY,Malaysia,small_airport,"5.355487, 116.164884"
KPI,Kapit Airport,Kapit,MY,Malaysia,small_airport,"2.01052374505, 112.931468248"
KTE,Kerteh Airport,Kerteh,MY,Malaysia,medium_airport,"4.53722, 103.427002"
KUA,Kuantan Airport,Kuantan,MY,Malaysia,medium_airport,"3.7753899097442627, 103.20899963378906"
KUD,Kudat Airport,Kudat,MY,Malaysia,small_airport,"6.924111, 116.837068"
KUL,Kuala Lumpur International Airport,Sepang,MY,Malaysia,large_airport,"2.74558, 101.709999"
LAC,Layang-Layang Airport,Pulau Layang-Layang (Swallow Reef),MY,Malaysia,small_airport,"7.37157, 113.844002"
LBP,Long Banga Airport,Long Banga,MY,Malaysia,small_airport,"3.202138, 115.401811"
LBU,Labuan Airport,Labuan,MY,Malaysia,medium_airport,"5.301667, 115.248333"
LDU,Lahad Datu Airport,Lahad Datu,MY,Malaysia,medium_airport,"5.03241, 118.32376"
LGK,Langkawi International Airport,Langkawi,MY,Malaysia,medium_airport,"6.329730033874512, 99.72869873046875"
LGL,Long Lellang Airport,Long Datih,MY,Malaysia,small_airport,"3.4210000038099997, 115.153999329"
LKH,Long Akah Airport,Long Akah,MY,Malaysia,small_airport,"3.310909, 114.785553"
LMN,Limbang Airport,Limbang,MY,Malaysia,medium_airport,"4.808300018310547, 115.01000213623047"
LSM,Long Semado Airport,Long Semado,MY,Malaysia,small_airport,"4.21700000763, 115.599998474"
LSU,Long Sukang Airport,Long Sukang,MY,Malaysia,small_airport,"4.55222, 115.494003"
LWY,Lawas Airport,Lawas,MY,Malaysia,small_airport,"4.84917, 115.407997"
MEP,Mersing Airport,Mersing,MY,Malaysia,small_airport,"2.389148, 103.874183"
MKM,Mukah Airport,Mukah,MY,Malaysia,medium_airport,"2.881944, 112.043333"
MKZ,Malacca International Airport,Malacca,MY,Malaysia,medium_airport,"2.265613, 102.252778"
MUR,Marudi Airport,Marudi,MY,Malaysia,medium_airport,"4.178734, 114.330318"
MYY,Miri Airport,Miri,MY,Malaysia,medium_airport,"4.32201, 113.987"
MZV,Mulu Airport,Mulu,MY,Malaysia,medium_airport,"4.048329830169678, 114.80500030517578"
ODN,Long Seridan Airport,Long Seridan,MY,Malaysia,small_airport,"3.976087, 115.067303"
PAY,Pamol Airport,Pamol,MY,Malaysia,small_airport,"5.996571, 117.404795"
PEN,Penang International Airport,Penang,MY,Malaysia,medium_airport,"5.297140121459961, 100.2770004272461"
PKG,Pulau Pangkor Airport,Pangkor Island,MY,Malaysia,small_airport,"4.244719982147217, 100.5530014038086"
RDN,LTS Pulau Redang Airport,Redang,MY,Malaysia,small_airport,"5.764804, 103.004942"
RNU,Ranau Airport,Ranau,MY,Malaysia,small_airport,"5.957793, 116.680191"
SBW,Sibu Airport,Sibu,MY,Malaysia,medium_airport,"2.2616, 111.985001"
SDK,Sandakan Airport,Sandakan,MY,Malaysia,medium_airport,"5.900899887084961, 118.05899810791016"
SMM,Semporna Airport,Semporna,MY,Malaysia,small_airport,"4.454596, 118.595023"
SPE,Sepulot Airport,Sepulot,MY,Malaysia,small_airport,"4.732999801635742, 116.46700286865234"
SPT,Sipitang Airport,Sipitang,MY,Malaysia,small_airport,"5.0833330154418945, 115.55000305175781"
SWY,Sitiawan Airport,Sitiawan,MY,Malaysia,small_airport,"4.2222, 100.6993"
SXS,Sahabat [Sahabat 16] Airport,Sahabat,MY,Malaysia,small_airport,"5.087779998779297, 119.09400177001953"
SXT,Sungai Tiang Airport,Taman Negara,MY,Malaysia,small_airport,"4.330277919769287, 102.3949966430664"
SZB,Sultan Abdul Aziz Shah International Airport,Subang,MY,Malaysia,medium_airport,"3.130579948425293, 101.54900360107422"
TEL,Telupid Airport,Telupid,MY,Malaysia,small_airport,"5.62861, 117.125999"
TGC,Tanjung Manis Airport,Belawai,MY,Malaysia,small_airport,"2.17784, 111.202003"
TGG,Sultan Mahmud Airport,Kuala Terengganu,MY,Malaysia,medium_airport,"5.3826398849487305, 103.10299682617188"
TMG,Tomanggong Airport,Tomanggong,MY,Malaysia,small_airport,"5.40257, 118.65763"
TOD,Tioman Airport,Tioman Island,MY,Malaysia,medium_airport,"2.81818, 104.160004"
TPG,Taiping (Tekah) Airport,Taiping,MY,Malaysia,small_airport,"4.866432, 100.715381"
TWU,Tawau Airport,Tawau,MY,Malaysia,medium_airport,"4.31338, 118.12152"
AME,Alto Molocue Airport,Alto Molocue,MZ,Mozambique,small_airport,"-15.6102777778, 37.6813888889"
ANO,Angoche Airport,Angoche,MZ,Mozambique,small_airport,"-16.18187, 39.945217"
APL,Nampula Airport,Nampula,MZ,Mozambique,medium_airport,"-15.105600357055664, 39.28179931640625"
BCW,Benguera Island Airport,Benguera Island,MZ,Mozambique,medium_airport,"-21.8533, 35.438301"
BEW,Beira Airport,Beira,MZ,Mozambique,medium_airport,"-19.7964, 34.9076"
BZB,Bazaruto Island Airport,Bazaruto Island,MZ,Mozambique,medium_airport,"-21.5411, 35.4729"
CMZ,Caia Airport,Caia,MZ,Mozambique,small_airport,"-17.8331, 35.3341"
FXO,Cuamba Airport,Cuamba,MZ,Mozambique,small_airport,"-14.815, 36.529999"
IBL,Indigo Bay Lodge Airport,Bazaruto Island,MZ,Mozambique,medium_airport,"-21.708, 35.452801"
IBO,Ibo Airport,Ibo,MZ,Mozambique,small_airport,"-12.350174, 40.602297"
IHC,Inhaca Airport,Inhaca,MZ,Mozambique,small_airport,"-25.9971446991, 32.929351806599996"
IMG,Inhaminga Airport,Inhaminga,MZ,Mozambique,small_airport,"-18.41, 35.0045"
INE,Chinde Airport,Chinde,MZ,Mozambique,small_airport,"-18.59, 36.4489"
INH,Inhambane Airport,Inhambane,MZ,Mozambique,medium_airport,"-23.8764, 35.408501"
LBM,Luabo Airport,Luabo,MZ,Mozambique,small_airport,"-18.4139, 36.1068"
LFB,Lumbo Airport,Lumbo,MZ,Mozambique,small_airport,"-15.0331, 40.6717"
LMZ,Palma Airport,Palma,MZ,Mozambique,small_airport,"-10.7506, 40.4702"
MJS,Maganja da Costa Airport,Maganja,MZ,Mozambique,small_airport,"-17.3087, 37.5"
MNC,Nacala Airport,Nacala,MZ,Mozambique,small_airport,"-14.4882, 40.7122"
MPM,Maputo Airport,Maputo,MZ,Mozambique,large_airport,"-25.920799, 32.572601"
MTU,Montepuez Airport,Montepuez,MZ,Mozambique,small_airport,"-13.121899604797363, 39.052799224853516"
MUD,Mueda Airport,Mueda,MZ,Mozambique,medium_airport,"-11.6729, 39.563099"
MZB,Mocímboa da Praia Airport,Mocímboa da Praia,MZ,Mozambique,medium_airport,"-11.3618, 40.3549"
NND,Nangade Airport,Nangade,MZ,Mozambique,small_airport,"-11.073, 39.68"
NTC,Paradise Island Airport,Santa Carolina,MZ,Mozambique,small_airport,"-21.614999771118, 35.338001251221"
PDD,Ponta do Ouro Airport,Ponta do Ouro,MZ,Mozambique,small_airport,"-26.826913, 32.838444"
PEB,Pebane Airport,Pebane,MZ,Mozambique,small_airport,"-17.27276, 38.18073"
POL,Pemba Airport,Pemba,MZ,Mozambique,medium_airport,"-12.993302, 40.524867"
RRM,Marromeu Airport,Marromeu,MZ,Mozambique,small_airport,"-18.319259, 35.949501"
TET,Chingozi Airport,Tete,MZ,Mozambique,medium_airport,"-16.104799270629883, 33.640201568603516"
TGS,Chokwé Airport,Chokwé,MZ,Mozambique,small_airport,"-24.520599365234375, 32.965301513671875"
UEL,Quelimane Airport,Quelimane,MZ,Mozambique,medium_airport,"-17.855499267578125, 36.86909866333008"
VJB,Xai-Xai Chongoene Airport,Xai-Xai,MZ,Mozambique,small_airport,"-24.895362, 33.749896"
VJQ,Gurue Airport,Gurue,MZ,Mozambique,small_airport,"-15.5062, 36.9904"
VNX,Vilankulo Airport,Vilanculo,MZ,Mozambique,medium_airport,"-22.018400192260742, 35.31330108642578"
VPY,Chimoio Airport,Chimoio,MZ,Mozambique,medium_airport,"-19.15130043029785, 33.42900085449219"
VXC,Lichinga Airport,Lichinga,MZ,Mozambique,medium_airport,"-13.274, 35.2663"
BMY,Île Art - Waala Airport,Waala,NC,New Caledonia,small_airport,"-19.720521, 163.661077"
GEA,Nouméa Magenta Airport,Nouméa,NC,New Caledonia,medium_airport,"-22.25812, 166.472783"
ILP,Île des Pins Airport,Île des Pins,NC,New Caledonia,medium_airport,"-22.588899612426758, 167.45599365234375"
KNQ,Koné Airport,Koné,NC,New Caledonia,medium_airport,"-21.053551, 164.838768"
KOC,Koumac Airport,Koumac,NC,New Caledonia,small_airport,"-20.546323, 164.255648"
LIF,Lifou Airport,Lifou,NC,New Caledonia,medium_airport,"-20.774563, 167.239328"
MEE,Maré Airport,Maré,NC,New Caledonia,medium_airport,"-21.482438, 168.038465"
NOU,La Tontouta International Airport,Nouméa (La Tontouta),NC,New Caledonia,medium_airport,"-22.014601, 166.212997"
PDC,Mueo Airport,Népoui,NC,New Caledonia,small_airport,"-21.316456, 164.999399"
PUV,Poum / Malabou Airport,Malabou,NC,New Caledonia,small_airport,"-20.289155, 164.09935"
TGJ,Tiga Airport,Tiga,NC,New Caledonia,medium_airport,"-21.096407, 167.80379"
TOU,Touho Airport,Touho,NC,New Caledonia,medium_airport,"-20.790127, 165.259524"
UVE,Ouvéa Airport,Ouvéa,NC,New Caledonia,medium_airport,"-20.640932, 166.573024"
AJY,Mano Dayak International Airport,Agadez,NE,Niger,medium_airport,"16.965999603271484, 8.000109672546387"
MFQ,Maradi Airport,Maradi,NE,Niger,medium_airport,"13.5025, 7.12675"
NIM,Diori Hamani International Airport,Niamey,NE,Niger,large_airport,"13.4815, 2.18361"
RLT,Arlit Airport,Arlit,NE,Niger,small_airport,"18.7903995514, 7.36595010757"
THZ,Tahoua Airport,Tahoua,NE,Niger,medium_airport,"14.8757, 5.26536"
ZND,Zinder Airport,Zinder,NE,Niger,medium_airport,"13.779000282287598, 8.983759880065918"
NLK,Norfolk Island International Airport,Burnt Pine,NF,Norfolk Island,medium_airport,"-29.041887, 167.939616"
ABB,Asaba International Airport,Asaba,NG,Nigeria,medium_airport,"6.204167, 6.665278"
ABV,Nnamdi Azikiwe International Airport,Abuja,NG,Nigeria,large_airport,"9.00679, 7.26317"
AKR,Akure Airport,Akure,NG,Nigeria,medium_airport,"7.246739864349365, 5.3010101318359375"
BCU,Sir Abubakar Tafawa Balewa International Airport,Bauchi,NG,Nigeria,medium_airport,"10.482833, 9.744"
BNI,Benin Airport,Benin,NG,Nigeria,medium_airport,"6.316979885101318, 5.5995001792907715"
CBQ,Margaret Ekpo International Airport,Calabar,NG,Nigeria,medium_airport,"4.976019859313965, 8.347200393676758"
DKA,Katsina Airport,Katsina,NG,Nigeria,small_airport,"13.0078, 7.66045"
ENU,Akanu Ibiam International Airport,Enegu,NG,Nigeria,medium_airport,"6.474269866943359, 7.561960220336914"
GMO,Gombe Lawanti International Airport,Gombe,NG,Nigeria,medium_airport,"10.298889, 10.9"
IBA,Ibadan Airport,Ibadan,NG,Nigeria,medium_airport,"7.362460136413574, 3.97832989692688"
ILR,Ilorin International Airport,Ilorin,NG,Nigeria,medium_airport,"8.440210342407227, 4.493919849395752"
JOS,Yakubu Gowon Airport,Jos,NG,Nigeria,medium_airport,"9.639829635620117, 8.869050025939941"
KAD,Kaduna Airport,Kaduna,NG,Nigeria,medium_airport,"10.696000099182129, 7.320109844207764"
KAN,Mallam Aminu International Airport,Kano,NG,Nigeria,medium_airport,"12.0476, 8.52462"
LOS,Murtala Muhammed International Airport,Lagos,NG,Nigeria,large_airport,"6.57737, 3.32116"
MDI,Makurdi Airport,Makurdi,NG,Nigeria,medium_airport,"7.70388, 8.61394"
MIU,Maiduguri International Airport,Maiduguri,NG,Nigeria,medium_airport,"11.855299949645996, 13.080900192260742"
MXJ,Minna Airport,Minna,NG,Nigeria,medium_airport,"9.652170181274414, 6.462259769439697"
PHC,Port Harcourt International Airport,Port Harcourt,NG,Nigeria,medium_airport,"5.0154900550842285, 6.94959020614624"
PHG,Port Harcourt City Airport / Port Harcourt Air Force Base,Port Harcourt,NG,Nigeria,small_airport,"4.846111, 7.021389"
QOW,Sam Mbakwe International Airport,Owerri,NG,Nigeria,medium_airport,"5.427060127258301, 7.206029891967773"
QRW,Warri Airport,Okpe,NG,Nigeria,medium_airport,"5.59821, 5.8187"
QUO,Akwa Ibom International Airport,Uyo,NG,Nigeria,medium_airport,"4.8725, 8.093"
QUS,Gusau Airport,Gusau,NG,Nigeria,medium_airport,"12.1717, 6.69611"
SKO,Sadiq Abubakar III International Airport,Sokoto,NG,Nigeria,medium_airport,"12.916299819946289, 5.207190036773682"
YOL,Yola Airport,Yola,NG,Nigeria,medium_airport,"9.257550239562988, 12.430399894714355"
ZAR,Zaria Airport,Zaria,NG,Nigeria,medium_airport,"11.1302, 7.68581"
BEF,Bluefields Airport,Bluefileds,NI,Nicaragua,medium_airport,"11.991, -83.774101"
BZA,San Pedro Airport,Bonanza,NI,Nicaragua,small_airport,"14.031524, -84.624311"
ECI,Costa Esmeralda Airport,Tola,NI,Nicaragua,small_airport,"11.427542, -86.033361"
MGA,Augusto C. Sandino (Managua) International Airport,Managua,NI,Nicaragua,medium_airport,"12.141500473022461, -86.16819763183594"
NCR,San Carlos Airport,San Carlos,NI,Nicaragua,small_airport,"11.13556, -84.768727"
PUZ,Puerto Cabezas Airport,Puerto Cabezas,NI,Nicaragua,medium_airport,"14.047200202941895, -83.38670349121094"
RFS,Rosita Airport,La Rosita,NI,Nicaragua,small_airport,"13.889699935913086, -84.40889739990234"
RNI,Corn Island Airport,Corn Island,NI,Nicaragua,small_airport,"12.174785, -83.059445"
SIU,Siuna,Siuna,NI,Nicaragua,small_airport,"13.727222, -84.777779"
WSP,Waspam Airport,Waspam,NI,Nicaragua,small_airport,"14.7392, -83.969398"
AMS,Amsterdam Airport Schiphol,Amsterdam,NL,Netherlands,large_airport,"52.308601, 4.76389"
DHR,De Kooy Airfield / Den Helder Naval Air Station,Den Helder,NL,Netherlands,medium_airport,"52.923401, 4.78062"
EIN,Eindhoven Airport,Eindhoven,NL,Netherlands,large_airport,"51.4500999451, 5.37452983856"
ENS,Twente Airport,Enschede,NL,Netherlands,medium_airport,"52.275833, 6.889167"
GLZ,Gilze Rijen Air Base,Rijen,NL,Netherlands,medium_airport,"51.567402, 4.93183"
GRQ,Groningen Airport Eelde,Groningen,NL,Netherlands,medium_airport,"53.119701, 6.57944"
LEY,Lelystad Airport,Lelystad,NL,Netherlands,medium_airport,"52.453188, 5.514622"
LWR,Leeuwarden Air Base,Leeuwarden,NL,Netherlands,medium_airport,"53.228599548339844, 5.760560035705566"
MST,Maastricht Aachen Airport,Maastricht,NL,Netherlands,medium_airport,"50.911701, 5.77014"
RTM,Rotterdam The Hague Airport,Rotterdam,NL,Netherlands,medium_airport,"51.956902, 4.43722"
UDE,Volkel Air Base,Uden,NL,Netherlands,medium_airport,"51.657222, 5.707778"
WOE,Woensdrecht Air Base,Hoogerheide,NL,Netherlands,medium_airport,"51.4491, 4.34203"
AES,"Ålesund Airport, Vigra",Ålesund,NO,Norway,medium_airport,"62.5625, 6.1197"
ALF,Alta Airport,Alta,NO,Norway,medium_airport,"69.976097, 23.3717"
ANX,"Andøya Airport, Andenes",Andenes,NO,Norway,medium_airport,"69.292503, 16.144199"
BDU,Bardufoss Airport,Målselv,NO,Norway,medium_airport,"69.055801, 18.5404"
BGO,"Bergen Airport, Flesland",Bergen,NO,Norway,large_airport,"60.2934, 5.21814"
BJF,Båtsfjord Airport,Båtsfjord,NO,Norway,medium_airport,"70.60025, 29.692612"
BNN,"Brønnøysund Airport, Brønnøy",Brønnøy,NO,Norway,medium_airport,"65.461098, 12.2175"
BOO,Bodø Airport,Bodø,NO,Norway,medium_airport,"67.269203, 14.3653"
BVG,Berlevåg Airport,Berlevåg,NO,Norway,medium_airport,"70.871517, 29.034097"
EVE,"Harstad/Narvik Airport, Evenes",Evenes,NO,Norway,medium_airport,"68.491302490234, 16.678100585938"
FDE,"Førde Airport, Bringeland",Førde,NO,Norway,small_airport,"61.391102, 5.75694"
FRO,Florø Airport,Florø,NO,Norway,medium_airport,"61.583599090576, 5.0247201919556"
GLL,Gol Airport,Klanten flyplass,NO,Norway,small_airport,"60.791066, 9.048672"
HAA,Hasvik Airport,Hasvik,NO,Norway,small_airport,"70.486702, 22.1397"
HAU,"Haugesund Airport, Karmøy",Karmøy,NO,Norway,medium_airport,"59.345299, 5.20836"
HFT,Hammerfest Airport,Hammerfest,NO,Norway,medium_airport,"70.679703, 23.6686"
HMR,"Hamar Lufthavn, Stavsberg",Hamar,NO,Norway,small_airport,"60.8181, 11.068"
HOV,"Ørsta-Volda Airport, Hovden",Ørsta,NO,Norway,medium_airport,"62.180000305176, 6.0741000175476"
HVG,"Honningsvåg Airport, Valan",Honningsvåg,NO,Norway,medium_airport,"71.009697, 25.983601"
KKN,"Kirkenes Airport, Høybuktmoen",Kirkenes,NO,Norway,medium_airport,"69.7258, 29.8913"
KRS,"Kristiansand Airport, Kjevik",Kjevik,NO,Norway,medium_airport,"58.204201, 8.08537"
KSU,"Kristiansund Airport, Kvernberget",Kvernberget,NO,Norway,medium_airport,"63.111801, 7.82452"
LKL,"Lakselv Airport, Banak",Lakselv,NO,Norway,medium_airport,"70.068802, 24.973499"
LKN,Leknes Airport,Leknes,NO,Norway,medium_airport,"68.152496337891, 13.609399795532"
LYR,"Svalbard Airport, Longyear",Longyearbyen,NO,Norway,medium_airport,"78.246101379395, 15.465600013733"
MEH,Mehamn Airport,Mehamn,NO,Norway,medium_airport,"71.029701, 27.8267"
MJF,"Mosjøen Airport, Kjærstad",Mosjøen,NO,Norway,medium_airport,"65.783997, 13.2149"
MOL,"Molde Airport, Årø",Årø,NO,Norway,medium_airport,"62.744701, 7.2625"
MQN,"Mo i Rana Airport, Røssvoll",Mo i Rana,NO,Norway,medium_airport,"66.363899230957, 14.301400184631"
NTB,Notodden Airport,Notodden,NO,Norway,medium_airport,"59.565071, 9.213152"
OLA,Ørland Airport,Ørland,NO,Norway,medium_airport,"63.69889831542969, 9.604000091552734"
OSL,"Oslo Airport, Gardermoen",Oslo (Gardermoen),NO,Norway,large_airport,"60.193901, 11.1004"
OSY,Namsos Airport,Namsos,NO,Norway,small_airport,"64.472198, 11.5786"
RET,Røst Airport,Røst,NO,Norway,small_airport,"67.526482, 12.101575"
RRS,Røros Airport,Røros,NO,Norway,medium_airport,"62.578399658203, 11.342300415039"
RVK,"Rørvik Airport, Ryum",Rørvik,NO,Norway,medium_airport,"64.838302612305, 11.14610004425"
RYG,"Moss Airport, Rygge",Oslo,NO,Norway,medium_airport,"59.378817, 10.785439"
SDN,"Sandane Airport, Anda",Sandane,NO,Norway,small_airport,"61.830002, 6.10583"
SKE,Skien Airport,Geiteryggen,NO,Norway,medium_airport,"59.185001, 9.56694"
SKN,"Stokmarknes Airport, Skagen",Hadsel,NO,Norway,medium_airport,"68.578827, 15.033417"
SOG,"Sogndal Airport, Haukåsen",Sogndal,NO,Norway,small_airport,"61.156101, 7.13778"
SOJ,Sørkjosen Airport,Sørkjosen,NO,Norway,medium_airport,"69.786797, 20.9594"
SRP,"Stord Airport, Sørstokken",Leirvik,NO,Norway,medium_airport,"59.791901, 5.34085"
SSJ,"Sandnessjøen Airport, Stokka",Alstahaug,NO,Norway,medium_airport,"65.956802, 12.4689"
SVG,"Stavanger Airport, Sola",Stavanger,NO,Norway,large_airport,"58.876701, 5.63778"
SVJ,"Svolvær Airport, Helle",Svolvær,NO,Norway,medium_airport,"68.243301, 14.6692"
TOS,"Tromsø Airport, Langnes",Tromsø,NO,Norway,large_airport,"69.683296, 18.9189"
TRD,"Trondheim Airport, Værnes",Trondheim,NO,Norway,large_airport,"63.457802, 10.924"
TRF,"Sandefjord Airport, Torp",Torp,NO,Norway,medium_airport,"59.186699, 10.2586"
VAW,"Vardø Airport, Svartnes",Vardø,NO,Norway,medium_airport,"70.3554, 31.044901"
VDB,"Fagernes Airport, Leirin",Fagernes,NO,Norway,medium_airport,"61.015598, 9.28806"
VDS,Vadsø Airport,Vadsø,NO,Norway,medium_airport,"70.0653, 29.8447"
BDP,Bhadrapur Airport,Bhadrapur,NP,Nepal,small_airport,"26.5708007812, 88.07959747310001"
BGL,Baglung Airport,Baglung,NP,Nepal,small_airport,"28.212799, 83.666298"
BHP,Bhojpur Airport,Bhojpur,NP,Nepal,small_airport,"27.1474, 87.050797"
BHR,Bharatpur Airport,Bharatpur,NP,Nepal,small_airport,"27.678101, 84.429398"
BIR,Biratnagar Airport,Biratnagar,NP,Nepal,medium_airport,"26.48150062561035, 87.26399993896484"
BIT,Baitadi Airport,Baitadi,NP,Nepal,small_airport,"29.463421, 80.548968"
BJH,Bajhang Airport,Bajhang,NP,Nepal,small_airport,"29.539, 81.185402"
BJU,Bajura Airport,Bajura,NP,Nepal,small_airport,"29.502001, 81.668999"
BWA,Gautam Buddha International Airport,Siddharthanagar (Bhairahawa),NP,Nepal,medium_airport,"27.505328, 83.412594"
DAP,Darchula Airport,Darchula,NP,Nepal,small_airport,"29.668571, 80.548199"
DHI,Dhangarhi Airport,Dhangarhi,NP,Nepal,small_airport,"28.755283, 80.583398"
DNP,Tulsipur Airport,Dang,NP,Nepal,small_airport,"28.111099, 82.294197"
DOP,Dolpa Airport,Dolpa,NP,Nepal,small_airport,"28.985659, 82.818703"
FEB,Sanfebagar Airport,Sanfebagar,NP,Nepal,small_airport,"29.236629, 81.215317"
GKH,Palungtar Airport,Gorkha,NP,Nepal,small_airport,"28.0385, 84.4664"
IMK,Simikot Airport,Simikot,NP,Nepal,small_airport,"29.9711, 81.818901"
JIR,Jiri Airport,Jiri,NP,Nepal,small_airport,"27.626313, 86.230581"
JKR,Janakpur Airport,Janakpur,NP,Nepal,medium_airport,"26.708799, 85.922401"
JMO,Jomsom Airport,Jomsom,NP,Nepal,small_airport,"28.780426, 83.723"
JUM,Jumla Airport,Jumla,NP,Nepal,small_airport,"29.2742, 82.193298"
KEP,Nepalgunj Airport,Nepalgunj,NP,Nepal,medium_airport,"28.1036, 81.667"
KTM,Tribhuvan International Airport,Kathmandu,NP,Nepal,large_airport,"27.6966, 85.3591"
LDN,Lamidanda Airport,Lamidanda,NP,Nepal,small_airport,"27.253099, 86.669998"
LTG,Langtang Airport,Langtang,NP,Nepal,small_airport,"28.200000762939453, 85.58300018310547"
LUA,Lukla Airport,Lukla,NP,Nepal,small_airport,"27.686768, 86.729479"
MEY,Meghauli Airport,Meghauli,NP,Nepal,small_airport,"27.5774, 84.22875"
NGX,Manang Airport,Ngawal,NP,Nepal,small_airport,"28.641399, 84.089203"
PKR,Pokhara International Airport,Pokhara,NP,Nepal,medium_airport,"28.1838, 84.0147"
PPL,Phaplu Airport,Phaplu,NP,Nepal,small_airport,"27.517752, 86.585019"
RHP,Ramechhap Airport,Ramechhap,NP,Nepal,small_airport,"27.393999, 86.061401"
RJB,Rajbiraj Airport,Rajbiraj,NP,Nepal,small_airport,"26.510066, 86.733902"
RPA,Rolpa Airport,Rolpa,NP,Nepal,small_airport,"28.267292, 82.756496"
RUK,Rukum Chaurjahari Airport,Rukumkot,NP,Nepal,small_airport,"28.627001, 82.194021"
RUM,Rumjatar Airport,Rumjatar,NP,Nepal,small_airport,"27.303499, 86.5504"
SIF,Simara Airport,Simara,NP,Nepal,small_airport,"27.159803, 84.980021"
SIH,Silgadi Doti Airport,Silgadi Doti,NP,Nepal,small_airport,"29.262226, 80.935968"
SKH,Surkhet Airport,Surkhet,NP,Nepal,small_airport,"28.586, 81.636002"
SYH,Syangboche Airport,Namche Bazaar,NP,Nepal,small_airport,"27.8112, 86.7124"
TMI,Tumling Tar Airport,Tumling Tar,NP,Nepal,small_airport,"27.315001, 87.193298"
TPJ,Taplejung Airport,Taplejung,NP,Nepal,medium_airport,"27.3509, 87.69525"
TPU,Tikapur Airport,Tikapur,NP,Nepal,small_airport,"28.5219, 81.123"
XMG,Mahendranagar Airport,Mahendranagar,NP,Nepal,small_airport,"28.9632, 80.147903"
INU,Nauru International Airport,Yaren District,NR,Nauru,medium_airport,"-0.547458, 166.919006"
IUE,Niue International Airport,Alofi,NU,Niue,medium_airport,"-19.079030990600586, -169.92559814453125"
AKL,Auckland International Airport,Auckland,NZ,New Zealand,large_airport,"-37.01199, 174.786331"
ALR,Alexandra Aerodrome,Alexandra,NZ,New Zealand,medium_airport,"-45.210495, 169.371113"
AMZ,Ardmore Airport,Manurewa,NZ,New Zealand,medium_airport,"-37.029701232910156, 174.97300720214844"
ASG,Ashburton Airport,Ashburton,NZ,New Zealand,small_airport,"-43.903301, 171.796997"
BHE,Woodbourne Airport,Blenheim,NZ,New Zealand,medium_airport,"-41.5182991027832, 173.8699951171875"
CHC,Christchurch International Airport,Christchurch,NZ,New Zealand,large_airport,"-43.489029, 172.532065"
CHT,Chatham Islands / Tuuta Airport,Te One,NZ,New Zealand,medium_airport,"-43.81189, -176.46514"
CMV,Coromandel Airport,Coromandel,NZ,New Zealand,small_airport,"-36.791698, 175.509003"
DGR,Dargaville Aerodrome,Dargaville,NZ,New Zealand,small_airport,"-35.939701, 173.893997"
DUD,Dunedin International Airport,Dunedin,NZ,New Zealand,medium_airport,"-45.928101, 170.197998"
FGL,Fox Glacier Aerodrome,Fox Glacier,NZ,New Zealand,small_airport,"-43.46111, 170.01702"
GBZ,Great Barrier Aerodrome,Claris,NZ,New Zealand,small_airport,"-36.24140167236328, 175.4720001220703"
GIS,Gisborne Airport,Gisborne,NZ,New Zealand,medium_airport,"-38.6633, 177.977997"
GMN,Greymouth Airport,,NZ,New Zealand,small_airport,"-42.4617, 171.190002"
GTN,Glentanner Airport,Glentanner Station,NZ,New Zealand,medium_airport,"-43.906700134277344, 170.1280059814453"
HKK,Hokitika Airfield,,NZ,New Zealand,medium_airport,"-42.713600158691406, 170.98500061035156"
HLZ,Hamilton International Airport,Hamilton,NZ,New Zealand,medium_airport,"-37.8666992188, 175.332000732"
IVC,Invercargill Airport,Invercargill,NZ,New Zealand,medium_airport,"-46.41239929199219, 168.31300354003906"
KAT,Kaitaia Airport,Awanui,NZ,New Zealand,medium_airport,"-35.069837, 173.287053"
KBZ,Kaikoura Airport,,NZ,New Zealand,small_airport,"-42.424999, 173.604996"
KKE,Kerikeri Airport,Kerikeri,NZ,New Zealand,medium_airport,"-35.259148, 173.913317"
KKO,Kaikohe Airport,Kaikohe,NZ,New Zealand,small_airport,"-35.451099, 173.817001"
KTF,Takaka Airport,,NZ,New Zealand,small_airport,"-40.813301, 172.774994"
MFN,Milford Sound Airport,,NZ,New Zealand,small_airport,"-44.673302, 167.923004"
MON,Mount Cook Airport,,NZ,New Zealand,medium_airport,"-43.764999, 170.132996"
MRO,Hood Airport,Masterton,NZ,New Zealand,medium_airport,"-40.974634, 175.63454"
MTA,Matamata Glider Airport,,NZ,New Zealand,small_airport,"-37.734402, 175.742004"
MZP,Motueka Airport,,NZ,New Zealand,small_airport,"-41.123299, 172.988998"
NPE,Hawke's Bay Airport,Napier,NZ,New Zealand,medium_airport,"-39.465801, 176.869995"
NPL,New Plymouth Airport,New Plymouth,NZ,New Zealand,medium_airport,"-39.00859832763672, 174.1790008544922"
NSN,Nelson Airport,Nelson,NZ,New Zealand,medium_airport,"-41.298302, 173.220993"
OAM,Oamaru Airport,,NZ,New Zealand,medium_airport,"-44.970001, 171.082001"
OHA,RNZAF Base Ohakea,,NZ,New Zealand,medium_airport,"-40.20600128173828, 175.38800048828125"
PCN,Picton Aerodrome,Koromiko,NZ,New Zealand,small_airport,"-41.346099853516, 173.95599365234"
PMR,Palmerston North Airport,Palmerston North,NZ,New Zealand,medium_airport,"-40.320599, 175.617004"
PPQ,Paraparaumu Airport,,NZ,New Zealand,medium_airport,"-40.904701232910156, 174.98899841308594"
RAG,Raglan Aerodrome,Raglan,NZ,New Zealand,small_airport,"-37.804699, 174.860001"
ROT,Rotorua Regional Airport,Rotorua,NZ,New Zealand,medium_airport,"-38.1092, 176.317001"
SZS,Ryan's Creek Aerodrome,Oban,NZ,New Zealand,small_airport,"-46.8997, 168.100998"
TEU,Manapouri Airport,,NZ,New Zealand,medium_airport,"-45.5331, 167.649994"
THH,Taharoa Aerodrome,Taharoa,NZ,New Zealand,small_airport,"-38.18109893798828, 174.70799255371094"
TIU,Timaru Airport,,NZ,New Zealand,medium_airport,"-44.302799224853516, 171.22500610351562"
TKZ,Tokoroa Airfield,Tokoroa,NZ,New Zealand,small_airport,"-38.236698, 175.891998"
TMZ,Thames Aerodrome,,NZ,New Zealand,small_airport,"-37.1567, 175.550003"
TRG,Tauranga Airport,Tauranga,NZ,New Zealand,medium_airport,"-37.67190170288086, 176.1959991455078"
TUO,Taupo Airport,Taupo,NZ,New Zealand,medium_airport,"-38.73970031738281, 176.08399963378906"
TWZ,Pukaki Airport,Twitzel,NZ,New Zealand,medium_airport,"-44.2350006104, 170.117996216"
WAG,Wanganui Airport,Wanganui,NZ,New Zealand,medium_airport,"-39.96220016479492, 175.02499389648438"
WHK,Whakatane Airport,,NZ,New Zealand,medium_airport,"-37.92060089111328, 176.91400146484375"
WHO,Franz Josef Aerodrome,,NZ,New Zealand,small_airport,"-43.36309814453125, 170.13400268554688"
WIK,Waiheke Island Aerodrome,Waiheke Island,NZ,New Zealand,small_airport,"-36.808899, 175.085999"
WIR,Wairoa Airport,Wairoa,NZ,New Zealand,medium_airport,"-39.012118, 177.404395"
WKA,Wanaka Airport,Wanaka,NZ,New Zealand,medium_airport,"-44.722954, 169.248419"
WLG,Wellington International Airport,Wellington,NZ,New Zealand,large_airport,"-41.327202, 174.804993"
WRE,Whangarei Airport,Whangarei,NZ,New Zealand,medium_airport,"-35.769253, 174.363713"
WSZ,Westport Airport,Westport,NZ,New Zealand,medium_airport,"-41.737111, 171.579033"
WTZ,Whitianga Airport,Whitianga,NZ,New Zealand,small_airport,"-36.828731, 175.682802"
ZQN,Queenstown International Airport,Queenstown,NZ,New Zealand,medium_airport,"-45.021099, 168.738998"
AOM,Adam Airport,Adam,OM,Oman,small_airport,"22.4919444444, 57.3838888889"
BJQ,Bahja Airport,Bahja,OM,Oman,small_airport,"19.8730555556, 56.067777777799996"
BYB,Dibba Airport,Dibba al Baya,OM,Oman,small_airport,"25.614229, 56.2444"
DQM,Duqm International Airport,Duqm,OM,Oman,large_airport,"19.501944, 57.634167"
FAU,Fahud Airport,Fahud,OM,Oman,small_airport,"22.354759, 56.484146"
JNJ,Ja'Aluni Airport,Duqm,OM,Oman,small_airport,"19.4749, 57.3083"
KHS,Khasab Airport,Khasab,OM,Oman,medium_airport,"26.171, 56.240601"
LKW,Lekhwair Airport,Lekhwair,OM,Oman,small_airport,"22.804866, 55.372801"
MCT,Muscat International Airport,Muscat,OM,Oman,large_airport,"23.5933, 58.284401"
MNH,Mussanah Airport,Al Masna'ah,OM,Oman,medium_airport,"23.640556, 57.4875"
MSH,RAFO Masirah,Masirah,OM,Oman,medium_airport,"20.6754, 58.890499"
OHS,Sohar Airport,Sohar,OM,Oman,small_airport,"24.38604, 56.62541"
OMM,Marmul Airport,Marmul,OM,Oman,small_airport,"18.138999, 55.179005"
RMB,Buraimi Airport,Buraimi,OM,Oman,small_airport,"24.241626, 55.783674"
RNM,Qarn Alam Airport,Ghaba,OM,Oman,small_airport,"21.377199, 57.056293"
SLL,Salalah Airport,Salalah,OM,Oman,medium_airport,"17.038700103759766, 54.09130096435547"
TTH,Thumrait Air Base,Thumrait,OM,Oman,medium_airport,"17.666, 54.024601"
UKH,Mukhaizna Airport,Mukhaizna Oil Field,OM,Oman,small_airport,"19.386389, 56.401389"
ACU,Achutupu Airport,Mamitupu,PA,Panama,small_airport,"9.188481, -77.994153"
AIL,Ailigandí Airport,Isla Lorenzo Bello,PA,Panama,small_airport,"9.2226, -78.0236"
AML,Puerto Armuelles Airport,Puerto Armuelles,PA,Panama,small_airport,"8.267667, -82.864537"
BFQ,Bahia Piña Airport,Puerto Piña,PA,Panama,small_airport,"7.58737, -78.179939"
BLB,Panamá Pacífico International Airport,Panamá City,PA,Panama,small_airport,"8.91479, -79.599602"
BOC,Bocas del Toro International Airport,Isla Colón,PA,Panama,medium_airport,"9.34085, -82.250801"
CHX,Changuinola Captain Manuel Niño International Airport,Changuinola,PA,Panama,medium_airport,"9.458962, -82.515062"
CTD,Alonso Valderrama Airport,Chitré,PA,Panama,medium_airport,"7.98784, -80.409837"
CTE,Cartí Airport,Cartí Islands,PA,Panama,small_airport,"9.452863, -78.978917"
CZJ,Corazón de Jesús Airport,Tupile,PA,Panama,small_airport,"9.44686, -78.575678"
DAV,Enrique Malek International Airport,David,PA,Panama,medium_airport,"8.391, -82.434998"
ELE,EL Real Airport,El Real de Santa María,PA,Panama,small_airport,"8.107235, -77.725545"
GHE,Garachiné Airport,Garachiné,PA,Panama,small_airport,"8.0644, -78.3673"
IVI,Viveros Island Airport,Isla Viveros,PA,Panama,small_airport,"8.4693, -79.0016"
JQE,Jaqué Airport,Jaqué,PA,Panama,small_airport,"7.51778, -78.157204"
MPI,Mamitupu Airport,Mamitupu,PA,Panama,small_airport,"9.1851, -77.9841"
MPP,Mulatupo Airport,Mulatupo,PA,Panama,small_airport,"8.945487, -77.733486"
NBL,Wannukandi Airport,San Blas,PA,Panama,small_airport,"9.273476, -78.139848"
NMG,San Miguel Airport,Isla del Rey,PA,Panama,small_airport,"8.456507, -78.934214"
OGM,Ogobsucum Airport,Ustupu,PA,Panama,small_airport,"9.1383, -77.93385"
ONX,Enrique Adolfo Jimenez Airport,Colón,PA,Panama,medium_airport,"9.35664, -79.867401"
OTD,Raul Arias Espinoza Airport,Contadora Island,PA,Panama,small_airport,"8.62876, -79.034698"
PAC,Marcos A. Gelabert International Airport,Albrook,PA,Panama,medium_airport,"8.97334, -79.555603"
PDM,Capt. J. Montenegro Airport,Pedasí,PA,Panama,small_airport,"7.534801, -80.043347"
PTY,Tocumen International Airport,Tocumen,PA,Panama,large_airport,"9.07136, -79.383499"
PUE,Puerto Obaldía Airport,Puerto Obaldía,PA,Panama,small_airport,"8.668813, -77.417399"
PVE,El Porvenir Airport,El Porvenir,PA,Panama,small_airport,"9.559212, -78.946631"
PYC,Playón Chico Airport,Ukupseni,PA,Panama,small_airport,"9.30692, -78.235273"
PYV,Yaviza Airport,Yaviza,PA,Panama,small_airport,"8.1528, -77.687"
RIH,Scarlett Martinez International Airport,Río Hato,PA,Panama,small_airport,"8.375880241394, -80.127899169922"
SAX,Sambú Airport,Boca de Sábalo,PA,Panama,small_airport,"8.026279, -78.209555"
SIC,San José Island Airport,Las Perlas,PA,Panama,small_airport,"8.2622, -79.078"
SYP,Ruben Cantu Airport,Santiago,PA,Panama,medium_airport,"8.085599899291992, -80.94529724121094"
TJC,Ticantiquí Airport,Ticantiquí,PA,Panama,small_airport,"9.4185, -78.4896"
TUW,Tubualá Airport,Coetupo,PA,Panama,small_airport,"8.918601, -77.709182"
UTU,Ustupu Airport,Ustupu,PA,Panama,small_airport,"9.1283, -77.9337"
ALD,Alerta Airport,Fortaleza,PE,Peru,small_airport,"-11.65018, -69.229614"
ANS,Andahuaylas Airport,Andahuaylas,PE,Peru,small_airport,"-13.706399917602539, -73.35040283203125"
AOP,Alferez FAP Alfredo Vladimir Sara Bauer Airport,Andoas,PE,Peru,small_airport,"-2.79612994194, -76.46659851070001"
AQP,Rodríguez Ballón International Airport,Arequipa,PE,Peru,medium_airport,"-16.3411006927, -71.5830993652"
ATA,Comandante FAP German Arias Graziani Airport,Anta,PE,Peru,medium_airport,"-9.347439765930176, -77.59839630126953"
AYP,Air Force Colonel Alfredo Mendivil Duarte Airport,Ayacucho,PE,Peru,medium_airport,"-13.1548, -74.204399"
AYX,Teniente General Gerardo Pérez Pinedo Airport,Atalaya,PE,Peru,medium_airport,"-10.7291, -73.766502"
BLP,Huallaga Airport,Bellavista,PE,Peru,small_airport,"-7.06056, -76.582199"
CHH,Chachapoyas Airport,Chachapoyas,PE,Peru,medium_airport,"-6.201911, -77.856195"
CHM,FAP Lieutenant Jaime Andres de Montreuil Morales Airport,Chimbote,PE,Peru,medium_airport,"-9.14961, -78.523804"
CIX,Air Force Captain Jose A Quinones Gonzales International Airport,Chiclayo,PE,Peru,medium_airport,"-6.78748, -79.828102"
CJA,Mayor General FAP Armando Revoredo Iglesias Airport,Cajamarca,PE,Peru,medium_airport,"-7.13918, -78.489403"
CUZ,Alejandro Velasco Astete International Airport,Cusco,PE,Peru,large_airport,"-13.535699844400002, -71.9387969971"
HUU,Alferez Fap David Figueroa Fernandini Airport,Huánuco,PE,Peru,medium_airport,"-9.878809928894043, -76.20480346679688"
IBP,Iberia Airport,Iberia,PE,Peru,medium_airport,"-11.4116, -69.488701"
ILQ,General Jorge Fernandez Maldon Airport,Ilo,PE,Peru,medium_airport,"-17.695, -71.344002"
IQT,Coronel FAP Francisco Secada Vignetta International Airport,Iquitos,PE,Peru,medium_airport,"-3.78474, -73.3088"
JAE,Shumba Airport,Jaén,PE,Peru,medium_airport,"-5.59248, -78.774002"
JAU,Francisco Carle Airport,Jauja,PE,Peru,medium_airport,"-11.7831001282, -75.47339630130001"
JJI,Juanjui Airport,Juanjuí,PE,Peru,medium_airport,"-7.1691, -76.7286"
JUL,Inca Manco Capac International Airport,Juliaca,PE,Peru,medium_airport,"-15.467100143432617, -70.158203125"
LIM,Jorge Chávez International Airport,Lima,PE,Peru,large_airport,"-12.0219, -77.114305"
MBP,Moyobamba Airport,Moyobamba,PE,Peru,small_airport,"-6.018889, -76.988327"
MZA,Mayor PNP Nancy Flores Paucar Airport,Mazamari,PE,Peru,small_airport,"-11.3254, -74.535598"
NZC,Maria Reiche Neuman Airport,Nazca,PE,Peru,medium_airport,"-14.854, -74.961502"
PCL,Cap FAP David Abenzur Rengifo International Airport,Pucallpa,PE,Peru,medium_airport,"-8.37794017791748, -74.57430267333984"
PEM,Padre Aldamiz International Airport,Puerto Maldonado,PE,Peru,medium_airport,"-12.6135997772, -69.2285995483"
PIO,Captain Renán Elías Olivera International Airport,Pisco,PE,Peru,medium_airport,"-13.7449, -76.220299"
PIU,Capitán FAP Guillermo Concha Iberico International Airport,Piura,PE,Peru,medium_airport,"-5.20574998856, -80.61640167239999"
PTL,Walter Braedt Segú Airport,Máncora,PE,Peru,small_airport,"-4.08687, -81.02577"
RIJ,Juan Simons Vela Airport,Rioja,PE,Peru,medium_airport,"-6.06786, -77.160004"
RIM,San Nicolas Airport,Rodriguez de Mendoza,PE,Peru,small_airport,"-6.39231, -77.501198"
SJA,San Juan de Marcona Airport,San Juan de Marcona,PE,Peru,small_airport,"-15.357508, -75.135005"
SQU,Saposoa Airport,Plaza Saposoa,PE,Peru,small_airport,"-6.96003, -76.768402"
SYC,Shiringayoc Airport,Shiringayoc,PE,Peru,small_airport,"-11.898, -69.0625"
TBP,Captain Pedro Canga Rodríguez International Airport,Tumbes,PE,Peru,medium_airport,"-3.552074, -80.381086"
TCQ,Coronel FAP Carlos Ciriani Santa Rosa International Airport,Tacna,PE,Peru,medium_airport,"-18.053300857500002, -70.2758026123"
TDP,Trompeteros Airport,Corrientes,PE,Peru,small_airport,"-3.80601, -75.039299"
TGI,Tingo Maria Airport,Tingo Maria,PE,Peru,small_airport,"-9.289667, -76.005058"
TPP,Cadete FAP Guillermo Del Castillo Paredes Airport,Tarapoto,PE,Peru,medium_airport,"-6.508739948272705, -76.37319946289062"
TRU,Capitan FAP Carlos Martinez De Pinillos International Airport,Trujillo,PE,Peru,medium_airport,"-8.08141040802002, -79.10880279541016"
TYL,Captain Victor Montes Arias International Airport,Talara,PE,Peru,medium_airport,"-4.57664, -81.254097"
UCZ,Uchiza Airport,Uchiza,PE,Peru,small_airport,"-8.467, -76.349998"
UMI,Quincemil Air Base,Quince Mil,PE,Peru,small_airport,"-13.231357, -70.75145"
VVN,Las Malvinas/Echarate Airport,Las Malvinas,PE,Peru,small_airport,"-11.854861, -72.939332"
YMS,Moises Benzaquen Rengifo Airport,Yurimaguas,PE,Peru,medium_airport,"-5.89377, -76.118202"
AAA,Anaa Airport,Anaa,PF,French Polynesia,medium_airport,"-17.3526, -145.509995"
AHE,Ahe Airport,Ahe Atoll,PF,French Polynesia,medium_airport,"-14.428099632263184, -146.2570037841797"
APK,Apataki Airport,Apataki,PF,French Polynesia,small_airport,"-15.5736, -146.414993"
AUQ,Hiva Oa-Atuona Airport,Hiva Oa Island,PF,French Polynesia,medium_airport,"-9.76879024506, -139.011001587"
AXR,Arutua Airport,,PF,French Polynesia,medium_airport,"-15.248299598693848, -146.61700439453125"
BOB,Bora Bora Airport,Motu Mute,PF,French Polynesia,medium_airport,"-16.444400787353516, -151.75100708007812"
FAC,Faaite Airport,Faaite,PF,French Polynesia,small_airport,"-16.68657, -145.329394"
FAV,Fakarava Airport,,PF,French Polynesia,medium_airport,"-16.054100036621094, -145.65699768066406"
FGU,Fangatau Airport,Fangatau,PF,French Polynesia,medium_airport,"-15.820044, -140.888071"
FHZ,Fakahina Airport,Fakahina,PF,French Polynesia,small_airport,"-15.992259, -140.164246"
GMR,Totegegie Airport,,PF,French Polynesia,medium_airport,"-23.07990074157715, -134.88999938964844"
HHZ,Hikueru Airport,Hikueru,PF,French Polynesia,small_airport,"-17.548297, -142.612037"
HOI,Hao Airport,Otepa,PF,French Polynesia,medium_airport,"-18.0748, -140.945999"
HUH,Huahine-Fare Airport,Fare,PF,French Polynesia,medium_airport,"-16.687084, -151.021593"
KHZ,Kauehi Airport,Kauehi,PF,French Polynesia,small_airport,"-15.780622, -145.128443"
KKR,Kaukura Airport,Raitahiti,PF,French Polynesia,medium_airport,"-15.6633, -146.884995"
KXU,Katiu Airport,Katiu,PF,French Polynesia,small_airport,"-16.339681, -144.407966"
MAU,Maupiti Airport,,PF,French Polynesia,medium_airport,"-16.42650032043457, -152.24400329589844"
MKP,Makemo Airport,Makemo,PF,French Polynesia,medium_airport,"-16.5839, -143.658005"
MOZ,Moorea Temae Airport,Moorea-Maiao,PF,French Polynesia,medium_airport,"-17.48979, -149.761777"
MVT,Mataiva Airport,,PF,French Polynesia,medium_airport,"-14.8681001663208, -148.7169952392578"
NAU,Napuka Island Airport,Napuka Island,PF,French Polynesia,small_airport,"-14.177397, -141.266112"
NHV,Nuku Hiva Airport,Nuku Hiva,PF,French Polynesia,medium_airport,"-8.7956, -140.229004"
NIU,Naiu Airport,Naiu Atoll,PF,French Polynesia,small_airport,"-16.119296, -146.368768"
NKP,Nukutepipi Airport,Nukutepipi,PF,French Polynesia,small_airport,"-20.700054, -143.045933"
NUK,Nukutavake Airport,Nukutavake,PF,French Polynesia,small_airport,"-19.284613, -138.768367"
PKP,Puka Puka Airport,,PF,French Polynesia,small_airport,"-14.80955, -138.812621"
PPT,Faa'a International Airport,Papeete,PF,French Polynesia,large_airport,"-17.553699, -149.606995"
PUK,Pukaruha Airport,Pukaruha,PF,French Polynesia,small_airport,"-18.295726, -137.016291"
REA,Reao Airport,Reao,PF,French Polynesia,medium_airport,"-18.46652, -136.43855"
RFP,Raiatea Airport,Uturoa,PF,French Polynesia,medium_airport,"-16.7229, -151.466003"
RGI,Rangiroa Airport,,PF,French Polynesia,medium_airport,"-14.954299926757812, -147.66099548339844"
RKA,Aratika Nord Airport,,PF,French Polynesia,small_airport,"-15.485673, -145.464778"
RMT,Rimatara Airport,Rimatara Island,PF,French Polynesia,small_airport,"-22.63725, -152.8059"
RRR,Raroia Airport,Raroia,PF,French Polynesia,small_airport,"-16.050485, -142.476568"
RUR,Rurutu Airport,,PF,French Polynesia,medium_airport,"-22.434099197387695, -151.36099243164062"
RVV,Raivavae Airport,,PF,French Polynesia,small_airport,"-23.885201, -147.662003"
TIH,Tikehau Airport,,PF,French Polynesia,medium_airport,"-15.119600296020508, -148.2310028076172"
TJN,Takume Airport,Takume,PF,French Polynesia,small_airport,"-15.857434, -142.266469"
TKP,Takapoto Airport,,PF,French Polynesia,medium_airport,"-14.709500312805176, -145.24600219726562"
TKV,Tatakoto Airport,Tatakoto,PF,French Polynesia,small_airport,"-17.355226, -138.44734"
TKX,Takaroa Airport,,PF,French Polynesia,medium_airport,"-14.45580005645752, -145.02499389648438"
TPX,Tupai Airport,Tupai Atoll,PF,French Polynesia,small_airport,"-16.2423, -151.8338"
TTI,Tetiaroa Airport,Tetiaroa,PF,French Polynesia,small_airport,"-17.015095, -149.589372"
TUB,Tubuai Airport,,PF,French Polynesia,medium_airport,"-23.365400314331055, -149.5240020751953"
UAH,Ua Huka Airport,Ua Huka,PF,French Polynesia,small_airport,"-8.936228, -139.554062"
UAP,Ua Pou Airport,Ua Pou,PF,French Polynesia,small_airport,"-9.35167, -140.078003"
UOA,Moruroa Airport,Moruroa Atoll,PF,French Polynesia,small_airport,"-21.80978, -138.813385"
VHZ,Vahitahi Airport,Vahitahi,PF,French Polynesia,small_airport,"-18.780697, -138.85568"
XMH,Manihi Airport,,PF,French Polynesia,medium_airport,"-14.436800003051758, -146.07000732421875"
ZTA,Tureia Airport,Tureia,PF,French Polynesia,small_airport,"-20.784262, -138.56796"
ABP,Atkamba Airport,Atkamba Mission,PG,Papua New Guinea,small_airport,"-6.06462, 141.095173"
ADC,Andakombe Airport,Andekombe,PG,Papua New Guinea,small_airport,"-7.13722222222, 145.744722222"
AEK,Aseki Airport,Aseki,PG,Papua New Guinea,small_airport,"-7.350805, 146.193994"
AFR,Afore Airstrip,Afore,PG,Papua New Guinea,small_airport,"-9.13867, 148.390701"
AGG,Angoram Airport,Angoram,PG,Papua New Guinea,small_airport,"-4.057077, 144.073841"
AGK,Kagua Airport,Kagua,PG,Papua New Guinea,small_airport,"-6.396388888890001, 143.853611111"
AGL,Wanigela Airport,Wanigela,PG,Papua New Guinea,small_airport,"-9.3375, 149.155556"
AIE,Aiome Airport,Aiome,PG,Papua New Guinea,small_airport,"-5.145699978, 144.7307003"
AIH,Aiambak Airport,Aiambak,PG,Papua New Guinea,small_airport,"-7.342777777779999, 141.2675"
AKG,Anguganak Airport,Anguganak,PG,Papua New Guinea,small_airport,"-3.560504, 142.217307"
AMF,Ama Airport,,PG,Papua New Guinea,small_airport,"-4.10111111111, 141.67"
AMU,Amanab Airport,Amanab,PG,Papua New Guinea,small_airport,"-3.586, 141.214333333"
AOB,Annanberg Airport,,PG,Papua New Guinea,small_airport,"-4.90416666667, 144.635833333"
APP,Asapa Airport,,PG,Papua New Guinea,small_airport,"-8.979167, 148.103611"
APR,April River Airport,April River,PG,Papua New Guinea,small_airport,"-4.67666666667, 142.540138889"
ARP,Aragip Airport,,PG,Papua New Guinea,small_airport,"-9.88333333333, 149.483333333"
ASZ,Asirim Airport,,PG,Papua New Guinea,small_airport,"-6.009722222220001, 150.368611111"
ATN,Namatanai Airport,Namatanai,PG,Papua New Guinea,small_airport,"-3.6695, 152.438"
ATP,Aitape Airport,Aitape,PG,Papua New Guinea,small_airport,"-3.143611, 142.346806"
AUI,Aua Island Airport,Aua Island,PG,Papua New Guinea,small_airport,"-1.46055555556, 143.064722222"
AUJ,Ambunti Airport,Ambunti,PG,Papua New Guinea,small_airport,"-4.21566666667, 142.823166667"
AUP,Agaun Airport,Agaun,PG,Papua New Guinea,small_airport,"-9.927715, 149.389951"
AUV,Aumo Airport,Aumo,PG,Papua New Guinea,small_airport,"-5.731111111110001, 148.445277778"
AWB,Awaba Airport,Awaba,PG,Papua New Guinea,small_airport,"-8.013414, 142.752099"
AWR,Awar Airport (unusable),Awar,PG,Papua New Guinea,small_airport,"-4.122278, 144.853292"
AYU,Aiyura Airport,Aiyura Valley,PG,Papua New Guinea,small_airport,"-6.33805555556, 145.904166667"
AZB,Amazon Bay Airport,,PG,Papua New Guinea,small_airport,"-10.2991666667, 149.338333333"
BAA,Bialla Airport,"Bialla, Matalilu, Ewase",PG,Papua New Guinea,small_airport,"-5.3305602073700005, 151.007995605"
BAJ,Bali Airport,Unea Island,PG,Papua New Guinea,small_airport,"-4.8833333333299995, 149.133333333"
BCP,Bambu Airport,Bambu,PG,Papua New Guinea,small_airport,"-5.863611111110001, 146.4925"
BDZ,Baindoung Airport,,PG,Papua New Guinea,small_airport,"-6.34722222222, 146.942222222"
BIJ,Biliau Airport,,PG,Papua New Guinea,small_airport,"-5.577463, 146.33401"
BMH,Bomai Airport,Bomai,PG,Papua New Guinea,small_airport,"-6.37316666667, 144.637"
BMZ,Bamu Airport,Bamu,PG,Papua New Guinea,small_airport,"-7.8485, 143.2433"
BNM,Bodinumu Airport,Bodinumu,PG,Papua New Guinea,small_airport,"-9.107777777779999, 147.666722222"
BNT,Bundi Airport,Bundi,PG,Papua New Guinea,small_airport,"-5.742222222220001, 145.2275"
BNV,Boana Airport,Boana,PG,Papua New Guinea,small_airport,"-6.426631, 146.826697"
BOT,Bosset Airport,Bosset,PG,Papua New Guinea,small_airport,"-7.237257, 141.1063222"
BOV,Boang Airport,Boang Island,PG,Papua New Guinea,small_airport,"-3.3834, 153.2812"
BPD,Bapi Airstrip,Bapi,PG,Papua New Guinea,small_airport,"-7.743611111110001, 147.020555556"
BPK,Biangabip Airport,Biangabip,PG,Papua New Guinea,small_airport,"-5.526389, 141.744583"
BRH,Brahman Airstrip,Brahman Mission,PG,Papua New Guinea,small_airport,"-5.741032, 145.378518"
BRP,Biaru Airport,Biaru,PG,Papua New Guinea,small_airport,"-7.6693, 146.7594"
BSP,Bensbach Airport,Bensbach,PG,Papua New Guinea,small_airport,"-8.85805555556, 141.259444444"
BUA,Buka Airport,Buka Island,PG,Papua New Guinea,medium_airport,"-5.4223198890686035, 154.67300415039062"
BUL,Bulolo Airport,Bulolo,PG,Papua New Guinea,small_airport,"-7.216286671410001, 146.649541855"
BWJ,Bawan Airport,,PG,Papua New Guinea,small_airport,"-6.396944444440001, 146.881666667"
BWP,Bewani Airport,Bewani,PG,Papua New Guinea,small_airport,"-3.0216666666700003, 141.165277778"
BXZ,Bunsil Airport,Bunsil - Umboi Island,PG,Papua New Guinea,small_airport,"-5.7243, 147.8667"
CGC,Cape Gloucester Airport,Cape Gloucester,PG,Papua New Guinea,small_airport,"-5.455231, 148.422289"
CMU,Chimbu Airport,Kundiawa,PG,Papua New Guinea,medium_airport,"-6.024290084838867, 144.9709930419922"
CPI,Cape Orford Airport,,PG,Papua New Guinea,small_airport,"-5.44833333333, 152.081944444"
CPN,Cape Rodney Airport,Cape Rodney,PG,Papua New Guinea,small_airport,"-10.179823004, 148.379030228"
CVB,Chungribu Airport,Chungribu,PG,Papua New Guinea,small_airport,"-4.80662, 144.714996"
CVL,Cape Vogel Airport,,PG,Papua New Guinea,small_airport,"-9.67, 150.019722222"
DAF,Daup Airport,,PG,Papua New Guinea,small_airport,"-4.7403, 145.9515"
DAO,Dabo Airport,,PG,Papua New Guinea,small_airport,"-8.431944444440001, 147.843055556"
DAU,Daru Airport,Daru,PG,Papua New Guinea,medium_airport,"-9.08676, 143.207993"
DBP,Debepare Airport,Debepare,PG,Papua New Guinea,small_airport,"-6.30861111111, 141.905555556"
DDM,Dodoima Airport,,PG,Papua New Guinea,small_airport,"-8.17736111111, 147.809444444"
DER,Derim Airport,Derim,PG,Papua New Guinea,small_airport,"-6.14472222222, 147.107222222"
DNU,Dinangat Airport,Dinangat,PG,Papua New Guinea,small_airport,"-6.1546, 146.6772"
DOI,Doini Airport,Castori Islets,PG,Papua New Guinea,small_airport,"-10.7009, 150.7218"
DOO,Dorobisoro Airport,Dorobisoro,PG,Papua New Guinea,small_airport,"-9.461855, 147.920907"
EFG,Efogi Airport,Efogi,PG,Papua New Guinea,small_airport,"-9.15380555556, 147.659805556"
EGA,Engati Airstrip,Engati,PG,Papua New Guinea,small_airport,"-6.9179, 146.1053"
EMI,Emirau Airport,Emirau Island,PG,Papua New Guinea,small_airport,"-1.653949991, 149.9757667"
EMO,Emo River Airstrip,Emo Mission,PG,Papua New Guinea,small_airport,"-9.1234, 148.0415"
EMS,Embessa Airport,Embessa,PG,Papua New Guinea,small_airport,"-9.447, 148.7628"
EPT,Eliptamin Airport,Eliptamin,PG,Papua New Guinea,small_airport,"-5.0412, 141.6779"
ERE,Erave Airport,Erave,PG,Papua New Guinea,small_airport,"-6.60646315446, 143.900213242"
ERU,Erume Airport,Erume,PG,Papua New Guinea,small_airport,"-8.2538, 146.9747"
ESA,Esa'ala Airport,Esa'ala,PG,Papua New Guinea,small_airport,"-9.874327023180001, 150.954208374"
FAQ,Frieda River Airport,Frieda River,PG,Papua New Guinea,small_airport,"-4.610468, 141.960138"
FIN,Finschhafen Airport,Buki,PG,Papua New Guinea,small_airport,"-6.621750109, 147.85405"
FNE,Fane Airport,Fane Mission,PG,Papua New Guinea,small_airport,"-8.54927777778, 147.085833333"
FRQ,Feramin Airport,Feramin,PG,Papua New Guinea,small_airport,"-5.208, 141.6988"
FUB,Fulleborn Airport,Fulleborn,PG,Papua New Guinea,small_airport,"-6.1518, 150.6264"
FUM,Fuma Airport,Fuma,PG,Papua New Guinea,small_airport,"-6.3933, 142.4408"
GAP,Gusap Airport,Gusap,PG,Papua New Guinea,small_airport,"-6.053196, 145.959047"
GAR,Garaina Airport,Garaina,PG,Papua New Guinea,small_airport,"-7.875625, 147.141266"
GAZ,Guasopa Airport,Woodlark (Muyua) Island,PG,Papua New Guinea,small_airport,"-9.225918, 152.944352"
GBC,Gasuke Airport,Gasuke,PG,Papua New Guinea,small_airport,"-6.1028, 141.7393"
GBF,Negarbo(Negabo) Airport,Negarbo,PG,Papua New Guinea,small_airport,"-6.567778, 144.703058"
GEW,Gewoia Airport,Gewoia,PG,Papua New Guinea,small_airport,"-9.2263, 148.4949"
GKA,Goroka Airport,Goronka,PG,Papua New Guinea,medium_airport,"-6.081689834590001, 145.391998291"
GLP,Gulgubip Airport,Gulgubip,PG,Papua New Guinea,small_airport,"-5.2808, 141.5411"
GMI,Gasmata Island Airport,Gasmata Island,PG,Papua New Guinea,small_airport,"-6.27111005783, 150.330993652"
GOC,Gora Airstrip,Gora,PG,Papua New Guinea,small_airport,"-9.0021, 148.2364"
GOE,Gonaili Airport,Gonaili,PG,Papua New Guinea,small_airport,"-5.527716614, 151.5733333"
GRL,Garasa Airport,Au,PG,Papua New Guinea,small_airport,"-7.980713, 147.213461"
GUE,Guriaso (Keraso) Airport,Guriaso,PG,Papua New Guinea,small_airport,"-3.583167, 141.5895"
GUG,Guari Airport,Guari,PG,Papua New Guinea,small_airport,"-8.1286, 146.8722"
GUR,Gurney Airport,Gurney,PG,Papua New Guinea,medium_airport,"-10.3114995956, 150.333999634"
GUV,Mougulu Airport,Mougulu,PG,Papua New Guinea,small_airport,"-6.280859, 142.420775"
GVI,Green River Airport,Green River,PG,Papua New Guinea,small_airport,"-3.9022428989400004, 141.170516968"
HAZ,Hatzfeldhaven Airport,Hatzfeldhaven,PG,Papua New Guinea,small_airport,"-4.4033, 145.2056"
HBD,Habi Airport,Habi,PG,Papua New Guinea,small_airport,"-6.32, 142.4893"
HEO,Haelogo Airport,Haelogo,PG,Papua New Guinea,small_airport,"-9.13658, 147.598434"
HGU,Mount Hagen Kagamuga Airport,Mount Hagen,PG,Papua New Guinea,medium_airport,"-5.828212, 144.299412"
HIT,Haivaro Airport,Haivaro,PG,Papua New Guinea,small_airport,"-6.9406, 143.059"
HKN,Hoskins Airport,Kimbe,PG,Papua New Guinea,medium_airport,"-5.463846, 150.407327"
HNI,Heiweni Airport,Heiweni,PG,Papua New Guinea,small_airport,"-7.4223, 146.4276"
HNN,Honinabi Airport,Honinabi,PG,Papua New Guinea,small_airport,"-6.2457, 142.1771"
HOC,Komako Airport,Komako,PG,Papua New Guinea,small_airport,"-7.3984, 145.8827"
HWA,Hawabango Airport,Hawabango,PG,Papua New Guinea,small_airport,"-7.392994, 146.003487"
HYF,Hayfields Airport,Bainyik,PG,Papua New Guinea,small_airport,"-3.69838, 143.057902"
IAL,Ialibu Airport,Ialibu,PG,Papua New Guinea,small_airport,"-6.2782, 143.9944"
IBI,Iboki Airport,Iboki,PG,Papua New Guinea,small_airport,"-5.5536, 149.19"
IDN,Indagen Airport,Indagen,PG,Papua New Guinea,small_airport,"-6.22663, 147.244"
IHU,Ihu Airport,Ihu,PG,Papua New Guinea,small_airport,"-7.89756, 145.395996"
IIS,Nissan Island Airport,Nissan Island,PG,Papua New Guinea,small_airport,"-4.49972009659, 154.225997925"
IMA,Iamalele Airport,"Iamalele, Fergusson Island",PG,Papua New Guinea,small_airport,"-9.5107, 150.5246"
IMD,Imonda Airport,Imonda,PG,Papua New Guinea,small_airport,"-3.328, 141.1573"
IMN,Imane Airport,Imane,PG,Papua New Guinea,small_airport,"-6.7524, 146.1072"
IOK,Iokea Airport,Iokea,PG,Papua New Guinea,small_airport,"-8.401, 146.277"
IOP,Ioma Airport,Ioma,PG,Papua New Guinea,small_airport,"-8.3614, 147.84"
ITK,Itokama Airport,Itokama,PG,Papua New Guinea,small_airport,"-9.201527, 148.264261"
JAQ,Jacquinot Bay Airport,Jacquinot Bay,PG,Papua New Guinea,small_airport,"-5.6525, 151.507004"
JOP,Josephstaal Airport,Josephstaal,PG,Papua New Guinea,small_airport,"-4.74708333333, 145.007083333"
KAF,Karato Airport,Karato,PG,Papua New Guinea,small_airport,"-6.2655, 155.3052"
KAK,Kar Airport,Kar,PG,Papua New Guinea,small_airport,"-6.2452, 143.5516"
KAQ,Kamulai Airport,Kamulai Mission,PG,Papua New Guinea,small_airport,"-8.150694444440001, 146.834"
KBM,Kabwum,,PG,Papua New Guinea,small_airport,"-6.15547222222, 147.191472222"
KCJ,Komaio Airport,Komaio,PG,Papua New Guinea,small_airport,"-7.2714, 143.5952"
KDE,Koroba Airport,Koroba,PG,Papua New Guinea,small_airport,"-5.6952, 142.7441"
KDP,Kandep Airport,Kandep,PG,Papua New Guinea,small_airport,"-5.84061111111, 143.507222222"
KDQ,Kamberatoro Airport,Kamberatoro Mission,PG,Papua New Guinea,small_airport,"-3.600556, 141.051667"
KDR,Kandrian Airport,Kandrian,PG,Papua New Guinea,small_airport,"-6.19217, 149.54783"
KEG,Keglsugl Airport,Denglagu Mission,PG,Papua New Guinea,small_airport,"-5.83277777778, 145.097222222"
KEX,Kanabea Airport,Kanabea,PG,Papua New Guinea,small_airport,"-7.538888888890001, 145.905"
KGB,Konge Airport,Konge,PG,Papua New Guinea,small_airport,"-6.2239, 147.2152"
KGH,Yongai Airport,Yongai,PG,Papua New Guinea,small_airport,"-8.5289, 147.4603"
KGM,Kungim Airport,Kungim,PG,Papua New Guinea,small_airport,"-5.671, 141.03"
KGW,Kagi Airport,Kagi,PG,Papua New Guinea,small_airport,"-9.135916666670001, 147.669444444"
KIE,Aropa Airport,Kieta,PG,Papua New Guinea,small_airport,"-6.305417, 155.728139"
KII,Kibuli Airstrip,Kibuli,PG,Papua New Guinea,small_airport,"-9.006528, 142.698056"
KIQ,Kira Airport,Kira,PG,Papua New Guinea,small_airport,"-8.065111111110001, 147.332027778"
KKD,Kokoda Airport,Kokoda,PG,Papua New Guinea,small_airport,"-8.884679, 147.730957"
KMA,Kerema Airport,Kerema,PG,Papua New Guinea,medium_airport,"-7.96361017227, 145.770996094"
KMB,Koinambe Airport,Konambe,PG,Papua New Guinea,small_airport,"-5.4875, 144.606944"
KMF,Kamina Airport,Hoieti,PG,Papua New Guinea,small_airport,"-7.64925, 145.956944444"
KMR,Karimui Airport,Karimui,PG,Papua New Guinea,small_airport,"-6.4921, 144.823"
KNE,Kanainj Airport,Kanainj,PG,Papua New Guinea,small_airport,"-5.2903, 144.7072"
KOM,Komo-Manda Airport,Komo,PG,Papua New Guinea,small_airport,"-6.0682, 142.8598"
KOR,Kakoro(Koroko) Airstrip,Kakoro,PG,Papua New Guinea,small_airport,"-7.8346666666700004, 146.5335"
KPA,Kopiago Airport,Kopiago,PG,Papua New Guinea,small_airport,"-5.3883, 142.4977"
KPE,Yapsiei Airport,,PG,Papua New Guinea,small_airport,"-4.6280555555600005, 141.094166667"
KPF,Kondobol Airport,Kondobol,PG,Papua New Guinea,small_airport,"-8.5336, 142.5049"
KPL,Kapal Airport,Kapal,PG,Papua New Guinea,small_airport,"-8.630184, 142.823756"
KPM,Kompiam Airport,,PG,Papua New Guinea,small_airport,"-5.38166666667, 143.924722222"
KQL,Kol Airport,Kol,PG,Papua New Guinea,small_airport,"-5.73116666667, 144.846"
KRI,Kikori Airport,Kikori,PG,Papua New Guinea,small_airport,"-7.42438, 144.250076"
KRJ,Karawari Airstrip,Amboin,PG,Papua New Guinea,small_airport,"-4.59666666667, 143.5225"
KRU,Kerau Airport,Gunim,PG,Papua New Guinea,small_airport,"-8.271612, 147.071899"
KRX,Kar Kar Airport,Kar Kar Island,PG,Papua New Guinea,small_airport,"-4.557, 145.9404"
KSB,Kasonombe Airport,Kasonombe,PG,Papua New Guinea,small_airport,"-6.3819, 146.9859"
KSP,Kosipe Airport,Kosipe Mission,PG,Papua New Guinea,small_airport,"-8.450716, 147.209195"
KSX,Yasuru Airport,Yasuru,PG,Papua New Guinea,small_airport,"-6.6015, 146.1813"
KUP,Kupiano Airport,Kupiano,PG,Papua New Guinea,small_airport,"-10.0736, 148.218"
KUQ,Kuri Airport,Kuri,PG,Papua New Guinea,small_airport,"-7.135083, 143.276111"
KUX,Kuyol Airport,,PG,Papua New Guinea,small_airport,"-5.372361111110001, 141.623888889"
KUY,Kamusi Airport,Kamusi,PG,Papua New Guinea,small_airport,"-7.420347, 143.121811"
KVE,Kitava Airport,Kitava Island,PG,Papua New Guinea,small_airport,"-8.6285, 151.327"
KVG,Kavieng Airport,Kavieng,PG,Papua New Guinea,medium_airport,"-2.57940006256, 150.807998657"
KWO,Kawito Airport,Kawito,PG,Papua New Guinea,small_airport,"-7.977006912229999, 142.823577881"
KYX,Yalumet Airport,Yalumet,PG,Papua New Guinea,small_airport,"-6.09, 147.0117"
KZF,Kaintiba Airport,Kaintiba,PG,Papua New Guinea,small_airport,"-7.50025, 146.033833333"
LAB,Lab Lab Airport,Lab Lab Mission,PG,Papua New Guinea,small_airport,"-5.7204, 148.0566"
LAE,Nadzab Airport,Lae,PG,Papua New Guinea,medium_airport,"-6.569803, 146.725977"
LGN,Linga Linga Airport,Linga Linga,PG,Papua New Guinea,small_airport,"-5.5319444444400006, 149.734166667"
LMI,Lumi Airport,Lumi,PG,Papua New Guinea,small_airport,"-3.47683951134, 142.041292191"
LMY,Lake Murray Airport,Lake Murray,PG,Papua New Guinea,small_airport,"-7.00992012024, 141.494003296"
LNC,Lengbati Airport,,PG,Papua New Guinea,small_airport,"-6.384611111110001, 147.368638889"
LNF,Munbil Airport,,PG,Papua New Guinea,small_airport,"-4.855941, 141.220165"
LNG,Lese Airport,Lese,PG,Papua New Guinea,small_airport,"-8.2799, 146.2765"
LNM,Langimar Airport,,PG,Papua New Guinea,small_airport,"-7.22313888889, 146.227083333"
LNV,Londolovit Airport,Londolovit,PG,Papua New Guinea,small_airport,"-3.04361009598, 152.628997803"
LPN,Leron Plains Airport,Leron Plains,PG,Papua New Guinea,small_airport,"-6.3917, 146.3434"
LSA,Losuia Airport,Losuia,PG,Papua New Guinea,small_airport,"-8.505820274353027, 151.08099365234375"
LSJ,Long Island Airport,Long Island,PG,Papua New Guinea,small_airport,"-5.3604, 147.0177"
LTF,Leitre Airport,Leitre,PG,Papua New Guinea,small_airport,"-2.8337, 141.6257"
LWI,Lowai Airport,Lowai,PG,Papua New Guinea,small_airport,"-6.3344, 146.6458"
MAG,Madang Airport,Madang,PG,Papua New Guinea,medium_airport,"-5.20707988739, 145.789001465"
MAP,Mamai Airport,Mamai,PG,Papua New Guinea,small_airport,"-10.290833, 149.519167"
MAS,Momote Airport,Manus Island,PG,Papua New Guinea,medium_airport,"-2.06189, 147.423996"
MBV,Masa Airport,Masa,PG,Papua New Guinea,small_airport,"-6.345, 147.591"
MDM,Munduku Airport,Munduku,PG,Papua New Guinea,small_airport,"-4.6204, 143.4516"
MDU,Mendi Airport,Mendi,PG,Papua New Guinea,medium_airport,"-6.14774, 143.656998"
MFO,Manguna Airport,Manguna,PG,Papua New Guinea,small_airport,"-5.577778, 151.792333"
MFZ,Meselia Airport,Demgulu,PG,Papua New Guinea,small_airport,"-6.1364, 149.1183"
MGP,Manga Airport,Manga Mission,PG,Papua New Guinea,small_airport,"-4.147, 153.0186"
MHY,Morehead Airport,Morehead,PG,Papua New Guinea,small_airport,"-8.71411111111, 141.644444444"
MIS,Misima Island Airport,Misima Island,PG,Papua New Guinea,small_airport,"-10.689200401299999, 152.837997437"
MJJ,Moki Airport,Moki,PG,Papua New Guinea,small_airport,"-5.7181, 145.2404"
MKN,Malekolon Airport,Babase Island,PG,Papua New Guinea,small_airport,"-4.02343055556, 153.657277778"
MLQ,Malalaua Airport,Malalaua,PG,Papua New Guinea,small_airport,"-8.07138888889, 146.155472222"
MMV,Mal Airport,Mal Island,PG,Papua New Guinea,small_airport,"-1.39139, 144.17131"
MNP,Maron Island Airport,Hermit Islands,PG,Papua New Guinea,small_airport,"-1.550403, 145.017504"
MPF,Mapoda Airport,Mapoda,PG,Papua New Guinea,small_airport,"-7.979, 143.1694"
MPG,Makini Airport,Makini,PG,Papua New Guinea,small_airport,"-6.532222222220001, 147.651166667"
MPU,Mapua(Mabua) Airport,Tatau Island,PG,Papua New Guinea,small_airport,"-2.81138888889, 151.991111111"
MPX,Miyanmin Airport,Miyanmin,PG,Papua New Guinea,small_airport,"-4.903055555560001, 141.620833333"
MQO,Malam Airport,Malam,PG,Papua New Guinea,small_airport,"-8.70916666667, 142.649722222"
MRH,May River Airstrip,May River,PG,Papua New Guinea,small_airport,"-4.3615, 141.785"
MRM,Manari Airport,Manari,PG,Papua New Guinea,small_airport,"-9.1908, 147.6219"
MWG,Marawaka Airport,Marawaka,PG,Papua New Guinea,small_airport,"-6.9736, 145.8849"
MWI,Maramuni Airport,Maramuni,PG,Papua New Guinea,small_airport,"-5.13, 143.4829"
MWU,Mussau Airport,Mussau Island,PG,Papua New Guinea,small_airport,"-1.45, 149.7"
MXH,Moro Airport,Moro,PG,Papua New Guinea,small_airport,"-6.36332988739, 143.238006592"
MXK,Mindik Airport,Mindik,PG,Papua New Guinea,small_airport,"-6.47166666667, 147.441138889"
MYX,Menyamya Airport,Menyamya,PG,Papua New Guinea,small_airport,"-7.21166666667, 146.019361111"
MZN,Minj Airport,Minj,PG,Papua New Guinea,small_airport,"-5.902962, 144.686586"
NBA,Nambaiyufa Airport,Nambaiyufa,PG,Papua New Guinea,small_airport,"-6.2412, 145.2424"
NDI,Namudi Airport,Namudi,PG,Papua New Guinea,small_airport,"-9.47375, 148.329416667"
NDN,Nadunumu Airport,Nadunumu,PG,Papua New Guinea,small_airport,"-9.14355555556, 147.68425"
NIS,Simberi Airport,Simberi Island,PG,Papua New Guinea,small_airport,"-2.66222222222, 151.997777778"
NKN,Nankina Airport,Gwarawon,PG,Papua New Guinea,small_airport,"-5.837, 146.4533"
NMN,Nomane Airport,Namane,PG,Papua New Guinea,small_airport,"-6.32183, 145.070667"
NOM,Nomad River Airport,Nomad River,PG,Papua New Guinea,small_airport,"-6.294, 142.234167"
NOO,Naoro Airport,Naoro Vilage,PG,Papua New Guinea,small_airport,"-9.254455, 147.621352"
NPG,Nipa Airport,Nipa,PG,Papua New Guinea,small_airport,"-6.1454, 143.4531"
NUG,Nuguria Airstrip,Nuguria Island,PG,Papua New Guinea,small_airport,"-3.4075, 154.7383"
NWT,Nowata Airport,Nowata,PG,Papua New Guinea,small_airport,"-9.984166666669998, 149.729166667"
OBM,Morobe Airport,Morobe,PG,Papua New Guinea,small_airport,"-7.74, 147.59"
OBX,Obo Airport,Obo,PG,Papua New Guinea,small_airport,"-7.590622421369999, 141.324262619"
OGE,Ogeranang Airport,,PG,Papua New Guinea,small_airport,"-6.46675, 147.364166667"
OKP,Oksapmin Airport,Oksapmin,PG,Papua New Guinea,small_airport,"-5.2261, 142.2259"
OKV,Okao Airport,Okao,PG,Papua New Guinea,small_airport,"-5.55666666667, 141.032777778"
OLQ,Olsobip Airport,Olsobip,PG,Papua New Guinea,small_airport,"-5.3897222222200005, 141.515277778"
ONB,Ononge Airport,Onange Mission,PG,Papua New Guinea,small_airport,"-8.67436111111, 147.262416667"
OPB,Open Bay Airport,Maitanakunai,PG,Papua New Guinea,small_airport,"-4.794727, 151.696195"
OPU,Balimo Airport,Balimo,PG,Papua New Guinea,medium_airport,"-8.05000019073, 142.932998657"
OSE,Omora Airport,Omora,PG,Papua New Guinea,small_airport,"-7.82777777778, 147.080638889"
OSG,Ossima Airport,Ossima,PG,Papua New Guinea,small_airport,"-2.91555555556, 141.297305556"
PDI,Pindiu Airport,Pindiu,PG,Papua New Guinea,small_airport,"-6.445138888890001, 147.515833333"
PGB,Pangoa Airport,Pangoa,PG,Papua New Guinea,small_airport,"-7.0226, 141.5605"
PGE,Yegepa Airport,,PG,Papua New Guinea,small_airport,"-7.134444444440001, 146.156388889"
PGN,Pangia Airport,Pangia,PG,Papua New Guinea,small_airport,"-6.386, 144.1084"
PLE,Paiela Airport,Paiela,PG,Papua New Guinea,small_airport,"-5.372407, 142.975774"
PMN,Pumani Airport,Pumani,PG,Papua New Guinea,small_airport,"-9.7469, 149.4766"
PMP,Pimaga Airport,Pimaga,PG,Papua New Guinea,small_airport,"-6.49916666667, 143.510277778"
PNP,Girua Airport,Popondetta,PG,Papua New Guinea,medium_airport,"-8.80453968048, 148.309005737"
POM,Port Moresby Jacksons International Airport,Port Moresby,PG,Papua New Guinea,large_airport,"-9.443380355834961, 147.22000122070312"
PPX,Param Airport,Nepesi,PG,Papua New Guinea,small_airport,"-9.99, 149.477"
PUA,Puas Airport,Puas Mission,PG,Papua New Guinea,small_airport,"-2.395, 150.2361"
RAA,Rakanda Airport,Rakanda,PG,Papua New Guinea,small_airport,"-4.2096, 152.4385"
RAB,Tokua Airport,Kokopo,PG,Papua New Guinea,medium_airport,"-4.34046, 152.380005"
RAW,Arawa Airport,Arawa,PG,Papua New Guinea,small_airport,"-6.220556, 155.571389"
RAX,Oram Airport,,PG,Papua New Guinea,small_airport,"-9.632916666669997, 148.048055556"
RBP,Raba Raba Airport,Rabaraba,PG,Papua New Guinea,small_airport,"-9.97111111111, 149.832222222"
RKU,Kairuku Airport,Yule Island,PG,Papua New Guinea,small_airport,"-8.817000054, 146.5243833"
RMN,Rumginae Airport,,PG,Papua New Guinea,small_airport,"-5.89722222222, 141.271666667"
RUU,Ruti Airport,Kawbenaberi,PG,Papua New Guinea,small_airport,"-5.334444444440001, 144.256666667"
SAM,Salamo Airport,Salamo,PG,Papua New Guinea,small_airport,"-9.6701, 150.7903"
SBC,Selbang Airport,Selbang,PG,Papua New Guinea,small_airport,"-5.315, 141.752"
SBE,Suabi Airport,,PG,Papua New Guinea,small_airport,"-6.10444444444, 142.278333333"
SBV,Sabah Airport,Sabah,PG,Papua New Guinea,small_airport,"-5.5765, 155.0489"
SDI,Saidor Airport,Saidor,PG,Papua New Guinea,small_airport,"-5.62713888889, 146.462777778"
SFU,Safia Airport,Safia,PG,Papua New Guinea,small_airport,"-9.59305555556, 148.636111111"
SGK,Sengapi Airstrip,Sengapi,PG,Papua New Guinea,small_airport,"-5.12583333333, 144.323611111"
SIL,Sila Airport,Sila Mission,PG,Papua New Guinea,small_airport,"-9.07355555556, 148.38925"
SIM,Simbai Airport,Simbai,PG,Papua New Guinea,small_airport,"-5.278611111110001, 144.544722222"
SIZ,Sissano Airport,Sissano,PG,Papua New Guinea,small_airport,"-2.99944444444, 142.0445"
SKC,Suki Airport,Suki,PG,Papua New Guinea,small_airport,"-8.0466, 141.7222"
SMH,Sapmanga Airport,Sapmanga,PG,Papua New Guinea,small_airport,"-6.075277777779999, 146.811111111"
SMJ,Sim Airport,Sim,PG,Papua New Guinea,small_airport,"-7.75, 146.9273"
SMP,Stockholm Landing Strip,Stockholm,PG,Papua New Guinea,small_airport,"-4.35, 151.55"
SPH,Sopu Airport,Sopu,PG,Papua New Guinea,small_airport,"-8.3038, 147.1659"
SPV,Sepik Plains Airport,Sepik Plains,PG,Papua New Guinea,small_airport,"-3.8821, 143.6734"
SQT,China Strait Airstrip,Samarai Island,PG,Papua New Guinea,small_airport,"-10.5627777778, 150.690694444"
SSS,Siassi Airport,Siassi,PG,Papua New Guinea,small_airport,"-5.5965, 147.8106"
SWE,Siwea Airport,Siwea,PG,Papua New Guinea,small_airport,"-6.284181, 147.582371"
SWG,Satwag Airport,Satwag,PG,Papua New Guinea,small_airport,"-6.13955555556, 147.279166667"
SWR,Silur Airport,Silur Mission,PG,Papua New Guinea,small_airport,"-4.5298888888899995, 153.054444444"
SXA,Sialum Airport,Sialum,PG,Papua New Guinea,small_airport,"-6.0908, 147.5955"
SXH,Sehulea Airport,Sehulea,PG,Papua New Guinea,small_airport,"-9.96452777778, 151.161861111"
SXW,Sauren Airport,Sauren,PG,Papua New Guinea,small_airport,"-5.9701, 148.8543"
TAJ,Tadji Airport,Aitape,PG,Papua New Guinea,small_airport,"-3.198192, 142.430964"
TBE,Timbunke Airport,Timbunke,PG,Papua New Guinea,small_airport,"-4.196633, 143.519222"
TBG,Tabubil Airport,Tabubil,PG,Papua New Guinea,small_airport,"-5.280471, 141.227576"
TBQ,Tarabo Airport,Tarabo,PG,Papua New Guinea,small_airport,"-6.46666666667, 145.532222222"
TCJ,Torembi Airport,Torembi,PG,Papua New Guinea,small_airport,"-4.0165, 143.1329"
TCK,Tinboli Airport,Tinboli,PG,Papua New Guinea,small_airport,"-4.0949, 143.3838"
TDB,Tetebedi Airport,Tetebedi,PG,Papua New Guinea,small_airport,"-9.1586, 148.0686"
TDS,Sasereme Airport,Sasereme,PG,Papua New Guinea,small_airport,"-7.6217, 142.868"
TEO,Terapo Airport,Terapo Mission,PG,Papua New Guinea,small_airport,"-8.16972222222, 146.194444444"
TEP,Tep Tep Airport,Teptep,PG,Papua New Guinea,small_airport,"-5.9553, 146.5595"
TFB,Tifalmin Airport,Tifalmin,PG,Papua New Guinea,small_airport,"-5.117249, 141.418076"
TFI,Tufi Airport,Tufi,PG,Papua New Guinea,small_airport,"-9.07595443726, 149.319839478"
TFM,Telefomin Airport,Telefomin,PG,Papua New Guinea,small_airport,"-5.12608, 141.641922"
TGL,Tagula Airport,Sudest Island,PG,Papua New Guinea,small_airport,"-11.3311111111, 153.202916667"
TIZ,Tari Airport,Tari,PG,Papua New Guinea,small_airport,"-5.845, 142.947998"
TKB,Tekadu Airport,Tekadu,PG,Papua New Guinea,small_airport,"-7.6808, 146.5503"
TKW,Tekin Airport,Tekin,PG,Papua New Guinea,small_airport,"-5.243667, 142.165194"
TLO,Tol Airport,Tol,PG,Papua New Guinea,small_airport,"-4.98083019257, 152.009994507"
TLP,Tumolbil Airport,Tumolbil,PG,Papua New Guinea,small_airport,"-4.7748, 141.0133"
TLW,Talasea Airport,Talasea,PG,Papua New Guinea,small_airport,"-5.2726, 150.0089"
TOK,Torokina Airport,Torokina,PG,Papua New Guinea,small_airport,"-6.2015, 155.063"
TON,Tonu Airport,Tonu,PG,Papua New Guinea,small_airport,"-6.6552, 155.4326"
TPI,Tapini Airport,Tapini,PG,Papua New Guinea,small_airport,"-8.35666666667, 146.989166667"
TRJ,Tarakbits Airport,Tarakbits,PG,Papua New Guinea,small_airport,"-5.614, 141.0421"
TSI,Tsile Tsile Airport,Tsile Tsile,PG,Papua New Guinea,small_airport,"-6.8498, 146.3554"
TSW,Tsewi Airport,Tsewi,PG,Papua New Guinea,small_airport,"-7.0695, 146.1272"
TWY,Tawa Airport,Tawa,PG,Papua New Guinea,small_airport,"-7.4463, 146.1067"
UAE,Mount Aue Airport,Aue,PG,Papua New Guinea,small_airport,"-6.229978, 144.664181"
UBI,Buin Airport,Buin,PG,Papua New Guinea,small_airport,"-6.72916666667, 155.683333333"
UKU,Nuku Airport,Nuku,PG,Papua New Guinea,small_airport,"-3.676651, 142.484334"
ULE,Sule Airport,Sule,PG,Papua New Guinea,small_airport,"-4.974720001220703, 151.2969970703125"
UMC,Umba Airport,Umba,PG,Papua New Guinea,small_airport,"-7.0214, 145.966"
UNG,Kiunga Airport,Kiunga,PG,Papua New Guinea,small_airport,"-6.1257100105285645, 141.28199768066406"
UPR,Upiara Airport,Upiara,PG,Papua New Guinea,small_airport,"-8.5411, 142.6503"
URU,Uroubi Airport,Uroubi,PG,Papua New Guinea,small_airport,"-9.5162, 148.5591"
UUU,Manumu Airport,Manumu,PG,Papua New Guinea,small_airport,"-9.0746, 147.5735"
UVO,Uvol Airport,Uvol,PG,Papua New Guinea,small_airport,"-6.0178, 150.9557"
VAI,Vanimo Airport,Vanimo,PG,Papua New Guinea,medium_airport,"-2.6926, 141.3028"
VIV,Vivigani Airfield,Vivigani,PG,Papua New Guinea,small_airport,"-9.30333333333, 150.318888889"
VMU,Baimuru Airport,Baimuru,PG,Papua New Guinea,medium_airport,"-7.49686002731, 144.819900513"
WAJ,Wawoi Falls Airport,Wavoi Falls,PG,Papua New Guinea,small_airport,"-6.9523, 142.6557"
WAO,Wabo Airport,Wabo,PG,Papua New Guinea,small_airport,"-6.98944444444, 145.075111111"
WBC,Wapolu Airport,Wapolu,PG,Papua New Guinea,small_airport,"-9.3376, 150.5093"
WBM,Wapenamanda Airport,Wapenamanda,PG,Papua New Guinea,medium_airport,"-5.635293, 143.892231"
WED,Wedau Airport,Wedau,PG,Papua New Guinea,small_airport,"-10.0954, 150.0826"
WEP,Weam Airport,Weam,PG,Papua New Guinea,small_airport,"-8.6184, 141.1381"
WIU,Witu Airport,Garove Island,PG,Papua New Guinea,small_airport,"-4.689522, 149.440112"
WKN,Wakunai Airport,Wakunai,PG,Papua New Guinea,small_airport,"-5.8603, 155.2223"
WLU,Walluanda Airport,Puri,PG,Papua New Guinea,small_airport,"-6.475161, 143.987222"
WNU,Wanuma Airport,Wanuma,PG,Papua New Guinea,small_airport,"-4.8961, 145.3213"
WOA,Wonenara Airport,Wonenara,PG,Papua New Guinea,small_airport,"-6.796861111110001, 145.891944444"
WPM,Wipim Airport,Wipim,PG,Papua New Guinea,small_airport,"-8.78822, 142.882004"
WSA,Wasua Airport,Wasua,PG,Papua New Guinea,small_airport,"-8.2836, 142.8697"
WSU,Wasu Airport,Wasu,PG,Papua New Guinea,small_airport,"-5.96170944919, 147.19822526"
WTP,Woitape Airport,Fatima Mission,PG,Papua New Guinea,small_airport,"-8.545833, 147.2525"
WTT,Wantoat Airport,Wantoat,PG,Papua New Guinea,small_airport,"-6.1325, 146.467777778"
WUG,Wau Airport,Wau,PG,Papua New Guinea,small_airport,"-7.345556, 146.718611"
WUM,Wasum Airport,Wasum,PG,Papua New Guinea,small_airport,"-6.0491, 149.337"
WUV,Wuvulu Island Airport,Wuvulu Island,PG,Papua New Guinea,small_airport,"-1.73611111111, 142.836666667"
WWK,Wewak International Airport,Wewak,PG,Papua New Guinea,medium_airport,"-3.58383011818, 143.669006348"
XBN,Biniguni Airport,Biniguni,PG,Papua New Guinea,small_airport,"-9.6425, 149.303889"
XYR,Edwaki Airport,Yellow River Mission,PG,Papua New Guinea,small_airport,"-3.883986, 141.792234"
YEQ,Yenkis(Yankisa) Airport,,PG,Papua New Guinea,small_airport,"-5.10972222222, 143.917666667"
YVD,Yeva Airport,Yeva,PG,Papua New Guinea,small_airport,"-7.548, 146.188"
ZEN,Zenag Airport,Zenag,PG,Papua New Guinea,small_airport,"-6.9522222222200005, 146.61625"
AAV,Allah Valley Airport,Surallah,PH,Philippines,medium_airport,"6.367903, 124.752431"
BAG,Loakan Airport,Baguio,PH,Philippines,medium_airport,"16.375034, 120.619949"
BCD,Bacolod-Silay Airport,Bacolod City,PH,Philippines,medium_airport,"10.7764, 123.014999"
BPA,Borongan Airport,Borongan City,PH,Philippines,small_airport,"11.674262, 125.479259"
BPH,Bislig Airport,Bislig,PH,Philippines,medium_airport,"8.195052, 126.321015"
BQA,Dr Juan C Angara Airport,Baler,PH,Philippines,medium_airport,"15.729309, 121.500034"
BSI,Balesin Island Airport,Balesin,PH,Philippines,small_airport,"14.419365, 122.039402"
BSO,Basco Airport,Basco,PH,Philippines,medium_airport,"20.4513, 121.980003"
BXU,Bancasi Airport,Butuan,PH,Philippines,medium_airport,"8.9515, 125.4788"
CBO,Cotabato (Awang) Airport,Datu Odin Sinsuat,PH,Philippines,medium_airport,"7.164753, 124.209938"
CDY,Cagayan de Sulu Airport,Mapun,PH,Philippines,small_airport,"7.014, 118.496002"
CEB,Mactan Cebu International Airport,Lapu-Lapu City,PH,Philippines,large_airport,"10.309261, 123.97974"
CGG,Casiguran Airport,Casiguran,PH,Philippines,small_airport,"16.1941, 122.0651"
CGM,Camiguin Airport,Mambajao,PH,Philippines,medium_airport,"9.253894, 124.709115"
CGY,Laguindingan International Airport,Laguindingan,PH,Philippines,medium_airport,"8.612203, 124.456496"
CRK,Clark International Airport / Clark Air Base,Mabalacat,PH,Philippines,medium_airport,"15.186, 120.559998"
CRM,Catarman National Airport,Catarman,PH,Philippines,medium_airport,"12.50161, 124.635258"
CUJ,Culion Airport,Culion,PH,Philippines,small_airport,"11.8553, 119.9378"
CYP,Calbayog Airport,Calbayog City,PH,Philippines,medium_airport,"12.072574, 124.54508"
CYU,Cuyo Airport,Cuyo,PH,Philippines,small_airport,"10.8581, 121.069"
CYZ,Cauayan Airport,Cauayan City,PH,Philippines,medium_airport,"16.9298992157, 121.752998352"
DGT,Sibulan Airport,Dumaguete City,PH,Philippines,medium_airport,"9.334183, 123.30191"
DPL,Dipolog Airport,Dipolog,PH,Philippines,medium_airport,"8.601983, 123.341875"
DRP,Bicol International Airport,Legazpi,PH,Philippines,medium_airport,"13.111915, 123.676829"
DSG,Dilasag Airport,Dilasag,PH,Philippines,small_airport,"16.445833333299998, 122.206805556"
DTE,Daet Airport,Daet,PH,Philippines,medium_airport,"14.1292, 122.980003"
DVO,Francisco Bangoy International Airport,Davao,PH,Philippines,large_airport,"7.12552, 125.646004"
ENI,El Nido Airport,El Nido,PH,Philippines,small_airport,"11.202399, 119.416087"
EUQ,Evelio Javier Airport,San Jose,PH,Philippines,medium_airport,"10.766644, 121.932506"
GES,General Santos International Airport,General Santos,PH,Philippines,medium_airport,"6.05800008774, 125.096000671"
IAO,Siargao Airport,Del Carmen,PH,Philippines,small_airport,"9.8591, 126.014"
ICO,Sicogon Airstrip,Carles,PH,Philippines,small_airport,"11.4595, 123.2506"
IGN,Maria Cristina (Iligan) Airport,Balo-i,PH,Philippines,small_airport,"8.13049, 124.214996"
ILO,Iloilo International Airport,Cabatuan,PH,Philippines,medium_airport,"10.833017, 122.493358"
IPE,Ipil Airport,Ipil,PH,Philippines,small_airport,"7.784898, 122.6015"
JOL,Jolo Airport,Jolo,PH,Philippines,medium_airport,"6.05367, 121.011002"
KLO,Kalibo International Airport,Kalibo,PH,Philippines,medium_airport,"11.679400444, 122.375999451"
LAO,Laoag International Airport,Laoag City,PH,Philippines,medium_airport,"18.176121, 120.531034"
LBX,Lubang Airport,Lubang,PH,Philippines,medium_airport,"13.8554, 120.105003"
LLC,Cagayan North International Airport,Lal-lo,PH,Philippines,medium_airport,"18.182388, 121.745853"
LWA,Lebak Rural Airport,Lebak,PH,Philippines,small_airport,"6.6739, 124.0581"
MBO,Mamburao Airport,Mamburao,PH,Philippines,medium_airport,"13.208048, 120.605457"
MBT,Moises R. Espinosa Airport,Masbate,PH,Philippines,medium_airport,"12.369682, 123.630095"
MLP,Malabang Airport,Malabang,PH,Philippines,small_airport,"7.616911, 124.057961"
MNL,Ninoy Aquino International Airport,Manila (Pasay),PH,Philippines,large_airport,"14.5086, 121.019997"
MPH,Godofredo P. Ramos Airport,Caticlan,PH,Philippines,medium_airport,"11.9245, 121.954002"
MRQ,Marinduque Airport,Gasan,PH,Philippines,medium_airport,"13.361000061035156, 121.82599639892578"
MXI,Mati National Airport,Mati,PH,Philippines,medium_airport,"6.949091, 126.27368"
OMC,Ormoc Airport,Ormoc City,PH,Philippines,medium_airport,"11.057715, 124.565622"
OZC,Labo Airport,Ozamiz,PH,Philippines,medium_airport,"8.17851, 123.842003"
PAG,Pagadian Airport,Pagadian,PH,Philippines,medium_airport,"7.825632, 123.459635"
PPS,Puerto Princesa International Airport / PAF Antonio Bautista Air Base,Puerto Princesa,PH,Philippines,medium_airport,"9.74212, 118.759003"
RXS,Roxas Airport,Roxas City,PH,Philippines,medium_airport,"11.597700119018555, 122.75199890136719"
RZP,Cesar Lim Rodriguez (Taytay-Sandoval) Airport,Taytay,PH,Philippines,small_airport,"11.05065, 119.519266"
SFE,San Fernando Airport,San Fernando,PH,Philippines,medium_airport,"16.5956, 120.303001"
SFS,Subic Bay International Airport / Naval Air Station Cubi Point,Olongapo,PH,Philippines,medium_airport,"14.7944, 120.271004"
SGL,Danilo Atienza Air Base,Cavite,PH,Philippines,medium_airport,"14.4954, 120.903999"
SJI,San Jose Airport,San Jose,PH,Philippines,medium_airport,"12.361499786399998, 121.04699707"
SUG,Surigao Airport,Surigao City,PH,Philippines,medium_airport,"9.755838325629998, 125.480947495"
SWL,San Vicente Airport,San Vicente,PH,Philippines,small_airport,"10.524298, 119.272899"
TAC,Daniel Z. Romualdez Airport,Tacloban City,PH,Philippines,medium_airport,"11.227761, 125.027783"
TAG,Bohol-Panglao International Airport,Panglao,PH,Philippines,medium_airport,"9.573045, 123.770143"
TBH,Tugdan Airport,Tablas Island,PH,Philippines,medium_airport,"12.3109998703, 122.084999084"
TDG,Tandag Airport,Tandag,PH,Philippines,medium_airport,"9.072002, 126.17132"
TGB,Tagbita Airstrip,Rizal,PH,Philippines,small_airport,"8.71491, 117.35259"
TUG,Tuguegarao Airport,Tuguegarao City,PH,Philippines,medium_airport,"17.6433676823, 121.733150482"
TWT,Sanga Sanga Airport,Bongao,PH,Philippines,medium_airport,"5.048196, 119.743338"
USU,Francisco B. Reyes (Busuanga) Airport,Coron,PH,Philippines,medium_airport,"12.121865, 120.100801"
VRC,Virac Airport,Virac,PH,Philippines,medium_airport,"13.576399803161621, 124.20600128173828"
WNP,Naga Airport,Naga,PH,Philippines,medium_airport,"13.58489990234375, 123.2699966430664"
XMA,Maramag Airport,Maramag,PH,Philippines,small_airport,"7.7538, 125.0333"
XSO,Siocon Airport,Siocon,PH,Philippines,small_airport,"7.710035, 122.161989"
ZAM,Zamboanga International Airport,Zamboanga,PH,Philippines,medium_airport,"6.92242, 122.059998"
ATG,Minhas Air Base,Kamra,PK,Pakistan,medium_airport,"33.8690986633, 72.4009017944"
BDN,Talhar Airport,Badin,PK,Pakistan,small_airport,"24.84149932861328, 68.8384017944336"
BHC,Bhurban Heliport,Bhurban,PK,Pakistan,small_airport,"33.96099853515625, 73.4520034790039"
BHV,Bahawalpur Airport,Bahawalpur,PK,Pakistan,medium_airport,"29.348100662231445, 71.71800231933594"
BHW,Bhagatanwala Airport,Bhagatanwala,PK,Pakistan,small_airport,"32.056098938, 72.94840240479999"
BNP,Bannu Airport,Bannu,PK,Pakistan,small_airport,"32.9729, 70.527901"
CHB,Chilas Airport,Chilas,PK,Pakistan,small_airport,"35.426700592, 74.081703186"
CJL,Chitral Airport,Chitral,PK,Pakistan,medium_airport,"35.886213, 71.799922"
CWP,Campbellpore Airport,Campbellpore,PK,Pakistan,small_airport,"33.766700744628906, 72.36689758300781"
DBA,Dalbandin Airport,Dalbandin,PK,Pakistan,small_airport,"28.878299713100002, 64.3998031616"
DDU,Dadu West Airport,Dadu,PK,Pakistan,small_airport,"26.740800857543945, 67.6666030883789"
DEA,Dera Ghazi Khan Airport,Dera Ghazi Khan,PK,Pakistan,medium_airport,"29.961000442504883, 70.48590087890625"
DSK,Dera Ismael Khan Airport,Dera Ismael Khan,PK,Pakistan,medium_airport,"31.909401, 70.896599"
GIL,Gilgit Airport,Gilgit,PK,Pakistan,medium_airport,"35.918800354003906, 74.33360290527344"
GRT,Gujrat Airport,Gujrat,PK,Pakistan,small_airport,"32.62826, 74.067287"
GWD,New Gwadar International Airport,Gurandani,PK,Pakistan,medium_airport,"25.296733, 62.498822"
HDD,Hyderabad Airport,Hyderabad,PK,Pakistan,small_airport,"25.3181, 68.366096"
ISB,Islamabad International Airport,Attock,PK,Pakistan,large_airport,"33.549, 72.82566"
JAG,Shahbaz Air Base,Jacobabad,PK,Pakistan,medium_airport,"28.28420066833496, 68.44969940185547"
KCF,Kadanwari Airport,Kadanwari,PK,Pakistan,small_airport,"27.1667003632, 69.31670379639999"
KDD,Khuzdar Airport,Khuzdar,PK,Pakistan,small_airport,"27.790599823, 66.6473007202"
KDU,Skardu Airport,Skardu,PK,Pakistan,medium_airport,"35.33549880981445, 75.53600311279297"
KHI,Jinnah International Airport,Karachi,PK,Pakistan,large_airport,"24.9065, 67.160797"
LHE,Allama Iqbal International Airport,Lahore,PK,Pakistan,large_airport,"31.521601, 74.403603"
LRG,Loralai Airport,Loralai,PK,Pakistan,small_airport,"30.355499267578125, 68.6135025024414"
LYP,Faisalabad International Airport,Faisalabad,PK,Pakistan,medium_airport,"31.364999771118164, 72.99479675292969"
MFG,Muzaffarabad Airport,Muzaffarabad,PK,Pakistan,medium_airport,"34.339001, 73.508598"
MJD,Moenjodaro Airport,Moenjodaro,NA,Namibia,medium_airport,"27.335199, 68.143097"
MPD,Sindhri Tharparkar Airport,Sindhri,PK,Pakistan,small_airport,"25.68280029296875, 69.07279968261719"
MUX,Multan International Airport,Multan,PK,Pakistan,medium_airport,"30.20319938659668, 71.41909790039062"
MWD,Mianwali Air Base,Mianwali,PK,Pakistan,medium_airport,"32.5630989074707, 71.5707015991211"
OHT,Kohat Airport,Kohat,PK,Pakistan,small_airport,"33.5699996948, 71.4400024414"
ORW,Ormara Airport,Ormara Raik,PK,Pakistan,small_airport,"25.276625, 64.588343"
PAJ,Parachinar Airport,Parachinar,PK,Pakistan,small_airport,"33.9021, 70.071602"
PEW,Peshawar International Airport,Peshawar,PK,Pakistan,medium_airport,"33.993900299072266, 71.51460266113281"
PJG,Panjgur Airport,Panjgur,PK,Pakistan,medium_airport,"26.9545, 64.1325"
PSI,Pasni Airport,Pasni,PK,Pakistan,medium_airport,"25.290501, 63.3451"
PZH,Zhob Airport,Fort Sandeman,PK,Pakistan,medium_airport,"31.358400344848633, 69.4636001586914"
RAZ,Rawalakot Airport,Rawalakot,PK,Pakistan,medium_airport,"33.849701, 73.798103"
REQ,Reko Diq Airport,Chagai,PK,Pakistan,small_airport,"29.04692, 62.196819"
RYK,Shaikh Zaid Airport,Rahim Yar Khan,PK,Pakistan,medium_airport,"28.383899688720703, 70.27960205078125"
RZS,Sawan Airport,Sawan Gas Field,PK,Pakistan,small_airport,"26.9662, 68.878098"
SBQ,Sibi Airport,Sibi,PK,Pakistan,small_airport,"29.571199, 67.8479"
SDT,Saidu Sharif Airport,Saidu Sharif,PK,Pakistan,medium_airport,"34.813599, 72.352798"
SGI,Mushaf Air Base,Sargodha,PK,Pakistan,medium_airport,"32.04859924316406, 72.66500091552734"
SKT,Sialkot International Airport,Sialkot,PK,Pakistan,medium_airport,"32.535557, 74.363892"
SKZ,Sukkur Airport,Mirpur Khas,PK,Pakistan,medium_airport,"27.722000122070312, 68.79170227050781"
SUL,Sui Airport,Sui,PK,Pakistan,medium_airport,"28.645099639892578, 69.1769027709961"
SYW,Sehwan Sharif Airport,Sehwan Sharif,PK,Pakistan,medium_airport,"26.473101, 67.717201"
TFT,Taftan Airport,Taftan,PK,Pakistan,small_airport,"28.96419906616211, 61.595401763916016"
TLB,Tarbela Dam Airport,Tarbela,PK,Pakistan,small_airport,"33.9860992432, 72.61139678960001"
TUK,Turbat International Airport,Turbat,PK,Pakistan,medium_airport,"25.986400604248047, 63.03020095825195"
UET,Quetta International Airport,Quetta,PK,Pakistan,medium_airport,"30.251399993896484, 66.93779754638672"
WAF,Wana Airport,Waana,PK,Pakistan,small_airport,"32.3046989440918, 69.57039642333984"
WGB,Bahawalnagar Airport,Bahawalnagar,PK,Pakistan,small_airport,"29.946300506591797, 73.24909973144531"
WNS,Shaheed Benazirabad Airport,Nawabashah,PK,Pakistan,medium_airport,"26.2194, 68.390099"
XJM,Mangla Airport,Mangla,PK,Pakistan,medium_airport,"33.05009841918945, 73.63839721679688"
BZG,Bydgoszcz Ignacy Jan Paderewski Airport,Bydgoszcz,PL,Poland,medium_airport,"53.096802, 17.977699"
CZW,Częstochowa-Rudniki Airport,Rudniki,PL,Poland,small_airport,"50.884716, 19.201842"
GDN,Gdańsk Lech Wałęsa Airport,Gdańsk,PL,Poland,large_airport,"54.377602, 18.4662"
IEG,Zielona Góra-Babimost Airport,Nowe Kramsko,PL,Poland,medium_airport,"52.1385, 15.7986"
KRK,Kraków John Paul II International Airport,Balice,PL,Poland,large_airport,"50.077702, 19.7848"
KTW,Katowice Wojciech Korfanty International Airport,Katowice,PL,Poland,medium_airport,"50.476015, 19.080705"
LCJ,Łódź Władysław Reymont Airport,Łódź,PL,Poland,medium_airport,"51.721901, 19.3981"
LUZ,Lublin Airport,Lublin,PL,Poland,medium_airport,"51.240157, 22.713461"
POZ,Poznań-Ławica Airport,Poznań,PL,Poland,medium_airport,"52.421598, 16.823359"
RDO,Warsaw Radom Airport,Radom,PL,Poland,medium_airport,"51.38937, 21.214742"
RZE,Rzeszów-Jasionka Airport,Jasionka,PL,Poland,medium_airport,"50.109791, 22.024155"
SZY,Olsztyn-Mazury Airport,Szymany,PL,Poland,medium_airport,"53.481899, 20.9377"
SZZ,Solidarity Szczecin–Goleniów Airport,Glewice,PL,Poland,medium_airport,"53.584702, 14.9022"
WAW,Warsaw Chopin Airport,Warsaw,PL,Poland,large_airport,"52.165699, 20.9671"
WMI,Modlin Airport,Nowy Dwór Mazowiecki,PL,Poland,medium_airport,"52.451099, 20.6518"
WRO,Copernicus Wrocław Airport,Wrocław,PL,Poland,medium_airport,"51.103719, 16.882096"
FSP,St Pierre Airport,Saint-Pierre,PM,Saint Pierre and Miquelon,medium_airport,"46.762901306152344, -56.173099517822266"
MQC,Miquelon Airport,Miquelon,PM,Saint Pierre and Miquelon,small_airport,"47.095501, -56.380299"
ARE,Antonio Nery Juarbe Pol Airport,Arecibo,PR,Puerto Rico,medium_airport,"18.45085, -66.675768"
BQN,Rafael Hernández International Airport,Aguadilla,PR,Puerto Rico,medium_airport,"18.4949, -67.129402"
CPX,Benjamin Rivera Noriega Airport,Culebra,PR,Puerto Rico,medium_airport,"18.312954, -65.303893"
HUC,Dr Hermenegildo Ortiz Quinones Airport,Humacao,PR,Puerto Rico,small_airport,"18.138082, -65.800728"
MAZ,Eugenio Maria De Hostos Airport,Mayaguez,PR,Puerto Rico,medium_airport,"18.255699157714844, -67.14849853515625"
NRR,José Aponte de la Torre Airport,Ceiba,PR,Puerto Rico,medium_airport,"18.2453, -65.643402"
PSE,Mercedita Airport,Ponce,PR,Puerto Rico,medium_airport,"18.00830078125, -66.56300354003906"
SIG,Fernando Luis Ribas Dominicci Airport,San Juan,PR,Puerto Rico,medium_airport,"18.45680046081543, -66.09809875488281"
SJU,Luis Munoz Marin International Airport,San Juan,PR,Puerto Rico,large_airport,"18.4394, -66.001801"
VQS,Antonio Rivera Rodriguez Airport,Vieques,PR,Puerto Rico,medium_airport,"18.1348, -65.493599"
AVR,Alverca Air Base,Vila Franca de Xira,PT,Portugal,medium_airport,"38.883301, -9.0301"
BGC,Bragança Airport,Bragança,PT,Portugal,medium_airport,"41.8578, -6.70713"
BGZ,Braga Municipal Aerodrome,Braga,PT,Portugal,medium_airport,"41.5871009827, -8.445139884949999"
BYJ,Beja Airport / Airbase,Beja,PT,Portugal,medium_airport,"38.078899, -7.9324"
CAT,Cascais Airport,Cascais,PT,Portugal,medium_airport,"38.724998, -9.35523"
CBP,Aerodromo Municipal de Coimbra,Coimbra,PT,Portugal,medium_airport,"40.158758, -8.470815"
CHV,Aerodromo de Chaves,Chaves,PT,Portugal,small_airport,"41.722356, -7.463064"
CVU,Corvo Airport,Corvo,PT,Portugal,small_airport,"39.671501, -31.1136"
FAO,Faro Airport,Faro,PT,Portugal,large_airport,"37.0144004822, -7.96590995789"
FLW,Flores Airport,Santa Cruz das Flores,PT,Portugal,medium_airport,"39.455299377441406, -31.131399154663086"
FNC,Madeira International Airport Cristiano Ronaldo,Funchal,PT,Portugal,large_airport,"32.697899, -16.7745"
GRW,Graciosa Airport,Santa Cruz da Graciosa,PT,Portugal,medium_airport,"39.092201232910156, -28.029800415039062"
HOR,Horta Airport,Horta,PT,Portugal,medium_airport,"38.519901275634766, -28.715900421142578"
LIS,Lisbon Humberto Delgado Airport,Lisbon,PT,Portugal,large_airport,"38.7813, -9.13592"
OPO,Francisco de Sá Carneiro Airport,Porto,PT,Portugal,large_airport,"41.2481002808, -8.68138980865"
PDL,João Paulo II Airport,Ponta Delgada,PT,Portugal,large_airport,"37.7411994934, -25.6979007721"
PIX,Pico Airport,Pico Island,PT,Portugal,medium_airport,"38.554298, -28.441299"
PRM,Portimão Airport,Portimão,PT,Portugal,medium_airport,"37.1493, -8.58396"
PXO,Porto Santo Airport,Vila Baleira,PT,Portugal,medium_airport,"33.0733985901, -16.3500003815"
QLR,Monte Real Air Base,,PT,Portugal,medium_airport,"39.828335, -8.8875"
SJZ,São Jorge Airport,Velas,PT,Portugal,medium_airport,"38.665501, -28.1758"
SMA,Santa Maria Airport,Vila do Porto,PT,Portugal,medium_airport,"36.97140121459961, -25.17060089111328"
TER,Lajes Airport,Praia da Vitória,PT,Portugal,medium_airport,"38.761799, -27.090799"
VRL,Vila Real Airport,Vila Real,PT,Portugal,medium_airport,"41.2743, -7.72047"
VSE,Aerodromo Goncalves Lobato (Viseu Airport),Viseu,PT,Portugal,medium_airport,"40.725498, -7.88899"
ROR,Babelthuap Airport,Babelthuap Island,PW,Palau,medium_airport,"7.36731, 134.544236"
AGT,Guaraní International Airport,Ciudad del Este,PY,Paraguay,large_airport,"-25.457186, -54.839544"
ASU,Silvio Pettirossi International Airport,Asunción,PY,Paraguay,large_airport,"-25.240156, -57.519227"
AYO,Juan de Ayolas National Airport,Ayolas,PY,Paraguay,medium_airport,"-27.378379, -56.856791"
BFA,Aeródromo de Bahía Negra,Bahía Negra,PY,Paraguay,small_airport,"-20.2246, -58.179528"
CIO,Lieutenant Colonel Carmelo Peralta National Airport,Concepción,PY,Paraguay,medium_airport,"-23.440334, -57.429206"
ENO,Lieutenant Amin Ayub González International Airport,Encarnación,PY,Paraguay,large_airport,"-27.227537, -55.837584"
ESG,Doctor Luis Maria Argaña International Airport,Mariscal Estigarribia,PY,Paraguay,large_airport,"-22.046499, -60.6217"
FLM,Aeródromo de Filadelfia,Filadelfia,PY,Paraguay,small_airport,"-22.354611, -60.053211"
OLK,Fuerte Olimpo Airport,Fuerte Olimpo,PY,Paraguay,small_airport,"-21.045724, -57.882935"
PBT,Aeródromo de Puerto Leda,Puerto Leda,PY,Paraguay,small_airport,"-20.9046, -57.927101"
PCJ,Aeródromo de Puerto La Victoria,Puerto La Victoria,PY,Paraguay,small_airport,"-22.289298, -57.860484"
PIL,Aeródromo Don Carlos Miguel Gimenez,Pilar,PY,Paraguay,medium_airport,"-26.881981, -58.319067"
PJC,Dr. Augusto Roberto Fuster Airport,Pedro Juan Caballero,PY,Paraguay,medium_airport,"-22.641427, -55.829993"
VMI,Doctor Juan Plate National Airport,Puerto Vallemi,PY,Paraguay,medium_airport,"-22.159371, -57.942395"
DIA,Doha International Airport,Doha,QA,Qatar,medium_airport,"25.261101, 51.565102"
DOH,Hamad International Airport,Doha,QA,Qatar,large_airport,"25.273056, 51.608056"
XJD,Al Udeid Air Base,Ar Rayyan,QA,Qatar,medium_airport,"25.1173000336, 51.3149986267"
RUN,Roland Garros Airport,Sainte-Marie,RE,Reunion,large_airport,"-20.890087, 55.518894"
ZSE,Pierrefonds Airport,Saint-Pierre,RE,Reunion,medium_airport,"-21.319362, 55.422506"
ARW,Arad International Airport,Arad,RO,Romania,medium_airport,"46.176601, 21.261999"
BAY,Maramureș International Airport,Tăuții-Măgherăuș,RO,Romania,medium_airport,"47.658444, 23.464445"
BBU,Bucharest Băneasa Aurel Vlaicu International Airport,Bucharest,RO,Romania,medium_airport,"44.503201, 26.1021"
BCM,Bacău George Enescu International  Airport,Bacău,RO,Romania,medium_airport,"46.5219, 26.910299"
CLJ,Cluj Avram Iancu International Airport,Cluj-Napoca,RO,Romania,medium_airport,"46.787425, 23.684292"
CND,Mihail Kogălniceanu International Airport,Mihail Kogălniceanu,RO,Romania,medium_airport,"44.362202, 28.4883"
CRA,Craiova International Airport,Craiova,RO,Romania,medium_airport,"44.3181, 23.888599"
CSB,Caransebeş Airport,Caransebeş,RO,Romania,medium_airport,"45.420142, 22.252507"
GHV,Brașov-Ghimbav International Airport,Brașov (Ghimbav),RO,Romania,medium_airport,"45.70558, 25.522871"
IAS,Iaşi Airport,Iaşi,RO,Romania,medium_airport,"47.180278, 27.620833"
OMR,Oradea International Airport,Oradea,RO,Romania,medium_airport,"47.025299072265625, 21.90250015258789"
OTP,Bucharest Henri Coandă International Airport,Otopeni,RO,Romania,large_airport,"44.572127, 26.103396"
SBZ,Sibiu International Airport,Sibiu,RO,Romania,medium_airport,"45.785841, 24.086666"
SCV,Suceava Stefan cel Mare Airport,Suceava,RO,Romania,medium_airport,"47.6875, 26.35409927368164"
SUJ,Satu Mare International Airport,Satu Mare,RO,Romania,medium_airport,"47.7033, 22.8857"
TCE,Tulcea Danube Delta Airport,Mihail Kogălniceanu,RO,Romania,medium_airport,"45.0625, 28.7143"
TGM,Târgu Mureş Transilvania International Airport,Recea,RO,Romania,medium_airport,"46.467701, 24.4125"
TSR,Timişoara Traian Vuia Airport,Timişoara,RO,Romania,medium_airport,"45.809898, 21.3379"
BEG,Belgrade Nikola Tesla Airport,Belgrade,RS,Serbia,large_airport,"44.818401, 20.309099"
BJY,Batajnica Air Base,Zemun,RS,Serbia,medium_airport,"44.935299, 20.2575"
INI,Niš Constantine the Great Airport,Niš,RS,Serbia,medium_airport,"43.337009, 21.85451"
KVO,Morava Airport,Kraljevo,RS,Serbia,medium_airport,"43.817519, 20.586662"
UZC,Ponikve Airport,Stapari,RS,Serbia,medium_airport,"43.898899, 19.697701"
AAQ,Anapa Vityazevo Airport,Krasnyi Kurgan,RU,Russia,medium_airport,"45.002102, 37.347301"
ABA,Abakan International Airport,Abakan,RU,Russia,medium_airport,"53.740002, 91.385002"
ACS,Achinsk Airport,Achinsk,RU,Russia,medium_airport,"56.269185, 90.57511"
ADH,Aldan Airport,Aldan,RU,Russia,small_airport,"58.60279846191406, 125.40899658203125"
AEM,Amgu Airport,Amgu,RU,Russia,small_airport,"45.84126, 137.673568"
AER,Sochi International Airport,Sochi,RU,Russia,large_airport,"43.449902, 39.9566"
AMV,Amderma Airport,Amderma,RU,Russia,medium_airport,"69.76329803466797, 61.556400299072266"
ARH,Talagi Airport,Archangelsk,RU,Russia,medium_airport,"64.60030364990234, 40.71670150756836"
ASF,Astrakhan Narimanovo Boris M. Kustodiev International Airport,Astrakhan,RU,Russia,medium_airport,"46.282843, 48.010511"
BAX,Barnaul Airport,Barnaul,RU,Russia,medium_airport,"53.363800048828125, 83.53849792480469"
BCX,Beloretsk Airport,Beloretsk,RU,Russia,small_airport,"53.938389, 58.340113"
BGN,Belaya Gora Airport,Belaya Gora,RU,Russia,medium_airport,"68.556227, 146.22784"
BGS,Boguchany Airport,Boguchany,RU,Russia,small_airport,"58.380615, 97.472336"
BKA,Baykit Airport,Baykit,RU,Russia,medium_airport,"61.676701, 96.355003"
BQG,Bogorodskoye Airport,Bogorodskoye,RU,Russia,small_airport,"52.381041, 140.449378"
BQJ,Batagay Airport,Batagay,RU,Russia,small_airport,"67.648003, 134.695007"
BQS,Ignatyevo Airport,Blagoveschensk,RU,Russia,medium_airport,"50.42539978027344, 127.41200256347656"
BTK,Bratsk Airport,Bratsk,RU,Russia,medium_airport,"56.370601654052734, 101.697998046875"
BVJ,Bovanenkovo Airport,Bovanenkovo,RU,Russia,medium_airport,"70.315278, 68.333611"
BVV,Burevestnik Airport,Kurilsk,RU,Russia,small_airport,"44.919998, 147.621994"
BWO,Balakovo Airport,Balakovo,RU,Russia,medium_airport,"51.858299, 47.745602"
BZK,Bryansk Airport,Bryansk,RU,Russia,medium_airport,"53.214199, 34.176399"
CEE,Cherepovets Airport,Cherepovets,RU,Russia,medium_airport,"59.273601532, 38.015800476100004"
CEK,Chelyabinsk Balandino Airport,Chelyabinsk,RU,Russia,medium_airport,"55.305801, 61.5033"
CKH,Chokurdakh Airport,Chokurdah,RU,Russia,medium_airport,"70.6231, 147.901993"
CKL,Chkalovskiy Air Base,Moscow,RU,Russia,medium_airport,"55.8783, 38.061699"
CSH,Solovki Airport,Solovetsky Islands,RU,Russia,small_airport,"65.029999, 35.733334"
CSY,Cheboksary Airport,Cheboksary,RU,Russia,medium_airport,"56.090302, 47.347301"
CYX,Cherskiy Airport,Cherskiy,RU,Russia,medium_airport,"68.7406005859375, 161.33799743652344"
CZR,Chara Airport,Chara,RU,Russia,small_airport,"56.913334, 118.269997"
DEE,Yuzhno-Kurilsk Mendeleyevo Airport,Yuzhno-Kurilsk,RU,Russia,small_airport,"43.961066, 145.684977"
DHG,Dalnegorsk Airport,Dalnegorsk,RU,Russia,small_airport,"44.558748, 135.490005"
DKS,Dikson Airport,Dikson,RU,Russia,medium_airport,"73.517807, 80.379669"
DLR,Dalnerechensk Airport,Dalnerechensk,RU,Russia,small_airport,"45.877949, 133.735822"
DME,Domodedovo International Airport,Moscow,RU,Russia,large_airport,"55.408798, 37.9063"
DPT,Deputatskiy Airport,Deputatskiy,RU,Russia,small_airport,"69.392503, 139.890012"
DYR,Ugolny Yuri Ryktheu Airport,Anadyr,RU,Russia,medium_airport,"64.734902, 177.740997"
EDN,Yedinka Airport,Yedinka,RU,Russia,small_airport,"47.178201, 138.657357"
EGO,Belgorod International Airport,Belgorod,RU,Russia,medium_airport,"50.643798828125, 36.5900993347168"
EIE,Yeniseysk Airport,Yeniseysk,RU,Russia,medium_airport,"58.474201, 92.112503"
EIK,Yeysk Airport,Yeysk,RU,Russia,medium_airport,"46.68, 38.21"
EKS,Shakhtyorsk Airport,Shakhtyorsk,RU,Russia,small_airport,"49.1903, 142.082993"
ERG,Yerbogachen Airport,Erbogachen,RU,Russia,small_airport,"61.2750015259, 108.029998779"
ESL,Elista Airport,Elista,RU,Russia,medium_airport,"46.3739013671875, 44.33089828491211"
ETL,Svetlaya Airport,Svetlaya,RU,Russia,small_airport,"46.541704, 138.321703"
EYA,Zeya Airport,Zeya,RU,Russia,small_airport,"53.687023, 127.090972"
EYK,Beloyarskiy Airport,,RU,Russia,medium_airport,"63.686901, 66.698601"
EZV,Berezovo Airport,,RU,Russia,medium_airport,"63.92100143432617, 65.03050231933594"
GDX,Sokol Airport,Magadan,RU,Russia,medium_airport,"59.9109992980957, 150.72000122070312"
GDZ,Gelendzhik Airport,Gelendzhik,RU,Russia,medium_airport,"44.5820926295, 38.0124807358"
GOJ,Nizhny Novgorod / Strigino International Airport,Nizhny Novgorod,RU,Russia,medium_airport,"56.228254, 43.785197"
GOY,Tura Mountain Airport,Tura,RU,Russia,small_airport,"64.333511, 100.432892"
GRV,Grozny Airport,Grozny,RU,Russia,medium_airport,"43.388106, 45.699772"
GSV,Gagarin International Airport,Saratov,RU,Russia,large_airport,"51.712778, 46.171111"
GVN,Sovetskaya Gavan (Maygatka) Airport,Sovetskaya Gavan,RU,Russia,medium_airport,"48.925067, 140.035348"
GYG,Magan Airport,Magan,RU,Russia,medium_airport,"62.103484, 129.545288"
HMA,Khanty Mansiysk Airport,Khanty-Mansiysk,RU,Russia,medium_airport,"61.0285, 69.086098"
HTA,Chita-Kadala International Airport,Chita,RU,Russia,medium_airport,"52.026299, 113.306"
HTG,Khatanga Airport,Khatanga,RU,Russia,medium_airport,"71.97810363769531, 102.49099731445312"
IAA,Igarka Airport,Igarka,RU,Russia,medium_airport,"67.437202, 86.621902"
IAR,Tunoshna Airport,Tunoshna,RU,Russia,small_airport,"57.560699, 40.157398"
IGT,Magas Airport,Sunzha,RU,Russia,medium_airport,"43.323268, 45.012568"
IJK,Izhevsk Airport,Izhevsk,RU,Russia,medium_airport,"56.82809829711914, 53.45750045776367"
IKS,Tiksi Airport,Tiksi,RU,Russia,medium_airport,"71.697700500488, 128.90299987793"
IKT,Irkutsk International Airport,Irkutsk,RU,Russia,medium_airport,"52.268002, 104.389"
INA,Inta Airport,Inta,RU,Russia,medium_airport,"66.053372, 60.105786"
IRM,Igrim Airport,,RU,Russia,small_airport,"63.200391, 64.440136"
ITU,Iturup Airport,Kurilsk,RU,Russia,small_airport,"45.256389, 147.95549"
IWA,Ivanovo South Airport,Ivanovo,RU,Russia,medium_airport,"56.93939971923828, 40.940799713134766"
JOK,Yoshkar-Ola Airport,Yoshkar-Ola,RU,Russia,medium_airport,"56.7006, 47.904701"
KCK,Kirensk Airport,Kirensk,RU,Russia,small_airport,"57.773, 108.064"
KCY,Krasnoyarsk Cheremshanka Airport,Krasnoyarsk,RU,Russia,medium_airport,"56.177584, 92.545881"
KDY,Typliy Klyuch Airport,Khandyga,RU,Russia,small_airport,"62.7890014648, 136.854995728"
KEJ,Kemerovo Airport,Kemerovo,RU,Russia,medium_airport,"55.27009963989258, 86.1072006225586"
KGD,Khrabrovo Airport,Kaliningrad,RU,Russia,medium_airport,"54.88999938964844, 20.592599868774414"
KGP,Kogalym International Airport,Kogalym,RU,Russia,medium_airport,"62.190399169921875, 74.53379821777344"
KHV,Khabarovsk Novy Airport,Khabarovsk,RU,Russia,medium_airport,"48.528338, 135.188588"
KJA,Krasnoyarsk International Airport,Krasnoyarsk,RU,Russia,large_airport,"56.173077, 92.492437"
KKQ,Krasnoselkup Airport,Krasnoselkup,RU,Russia,small_airport,"65.717, 82.455"
KLD,Migalovo Air Base,Tver,RU,Russia,medium_airport,"56.82469940185547, 35.7577018737793"
KLF,Grabtsevo Airport,Kaluga,RU,Russia,medium_airport,"54.5499992371, 36.3666687012"
KMW,Kostroma Sokerkino Airport,Kostroma,RU,Russia,medium_airport,"57.796902, 41.019402"
KNY,Kodinsk Airport,,RU,Russia,small_airport,"58.479401, 99.093903"
KPW,Keperveem Airport,Keperveem,RU,Russia,medium_airport,"67.845001, 166.139999"
KRO,Kurgan Airport,Kurgan,RU,Russia,medium_airport,"55.4753, 65.415604"
KRR,Krasnodar Pashkovsky International Airport,Krasnodar,RU,Russia,medium_airport,"45.034698, 39.170502"
KSZ,Kotlas Airport,Kotlas,RU,Russia,medium_airport,"61.235801696777344, 46.6974983215332"
KUF,Kurumoch International Airport,Samara,RU,Russia,large_airport,"53.504902, 50.164299"
KVK,Kirovsk-Apatity Airport,Apatity,RU,Russia,small_airport,"67.462851, 33.585294"
KVM,Markovo Airport,Markovo,RU,Russia,small_airport,"64.665446, 170.417626"
KVR,Kavalerovo Airport,Kavalerovo,RU,Russia,small_airport,"44.2726, 135.029"
KVX,Pobedilovo Airport,Kirov,RU,Russia,medium_airport,"58.503883, 49.347831"
KXD,Kondinskoye Airport,Kondinskoye,RU,Russia,small_airport,"59.655083, 67.430046"
KXK,Komsomolsk-on-Amur Airport,Komsomolsk-on-Amur,RU,Russia,medium_airport,"50.409000396728516, 136.9340057373047"
KYZ,Kyzyl Airport,Kyzyl,RU,Russia,medium_airport,"51.669399, 94.400597"
KZN,Kazan International Airport,Kazan,RU,Russia,large_airport,"55.606201, 49.278702"
LDG,Leshukonskoye Airport,Leshukonskoye,RU,Russia,small_airport,"64.8960037231, 45.7229995728"
LED,Pulkovo Airport,St. Petersburg,RU,Russia,large_airport,"59.800301, 30.262501"
LNX,Smolensk North Airport,Smolensk,RU,Russia,medium_airport,"54.824, 32.025"
LPK,Lipetsk Airport,Lipetsk,RU,Russia,medium_airport,"52.70280075073242, 39.53779983520508"
MCX,Makhachkala Uytash International Airport,Makhachkala,RU,Russia,medium_airport,"42.816799, 47.652302"
MJY,Motygino Airport,Motygino,RU,Russia,small_airport,"58.180921, 94.745272"
MJZ,Mirny Airport,Mirny,RU,Russia,medium_airport,"62.534698486328125, 114.03900146484375"
MMK,Murmansk Airport,Murmansk,RU,Russia,medium_airport,"68.78170013427734, 32.75080108642578"
MQF,Magnitogorsk International Airport,Magnitogorsk,RU,Russia,medium_airport,"53.39310073852539, 58.755699157714844"
MQJ,Moma Airport,Khonuu,RU,Russia,medium_airport,"66.450861, 143.261551"
MRV,Mineralnyye Vody Airport,Mineralnyye Vody,RU,Russia,medium_airport,"44.225101470947266, 43.08190155029297"
NAL,Nalchik Airport,Nalchik,RU,Russia,medium_airport,"43.512901306152344, 43.636600494384766"
NBC,Begishevo Airport,Nizhnekamsk,RU,Russia,medium_airport,"55.564701, 52.092499"
NEI,Terney Airport,Terney,RU,Russia,small_airport,"45.0825, 136.5912"
NER,Chulman Airport,Neryungri,RU,Russia,medium_airport,"56.913898468018, 124.91400146484"
NFG,Nefteyugansk Airport,Nefteyugansk,RU,Russia,medium_airport,"61.108299, 72.650002"
NGK,Nogliki Airport,Nogliki,RU,Russia,small_airport,"51.783955, 143.141785"
NJC,Nizhnevartovsk Airport,Nizhnevartovsk,RU,Russia,medium_airport,"60.949299, 76.483597"
NLI,Nikolayevsk-na-Amure Airport,Nikolayevsk-na-Amure Airport,RU,Russia,medium_airport,"53.154999, 140.649994"
NNM,Naryan Mar Airport,Naryan Mar,RU,Russia,medium_airport,"67.639999, 53.121899"
NOI,Krymsk Air Base,Krymsk,RU,Russia,medium_airport,"44.962905, 37.999071"
NOJ,Noyabrsk Airport,Noyabrsk,RU,Russia,medium_airport,"63.18330001831055, 75.2699966430664"
NOZ,Spichenkovo Airport,Novokuznetsk,RU,Russia,medium_airport,"53.811401, 86.877197"
NSK,Norilsk-Alykel Airport,Norilsk,RU,Russia,medium_airport,"69.31109619140625, 87.33219909667969"
NUX,Novy Urengoy Airport,Novy Urengoy,RU,Russia,medium_airport,"66.06939697265625, 76.52030181884766"
NYA,Nyagan Airport,Nyagan,RU,Russia,medium_airport,"62.110001, 65.614998"
NYM,Nadym Airport,Nadym,RU,Russia,medium_airport,"65.48090362548828, 72.69889831542969"
NYR,Nyurba Airport,Nyurba,RU,Russia,small_airport,"63.296703, 118.341953"
NZG,Nizhneangarsk International Airport,Nizhneangarsk,RU,Russia,small_airport,"55.8008, 109.595001"
ODO,Bodaybo Airport,Bodaybo,RU,Russia,small_airport,"57.866100311299995, 114.242996216"
OGZ,Vladikavkaz Beslan International Airport,Beslan,RU,Russia,medium_airport,"43.205101, 44.606602"
OHH,Okha Airport,Okha,RU,Russia,small_airport,"53.516446, 142.881426"
OHO,Okhotsk Airport,Okhotsk,RU,Russia,medium_airport,"59.410065, 143.056503"
OKT,Oktyabrskiy Airport,Kzyl-Yar,RU,Russia,small_airport,"54.439999, 53.388302"
OLZ,Olyokminsk Airport,Olyokminsk,RU,Russia,medium_airport,"60.401833, 120.476094"
OMS,Omsk Central Airport,Omsk,RU,Russia,medium_airport,"54.96699905395508, 73.31050109863281"
ONK,Olenyok Airport,Olenyok,RU,Russia,small_airport,"68.514999, 112.480003"
OSF,Ostafyevo International Airport,Moscow,RU,Russia,medium_airport,"55.511667, 37.507222"
OSW,Orsk Airport,Orsk,RU,Russia,medium_airport,"51.072498, 58.5956"
OVB,Novosibirsk Tolmachevo Airport,Novosibirsk,RU,Russia,large_airport,"55.019756, 82.618675"
OVS,Sovetskiy Airport,Sovetskiy,RU,Russia,medium_airport,"61.326622009277344, 63.60191345214844"
PEE,Perm International Airport,Perm,RU,Russia,medium_airport,"57.914501, 56.021198"
PES,Petrozavodsk Airport,Petrozavodsk,RU,Russia,medium_airport,"61.88520050048828, 34.154701232910156"
PEX,Pechora Airport,Pechora,RU,Russia,medium_airport,"65.121101, 57.130798"
PEZ,Penza Airport,Penza,RU,Russia,medium_airport,"53.110599517822266, 45.02109909057617"
PKC,Yelizovo Airport,Petropavlovsk-Kamchatsky,RU,Russia,medium_airport,"53.16764, 158.451863"
PKV,Pskov Airport,Pskov,RU,Russia,medium_airport,"57.78390121459961, 28.395599365234375"
PVS,Provideniya Bay Airport,Chukotka,RU,Russia,medium_airport,"64.37809753417969, -173.2429962158203"
PWE,Pevek Airport,Apapelgino,RU,Russia,medium_airport,"69.783302, 170.597"
PYJ,Polyarny Airport,Yakutia,RU,Russia,medium_airport,"66.400398, 112.029999"
REN,Orenburg Central Airport,Orenburg,RU,Russia,medium_airport,"51.795799255371094, 55.45669937133789"
RGK,Gorno-Altaysk Airport,Gorno-Altaysk,RU,Russia,medium_airport,"51.969204, 85.836539"
RMZ,Remezov Airport,Tobolsk,RU,Russia,medium_airport,"58.058427, 68.348801"
ROV,Platov International Airport,Rostov-on-Don,RU,Russia,large_airport,"47.493888, 39.924722"
RYB,Staroselye Airport,Rybinsk,RU,Russia,medium_airport,"58.104198, 38.929401"
RZH,Preobrazheniye Airport,Preobrazheniye,RU,Russia,small_airport,"42.921698, 133.904438"
SBT,Sabetta International Airport,Sabetta,RU,Russia,medium_airport,"71.219167, 72.052222"
SCW,Syktyvkar Airport,Syktyvkar,RU,Russia,medium_airport,"61.64699935913086, 50.84510040283203"
SEK,Srednekolymsk Airport,Srednekolymsk,RU,Russia,medium_airport,"67.4805, 153.7364"
SES,Svetlogorsk Airport,Svetlogorsk,RU,Russia,medium_airport,"66.839996, 88.403336"
SGC,Surgut Airport,Surgut,RU,Russia,medium_airport,"61.34370040893555, 73.40180206298828"
SKX,Saransk Airport,Saransk,RU,Russia,medium_airport,"54.12512969970703, 45.212257385253906"
SLY,Salekhard Airport,Salekhard,RU,Russia,medium_airport,"66.5907974243164, 66.61100006103516"
STW,Stavropol Shpakovskoye Airport,Stavropol,RU,Russia,medium_airport,"45.10919952392578, 42.11280059814453"
SUK,Sakkyryr Airport,Batagay-Alyta,RU,Russia,small_airport,"67.792, 130.394"
SUY,Suntar Airport,Suntar,RU,Russia,small_airport,"62.185001373291, 117.63500213623"
SVO,Sheremetyevo International Airport,Moscow,RU,Russia,large_airport,"55.972599, 37.4146"
SVX,Koltsovo Airport,Yekaterinburg,RU,Russia,large_airport,"56.743099212646, 60.802700042725"
SWT,Strezhevoy Airport,Strezhevoy,RU,Russia,medium_airport,"60.7094, 77.660004"
SWV,Severo-Evensk Airport,Evensk,RU,Russia,medium_airport,"61.921786, 159.229059"
SYS,Saskylakh Airport,Saskylakh,RU,Russia,medium_airport,"71.927902, 114.080002"
TBW,Donskoye Airport,Tambov,RU,Russia,medium_airport,"52.806099, 41.4828"
TGK,Taganrog Yuzhny Airport,Taganrog,RU,Russia,medium_airport,"47.1983333, 38.8491667"
TGP,Podkamennaya Tunguska Airport,Bor,RU,Russia,medium_airport,"61.589699, 89.994003"
THX,Turukhansk Airport,Turukhansk,RU,Russia,small_airport,"65.797203, 87.935303"
TJM,Roshchino International Airport,Tyumen,RU,Russia,medium_airport,"57.16833, 65.31611"
TKM,Taksimo Airport,Taksimo,RU,Russia,small_airport,"56.361668, 114.93"
TLK,Talakan Airport,Talakan Oil Field,RU,Russia,small_airport,"59.876389, 111.044444"
TLY,Plastun Airport,Plastun,RU,Russia,small_airport,"44.814999, 136.292007"
TOF,Bogashevo Airport,Tomsk,RU,Russia,medium_airport,"56.380298614502, 85.208297729492"
TOX,Tobolsk Airport,Tobolsk,RU,Russia,small_airport,"58.135799, 68.231903"
TQL,Tarko-Sale Airport,Tarko-Sale,RU,Russia,small_airport,"64.930485, 77.811295"
TYA,Klokovo Air Base,Tula,RU,Russia,small_airport,"54.239, 37.6"
TYD,Tynda Airport,Tynda,RU,Russia,small_airport,"55.284936, 124.77901"
UCT,Ukhta Airport,Ukhta,RU,Russia,medium_airport,"63.566898, 53.804699"
UEN,Urengoy Airport,Urengoy,RU,Russia,small_airport,"65.9599990845, 78.43699646"
UFA,Ufa International Airport,Ufa,RU,Russia,large_airport,"54.557498931885, 55.874401092529"
UHS,Aleksandrovsk-Sakhalinskiy Airport,Aleksandrovsk-Sakhalinskiy,RU,Russia,small_airport,"50.877144, 142.17561"
UIK,Ust-Ilimsk Airport,Ust-Ilimsk,RU,Russia,small_airport,"58.136101, 102.565002"
UKG,Ust-Kuyga Airport,Ust-Kuyga,RU,Russia,small_airport,"70.011002, 135.645004"
UKX,Ust-Kut Airport,Ust-Kut,RU,Russia,medium_airport,"56.856701, 105.730003"
ULK,Lensk Airport,Lensk,RU,Russia,medium_airport,"60.7206001282, 114.825996399"
ULV,Ulyanovsk Baratayevka Airport,Ulyanovsk,RU,Russia,medium_airport,"54.268299, 48.2267"
ULY,Ulyanovsk East Airport,Cherdakly,RU,Russia,medium_airport,"54.401001, 48.8027"
UMS,Ust-Maya Airport,Ust-Maya,RU,Russia,small_airport,"60.356998443604, 134.43499755859"
URJ,Uray Airport,Uray,RU,Russia,medium_airport,"60.103298, 64.826698"
URS,Kursk East Airport,Kursk,RU,Russia,medium_airport,"51.7505989074707, 36.29560089111328"
USK,Usinsk Airport,Usinsk,RU,Russia,medium_airport,"66.0047, 57.367199"
USR,Ust-Nera Airport,Ust-Nera,RU,Russia,medium_airport,"64.550003, 143.115005"
UTS,Ust-Tsylma Airport,Ust-Tsylma,RU,Russia,medium_airport,"65.437294, 52.200336"
UUA,Bugulma Airport,Bugulma,RU,Russia,medium_airport,"54.641184, 52.800229"
UUD,Baikal International Airport,Ulan Ude,RU,Russia,medium_airport,"51.808614, 107.439652"
UUS,Yuzhno-Sakhalinsk Airport,Yuzhno-Sakhalinsk,RU,Russia,medium_airport,"46.885461, 142.717466"
VAQ,Vanavara Airport,Vanavara,RU,Russia,medium_airport,"60.356229, 102.309641"
VEO,Severo-Yeniseysk Airport,Severo-Yeniseysk,RU,Russia,medium_airport,"60.373299, 93.011703"
VGD,Vologda Airport,Vologda,RU,Russia,medium_airport,"59.282501, 39.944401"
VHV,Verkhnevilyuisk Airport,Verkhnevilyuisk,RU,Russia,small_airport,"63.458057403564, 120.26916503906"
VKO,Vnukovo International Airport,Moscow,RU,Russia,large_airport,"55.591499, 37.261501"
VKT,Vorkuta Airport,Vorkuta,RU,Russia,medium_airport,"67.488602, 63.993099"
VKV,Vaskovo Airport,Arkhangelsk,RU,Russia,medium_airport,"64.441704, 40.4217"
VOG,Volgograd International Airport,Volgograd,RU,Russia,medium_airport,"48.782501220703125, 44.34550094604492"
VOZ,Voronezh International Airport,Voronezh,RU,Russia,medium_airport,"51.81420135498047, 39.22959899902344"
VRI,Varandey Airport,Varandey,RU,Russia,small_airport,"68.848503, 58.201401"
VUS,Velikiy Ustyug Airport,Velikiy Ustyug,RU,Russia,medium_airport,"60.7883, 46.259998"
VVO,Vladivostok International Airport,Artyom,RU,Russia,large_airport,"43.396256, 132.148155"
VYI,Vilyuisk Airport,Vilyuisk,RU,Russia,medium_airport,"63.756668, 121.693336"
YAE,Yartsevo Airport,Yartsevo,RU,Russia,small_airport,"60.255001, 90.195"
YKS,Yakutsk Airport,Yakutsk,RU,Russia,medium_airport,"62.093299865722656, 129.77099609375"
YMK,Mys Kamenny Airport,Mys Kamennyi,RU,Russia,small_airport,"68.467676, 73.596733"
ZIA,Zhukovsky International Airport,Moscow,RU,Russia,large_airport,"55.553299, 38.150002"
ZIX,Zhigansk Airport,Zhigansk,RU,Russia,medium_airport,"66.7965011597, 123.361000061"
ZKP,Zyryanka Airport,Zyryanka,RU,Russia,medium_airport,"65.7485, 150.8889"
ZZO,Zonalnoye Airport,Tymovskoye,RU,Russia,small_airport,"50.6692008972, 142.761001587"
BTQ,Butare Airport,Butare,RW,Rwanda,small_airport,"-2.59583, 29.7367"
GYI,Gisenyi Airport,Gisenyi,RW,Rwanda,medium_airport,"-1.6771999597549438, 29.258899688720703"
KGL,Kigali International Airport,Kigali,RW,Rwanda,large_airport,"-1.96863, 30.1395"
KME,Kamembe Airport,Kamembe,RW,Rwanda,medium_airport,"-2.462239980697632, 28.907899856567383"
RHG,Ruhengeri Airport,Ruhengeri,RW,Rwanda,small_airport,"-1.496873, 29.631343"
ABT,King Saud Bin Abdulaziz (Al Baha) Airport,Al-Baha,SA,Saudi Arabia,medium_airport,"20.298506, 41.636153"
AHB,Abha International Airport,Abha,SA,Saudi Arabia,medium_airport,"18.2404, 42.656601"
AJF,Al-Jawf Domestic Airport,Al-Jawf,SA,Saudi Arabia,medium_airport,"29.78510093688965, 40.099998474121094"
AKH,Prince Sultan Air Base,Al Kharj,SA,Saudi Arabia,medium_airport,"24.0627, 47.580502"
AQI,Al Qaisumah/Hafr Al Batin Airport,Qaisumah,SA,Saudi Arabia,medium_airport,"28.335199, 46.125099"
BHH,Bisha Airport,Bisha,SA,Saudi Arabia,medium_airport,"19.9844, 42.620899"
DHA,King Abdulaziz Air Base,Dhahran,SA,Saudi Arabia,large_airport,"26.2654, 50.152"
DMM,King Fahd International Airport,Ad Dammam,SA,Saudi Arabia,large_airport,"26.471201, 49.797901"
DWD,King Salman Abdulaziz Airport,Dawadmi,SA,Saudi Arabia,medium_airport,"24.4499, 44.121201"
EAM,Najran Domestic Airport,Najran,SA,Saudi Arabia,medium_airport,"17.611401, 44.419201"
EJH,Al Wajh Domestic Airport,Al Wajh,SA,Saudi Arabia,medium_airport,"26.198601, 36.476398"
ELQ,Gassim Airport,Buraidah,SA,Saudi Arabia,medium_airport,"26.302799, 43.774399"
GIZ,Jizan Regional Airport / King Abdullah bin Abdulaziz Airport,Jizan,SA,Saudi Arabia,medium_airport,"16.9011, 42.5858"
HAS,Ha'il Airport,Ha'il,SA,Saudi Arabia,medium_airport,"27.437901, 41.686298"
HOF,Al-Ahsa International Airport,Hofuf,SA,Saudi Arabia,medium_airport,"25.285299, 49.485199"
JED,King Abdulaziz International Airport,Jeddah,SA,Saudi Arabia,large_airport,"21.6796, 39.156502"
KMC,King Khaled Military City Airport,King Khaled Military City,SA,Saudi Arabia,medium_airport,"27.9009, 45.528198"
KMX,King Khalid Air Base,Khamis Mushait,SA,Saudi Arabia,medium_airport,"18.2973, 42.803501"
MED,Prince Mohammad Bin Abdulaziz Airport,Medina,SA,Saudi Arabia,large_airport,"24.5534, 39.705101"
NUM,Neom Bay Airport,Sharma,SA,Saudi Arabia,medium_airport,"27.927598, 35.28874"
QJB,Jubail Airport,Jubail,SA,Saudi Arabia,medium_airport,"27.039, 49.405102"
RAE,Arar Domestic Airport,Arar,SA,Saudi Arabia,medium_airport,"30.906600952148438, 41.13819885253906"
RAH,Rafha Domestic Airport,Rafha,SA,Saudi Arabia,medium_airport,"29.626399993896484, 43.4906005859375"
RSI,Red Sea International Airport,Hanak,SA,Saudi Arabia,medium_airport,"25.627975, 37.088914"
RUH,King Khaled International Airport,Riyadh,SA,Saudi Arabia,large_airport,"24.9576, 46.698799"
SHW,Sharurah Domestic Airport,Sharurah,SA,Saudi Arabia,medium_airport,"17.4669, 47.121399"
SLF,As-Sulayyil Airport,As-Sulayyil,SA,Saudi Arabia,small_airport,"20.464701, 45.619598"
TIF,Ta’if Regional Airport,Ta’if,SA,Saudi Arabia,medium_airport,"21.483001, 40.543442"
TUI,Turaif Domestic Airport,Turaif,SA,Saudi Arabia,medium_airport,"31.692188, 38.731544"
TUU,Tabuk Airport,Tabuk,SA,Saudi Arabia,medium_airport,"28.3654, 36.6189"
ULH,Majeed Bin Abdulaziz Airport,Al Ula,SA,Saudi Arabia,medium_airport,"26.483333, 38.116944"
URY,Gurayat Domestic Airport,Gurayat,SA,Saudi Arabia,medium_airport,"31.412413, 37.278898"
WAE,Wadi Al Dawasir Domestic Airport,Wadi Al Dawasir,SA,Saudi Arabia,medium_airport,"20.504299, 45.1996"
YNB,Prince Abdul Mohsin bin Abdulaziz International Airport / Yanbu Airport,Yanbu,SA,Saudi Arabia,medium_airport,"24.144199, 38.0634"
ZUL,Zilfi Airport,Zilfi,SA,Saudi Arabia,small_airport,"26.350000381469727, 44.83300018310547"
AFT,Afutara Aerodrome,Bila,SB,Solomon Islands,small_airport,"-9.191389, 160.948611"
AKS,Gwaunaru'u Airport,Auki,SB,Solomon Islands,small_airport,"-8.70257, 160.682007"
ATD,Uru Harbour Airport,Atoifi,SB,Solomon Islands,small_airport,"-8.87333, 161.011002"
AVU,Avu Avu Airport,Avu Avu,SB,Solomon Islands,small_airport,"-9.868333, 160.410556"
BAS,Ballalae Airport,Ballalae,SB,Solomon Islands,small_airport,"-6.990745, 155.886656"
BNY,Bellona/Anua Airport,Anua,SB,Solomon Islands,small_airport,"-11.302222222200001, 159.798333333"
BPF,Batuna Aerodrome,Batuna Mission Station,SB,Solomon Islands,small_airport,"-8.56202777778, 158.119305556"
CHY,Choiseul Bay Airport,Choiseul Bay,SB,Solomon Islands,small_airport,"-6.711944, 156.396111"
EGM,Sege Airport,Sege,SB,Solomon Islands,small_airport,"-8.57889, 157.876007"
FRE,Fera/Maringe Airport,Fera Island,SB,Solomon Islands,small_airport,"-8.1075, 159.576996"
GEF,Geva Airport,Liangia,SB,Solomon Islands,small_airport,"-7.575829982757568, 156.5970001220703"
GTA,Gatokae Aerodrome,Gatokae,SB,Solomon Islands,small_airport,"-8.738358, 158.202836"
GZO,Nusatupe Airport,Gizo,SB,Solomon Islands,small_airport,"-8.09778022766, 156.863998413"
HIR,Honiara International Airport,Honiara,SB,Solomon Islands,large_airport,"-9.428, 160.054993"
IRA,Ngorangora Airport,Kirakira,SB,Solomon Islands,small_airport,"-10.449700355500001, 161.897994995"
KGE,Kaghau Airport,Kagau Island,SB,Solomon Islands,small_airport,"-7.3305, 157.585"
KUE,Kukudu Airport,Kolombangara Island,SB,Solomon Islands,small_airport,"-8.0262, 156.94783"
KWS,Kwailabesi Airport,Kwailabesi,SB,Solomon Islands,small_airport,"-8.360508, 160.775127"
LLM,Lomlom Airport,Lomlom,SB,Solomon Islands,small_airport,"-10.296828, 166.327322"
MBU,Babanakira Airport,Mbambanakira,SB,Solomon Islands,small_airport,"-9.7475, 159.839005"
MHM,Manaoba Airport,Manaoba,SB,Solomon Islands,small_airport,"-8.325008, 160.80051"
MNY,Mono Airport,Stirling Island,SB,Solomon Islands,small_airport,"-7.416940212249756, 155.56500244140625"
MUA,Munda Airport,Munda,SB,Solomon Islands,medium_airport,"-8.32797, 157.263"
NAZ,Nana Airport,Star Harbor,SB,Solomon Islands,small_airport,"-10.6758, 162.2049"
NNB,Santa Ana Airport,Santa Ana Island,SB,Solomon Islands,small_airport,"-10.847994, 162.454108"
PRS,Parasi Airport,Parasi,SB,Solomon Islands,small_airport,"-9.641670227050781, 161.4250030517578"
RBV,Ramata Airport,Ramata,SB,Solomon Islands,small_airport,"-8.168060302734375, 157.64300537109375"
RIN,Ringi Cove Airport,Ringi Cove,SB,Solomon Islands,small_airport,"-8.12639045715332, 157.14300537109375"
RNA,Ulawa Airport,Arona,SB,Solomon Islands,small_airport,"-9.86054358262, 161.979546547"
RNL,Rennell/Tingoa Airport,Rennell Island,SB,Solomon Islands,small_airport,"-11.55, 160.062778"
RUS,Marau Airport,Marau,SB,Solomon Islands,small_airport,"-9.861669540409999, 160.824996948"
SCZ,Santa Cruz/Graciosa Bay/Luova Airport,Santa Cruz/Graciosa Bay/Luova,SB,Solomon Islands,small_airport,"-10.7203, 165.794998"
VAO,Suavanao Airport,Suavanao,SB,Solomon Islands,small_airport,"-7.58556, 158.731003"
VEV,Barakoma Airport,Barakoma,SB,Solomon Islands,small_airport,"-7.912779808044434, 156.70599365234375"
VIU,Viru Harbour Airstrip,Viru,SB,Solomon Islands,small_airport,"-8.508457, 157.689986"
XYA,Yandina Airport,Yandina,SB,Solomon Islands,small_airport,"-9.092816, 159.21841"
BDI,Bird Island Airport,Bird Island,SC,Seychelles,small_airport,"-3.723683, 55.206106"
DEI,Denis Island Airport,Denis Island,SC,Seychelles,small_airport,"-3.802067, 55.667439"
DES,Desroches Airport,Desroches Island,SC,Seychelles,small_airport,"-5.6967, 53.6558"
FRK,Frégate Island Airport (UNUSABLE),Frégate Island,SC,Seychelles,small_airport,"-4.582785, 55.944928"
PRI,Praslin Island Airport,Praslin Island,SC,Seychelles,medium_airport,"-4.319256, 55.691561"
SEZ,Seychelles International Airport,Mahe Island,SC,Seychelles,large_airport,"-4.67434, 55.521801"
ADV,El Daein Airport,El Daein,SD,Sudan,small_airport,"11.4023, 26.1186"
ATB,Atbara Airport,Atbara,SD,Sudan,small_airport,"17.710344, 34.057018"
BJE,Baleela Airport,Baleela Base Camp,SD,Sudan,small_airport,"11.199444444400001, 28.5230555556"
DNX,Galegu Airport,Dinder,SD,Sudan,small_airport,"12.532999992370605, 35.06700134277344"
DOG,Dongola Airport,Dongola,SD,Sudan,medium_airport,"19.153900146499996, 30.430099487299998"
EBD,El-Obeid Airport,El-Obeid,SD,Sudan,medium_airport,"13.1532, 30.2327"
EDB,Al Dabbah Airport,Al Dabbah,SD,Sudan,small_airport,"18.0146, 30.9595"
EGN,Geneina Airport,Geneina,SD,Sudan,small_airport,"13.481882, 22.467119"
ELF,El Fasher Airport,El Fasher,SD,Sudan,medium_airport,"13.614899635314941, 25.324600219726562"
GBU,Khashm El Girba Airport,Khashm El Girba,SD,Sudan,small_airport,"14.925, 35.877998"
HEG,Heglig Airport,Heglig Oilfield,SD,Sudan,small_airport,"9.994933, 29.397718"
KDX,Kadugli Airport,Kadugli,SD,Sudan,small_airport,"11.137999534600002, 29.7010993958"
KRT,Khartoum International Airport,Khartoum,SD,Sudan,large_airport,"15.5895, 32.5532"
KSL,Kassala Airport,Kassala,SD,Sudan,medium_airport,"15.387499809265137, 36.328800201416016"
MWE,Merowe Airport,Merowe,SD,Sudan,medium_airport,"18.443333, 31.843333"
NHF,New Halfa Airport,New Halfa,SD,Sudan,small_airport,"15.3556, 35.727798"
NUD,En Nahud Airport,En Nahud,NA,Namibia,small_airport,"12.735513, 28.410841"
PZU,Port Sudan New International Airport,Port Sudan,SD,Sudan,medium_airport,"19.4335994720459, 37.234100341796875"
RSS,Damazin Airport,Ad Damazin,SD,Sudan,small_airport,"11.7859, 34.3367"
UYL,Nyala Airport,Nyala,SD,Sudan,medium_airport,"12.0535, 24.9562"
WHF,Wadi Halfa Airport,Wadi Halfa,SD,Sudan,small_airport,"21.802698, 31.521578"
ZLX,Zalingei Airport,Zalingei,SD,Sudan,small_airport,"12.9437, 23.5631"
AGH,Ängelholm-Helsingborg Airport,Ängelholm,SE,Sweden,medium_airport,"56.29610061645508, 12.847100257873535"
AJR,Arvidsjaur Airport,Arvidsjaur,SE,Sweden,medium_airport,"65.59030151367188, 19.28190040588379"
ARN,Stockholm-Arlanda Airport,Stockholm,SE,Sweden,large_airport,"59.64849, 17.928829"
BLE,Dala Airport,Borlange,SE,Sweden,medium_airport,"60.422001, 15.5152"
BMA,Stockholm-Bromma Airport,Stockholm,SE,Sweden,medium_airport,"59.354400634765625, 17.941699981689453"
EKT,Eskilstuna Airport,Eskilstuna,SE,Sweden,medium_airport,"59.351101, 16.708401"
EVG,Sveg Airport,Sveg,SE,Sweden,small_airport,"62.047798, 14.4229"
GEV,Gällivare Airport,Gällivare,SE,Sweden,medium_airport,"67.13240051269531, 20.814599990844727"
GOT,Göteborg Landvetter Airport,Göteborg,SE,Sweden,large_airport,"57.6628, 12.2798"
GSE,Säve Airport,Göteborg,SE,Sweden,medium_airport,"57.7747, 11.8704"
GVX,Gävle Sandviken Airport,Gävle / Sandviken,SE,Sweden,medium_airport,"60.5933, 16.951401"
HAD,Halmstad Airport,Halmstad,SE,Sweden,medium_airport,"56.69110107421875, 12.820199966430664"
HFS,Hagfors Airport,Råda,SE,Sweden,small_airport,"60.0201, 13.5789"
HLF,Hultsfred Airport,Hultsfred,SE,Sweden,small_airport,"57.525799, 15.8233"
HMV,Hemavan Airport,Hemavan,SE,Sweden,small_airport,"65.806099, 15.0828"
IDB,Idre Airport,Idre,SE,Sweden,small_airport,"61.869701, 12.6894"
JKG,Jönköping Airport,Jönköping,SE,Sweden,medium_airport,"57.757598876953125, 14.068699836730957"
KID,Kristianstad Airport,Kristianstad,SE,Sweden,medium_airport,"55.9217, 14.0855"
KLR,Kalmar Airport,Kalmar,SE,Sweden,medium_airport,"56.685501, 16.2876"
KRF,Kramfors-Sollefteå Höga Kusten Airport,Nyland,SE,Sweden,medium_airport,"63.048599, 17.7689"
KRN,Kiruna Airport,Kiruna,SE,Sweden,medium_airport,"67.821998596191, 20.336799621582"
KSD,Karlstad Airport,Karlstad,SE,Sweden,medium_airport,"59.444698, 13.3374"
KSK,Karlskoga Airport,Karlskoga,SE,Sweden,medium_airport,"59.345901, 14.4959"
KVB,Skövde Airport,Skövde,SE,Sweden,medium_airport,"58.456402, 13.9727"
LDK,Lidköping-Hovby Airport,Lidköping,SE,Sweden,small_airport,"58.4655, 13.1744"
LLA,Luleå Airport,Luleå,SE,Sweden,medium_airport,"65.5438, 22.122"
LPI,Linköping City Airport,Linköping,SE,Sweden,medium_airport,"58.4062004089, 15.680500030500001"
LYC,Lycksele Airport,Lycksele,SE,Sweden,medium_airport,"64.548302, 18.7162"
MMX,Malmö Sturup Airport,Malmö,SE,Sweden,medium_airport,"55.535564, 13.376327"
MXX,Mora Airport,Mora,SE,Sweden,medium_airport,"60.957901, 14.5114"
NRK,Norrköping Airport,Norrköping,SE,Sweden,medium_airport,"58.586299896240234, 16.250600814819336"
NYO,Stockholm Skavsta Airport,Nyköping,SE,Sweden,medium_airport,"58.788601, 16.912201"
OER,Örnsköldsvik Airport,Örnsköldsvik,SE,Sweden,medium_airport,"63.40829849243164, 18.989999771118164"
ORB,Örebro Airport,Örebro,SE,Sweden,medium_airport,"59.22370147705078, 15.038000106811523"
OSD,Åre Östersund Airport,Östersund,SE,Sweden,medium_airport,"63.194135, 14.500322"
OSK,Oskarshamn Airport,Oskarshamn,SE,Sweden,small_airport,"57.350498, 16.497999"
PJA,Pajala Airport,Pajala,SE,Sweden,small_airport,"67.244569, 23.074894"
RNB,Ronneby Airport,Ronneby,SE,Sweden,medium_airport,"56.266701, 15.265"
SCR,Scandinavian Mountains Airport,Malung-Sälen,SE,Sweden,medium_airport,"61.158393, 12.842503"
SDL,Sundsvall-Härnösand Airport,Sundsvall/ Härnösand,SE,Sweden,medium_airport,"62.528099060058594, 17.443899154663086"
SFT,Skellefteå Airport,Skellefteå,SE,Sweden,medium_airport,"64.62480163574219, 21.076900482177734"
SOO,Söderhamn Airport,Söderhamn,SE,Sweden,medium_airport,"61.261501, 17.0991"
SQO,Storuman Airport,Storuman,SE,Sweden,medium_airport,"64.960899, 17.6966"
THN,Trollhättan-Vänersborg Airport,Trollhättan,SE,Sweden,medium_airport,"58.31809997558594, 12.345000267028809"
TYF,Torsby Airport,Torsby,SE,Sweden,medium_airport,"60.1576, 12.9913"
UME,Umeå Airport,Umeå,SE,Sweden,medium_airport,"63.791801452637, 20.282800674438"
VBY,Visby Airport,Visby,SE,Sweden,medium_airport,"57.662799835205, 18.346200942993"
VHM,Vilhelmina South Lapland Airport,Vilhelmina,SE,Sweden,medium_airport,"64.579102, 16.833599"
VST,Stockholm Västerås Airport,Stockholm / Västerås,SE,Sweden,medium_airport,"59.58940124511719, 16.63360023498535"
VVK,Västervik Airport,Västervik,SE,Sweden,small_airport,"57.779999, 16.5236"
VXO,Växjö Kronoberg Airport,Växjö,SE,Sweden,medium_airport,"56.929100036621094, 14.727999687194824"
QPG,Paya Lebar Air Base,Paya Lebar,SG,Singapore,medium_airport,"1.36042, 103.910004"
SIN,Singapore Changi Airport,Singapore,SG,Singapore,large_airport,"1.35019, 103.994003"
TGA,Tengah Air Base,Western Water Catchment,SG,Singapore,medium_airport,"1.387561, 103.708291"
XSP,Seletar Airport,Seletar,SG,Singapore,medium_airport,"1.41555, 103.86673"
ASI,RAF Ascension Island,Cat Hill,SH,Saint Helena,medium_airport,"-7.9696, -14.3937"
HLE,Saint Helena Airport,Longwood,SH,Saint Helena,small_airport,"-15.957725, -5.645943"
LJU,Ljubljana Jože Pučnik Airport,Zgornji Brnik,SI,Slovenia,large_airport,"46.223701, 14.4576"
MBX,Maribor Edvard Rusjan Airport,Orehova Vas,SI,Slovenia,medium_airport,"46.4799, 15.6861"
POW,Portorož Airport,Sečovlje,SI,Slovenia,medium_airport,"45.47201, 13.615951"
BTS,M. R. Štefánik Airport,Bratislava,SK,Slovakia,large_airport,"48.1702, 17.2127"
ILZ,Žilina-Dolný Hričov Airport,Dolný Hričov,SK,Slovakia,medium_airport,"49.233292, 18.613386"
KSC,Košice International Airport,Košice,SK,Slovakia,medium_airport,"48.663101, 21.2411"
LUE,Lučenec Airfield,Lučenec,SK,Slovakia,small_airport,"48.339401, 19.7358"
POV,Prešov Air Base,Prešov,SK,Slovakia,small_airport,"49.02970123291, 21.315599441528"
PZY,Piešťany Airport,Piešťany,SK,Slovakia,medium_airport,"48.62519836425781, 17.828399658203125"
SLD,Sliač Airport,Sliač,SK,Slovakia,medium_airport,"48.63779830932617, 19.13409996032715"
TAT,Poprad-Tatry Airport,Poprad,SK,Slovakia,medium_airport,"49.073601, 20.2411"
FNA,Lungi International Airport,Freetown (Lungi-Town),SL,Sierra Leone,large_airport,"8.61644, -13.1955"
GBK,Gbangbatok Airport,Gbangbatok,SL,Sierra Leone,small_airport,"7.812535, -12.377815"
HGS,Hastings Airport,Freetown,SL,Sierra Leone,small_airport,"8.394348, -13.128891"
KBA,Kabala Airport,Kabala,SL,Sierra Leone,small_airport,"9.638322913429999, -11.5155601501"
KBS,Bo Airport,Bo,SL,Sierra Leone,medium_airport,"7.9444, -11.761"
KEN,Kenema Airport,Kenema,SL,Sierra Leone,medium_airport,"7.896364, -11.174126"
WYE,Yengema Airport,Yengema,SL,Sierra Leone,medium_airport,"8.61047, -11.0454"
BXE,Bakel Airport,Bakel,SN,Senegal,medium_airport,"14.847299575805664, -12.468299865722656"
CSK,Cap Skirring Airport,Cap Skirring,SN,Senegal,medium_airport,"12.39533, -16.748"
DKR,Léopold Sédar Senghor International Airport,Dakar,SN,Senegal,medium_airport,"14.7397, -17.4902"
DSS,Blaise Diagne International Airport,Dakar,SN,Senegal,large_airport,"14.670878, -17.072829"
KDA,Kolda/Sare Bidji Airport,Kolda,SN,Senegal,small_airport,"12.8985, -14.9681"
KGG,Kédougou Airport,Kédougou,SN,Senegal,medium_airport,"12.57229995727539, -12.22029972076416"
KLC,Kaolack Airport,Kaolack,SN,Senegal,medium_airport,"14.146900177001953, -16.051300048828125"
MAX,Ouro Sogui Airport,Ouro Sogui,SN,Senegal,medium_airport,"15.5936, -13.3228"
NIK,Niokolo-Koba Airport,Niokolo-Koba National Park,SN,Senegal,small_airport,"13.052014, -12.727162"
POD,Podor Airport,Podor,SN,Senegal,small_airport,"16.678155, -14.964957"
RDT,Richard Toll Airport,Richard Toll,SN,Senegal,small_airport,"16.437816, -15.656376"
SMY,Simenti Airport,Simenti,SN,Senegal,small_airport,"13.046799659729004, -13.29539966583252"
TUD,Tambacounda Airport,Tambacounda,SN,Senegal,medium_airport,"13.7368, -13.6531"
XLS,Saint Louis Airport,Saint Louis,SN,Senegal,medium_airport,"16.049814, -16.461039"
ZIG,Ziguinchor Airport,Ziguinchor,SN,Senegal,medium_airport,"12.5556, -16.281799"
AAD,Adado Airport,Adado,SO,Somalia,small_airport,"6.095802, 46.6375"
ALU,Alula Airport,Alula,SO,Somalia,small_airport,"11.9582, 50.748"
BBO,Berbera Airport,Berbera,SO,Somalia,medium_airport,"10.385035, 44.936723"
BIB,Baidoa Airport,Baidoa,SO,Somalia,small_airport,"3.10192, 43.627137"
BLW,Beledweyne Airport,Beledweyne,SO,Somalia,small_airport,"4.766976, 45.2388"
BSA,Bosaso / Bender Qassim International Airport,Bosaso,SO,Somalia,small_airport,"11.275235, 49.139231"
BSY,Baardheere Airport,Baardheere,SO,Somalia,small_airport,"2.330195, 42.311802"
BUO,Burao Airport,Burao,SO,Somalia,small_airport,"9.5275, 45.5549"
BXX,Borama Airport,Borama,SO,Somalia,small_airport,"9.9463, 43.1495"
CMO,Hobyo Airport,Hobyo,SO,Somalia,small_airport,"5.358003, 48.515281"
CMS,Iskushuban Airport,Iskushuban,SO,Somalia,small_airport,"10.313889, 50.205556"
CXN,Candala Airport,Candala,SO,Somalia,small_airport,"11.495627, 49.909816"
ERA,Erigavo Airport,Erigavo,SO,Somalia,small_airport,"10.642050549, 47.3879814148"
GBM,Garbaharey Airport,Garbaharey,SO,Somalia,small_airport,"3.32294, 42.21309"
GGR,Garowe Airport,Garowe,SO,Somalia,small_airport,"8.457942, 48.567407"
GLK,Galcaio Airport,Galcaio,SO,Somalia,small_airport,"6.78082990646, 47.45470047"
GSR,Gardo Airport,Gardo,SO,Somalia,small_airport,"9.545975, 49.119148"
GUO,Guriel Airport,Guriel,SO,Somalia,small_airport,"5.317412, 45.985308"
HCM,Eil Airport,Eyl,SO,Somalia,small_airport,"8.104, 49.82"
HGA,Egal International Airport,Hargeisa,SO,Somalia,medium_airport,"9.513207, 44.082389"
KMU,Kismayo Airport,Kismayo,SO,Somalia,medium_airport,"-0.377353, 42.459202"
LGX,Lugh Ganane Airport,Luuq,SO,Somalia,small_airport,"3.8124, 42.5459"
LKR,Las Khorey Airport,Las Khorey,SO,Somalia,small_airport,"11.17348, 48.21426"
MGQ,Aden Adde International Airport,Mogadishu,SO,Somalia,medium_airport,"2.0144400596618652, 45.3046989440918"
AAJ,Cayana Airstrip,Awaradam,SR,Suriname,small_airport,"3.898681, -55.577907"
ABN,Albina Airport,Albina,SR,Suriname,small_airport,"5.51272, -54.050098"
AGI,Wageningen Airstrip,Wageningen,SR,Suriname,small_airport,"5.841252, -56.673247"
BTO,Botopasi Airport,Botopasi,SR,Suriname,small_airport,"4.217511, -55.447054"
DOE,Djumu-Djomoe Airport,Djumu-Djomoe,SR,Suriname,small_airport,"4.005713, -55.481644"
DRJ,Drietabbetje Airport,Drietabbetje,SR,Suriname,small_airport,"4.111359, -54.672766"
ICK,Nieuw Nickerie - Major Henk Fernandes Airport,Nieuw Nickerie,SR,Suriname,small_airport,"5.955435, -57.040617"
KCB,Tepoe Airstrip,Kasikasima,SR,Suriname,small_airport,"3.15000009537, -55.716999054"
LDO,Ladouanie Airport,Aurora,SR,Suriname,small_airport,"4.376108, -55.407057"
MOJ,Moengo Airstrip,Moengo,SR,Suriname,small_airport,"5.6076, -54.4003"
OEM,Vincent Fayks Airport,Paloemeu,SR,Suriname,small_airport,"3.346051, -55.443707"
ORG,Zorg en Hoop Airport,Paramaribo,SR,Suriname,small_airport,"5.811131, -55.1913"
PBM,Johan Adolf Pengel International Airport,Zandery,SR,Suriname,large_airport,"5.45283, -55.187801"
SMZ,Stoelmanseiland Airport,Stoelmanseiland,SR,Suriname,small_airport,"4.351389, -54.418056"
TOT,Totness Airport,Totness,SR,Suriname,small_airport,"5.86583, -56.327499"
WSO,Washabo Airport,Washabo,SR,Suriname,small_airport,"5.215277, -57.185302"
AEE,Adareil Airport,Adar,SS,South Sudan,small_airport,"10.053611, 32.959444"
JUB,Juba International Airport,Juba,SS,South Sudan,large_airport,"4.87201, 31.601101"
MAK,Malakal Airport,Malakal,SS,South Sudan,medium_airport,"9.55897, 31.652201"
RBX,Rumbek Airport,Rumbek,SS,South Sudan,small_airport,"6.831074, 29.669073"
WUU,Wau Airport,Wau,SS,South Sudan,medium_airport,"7.72583, 27.975"
PCP,Principe Airport,São Tomé & Príncipe,ST,Sao Tome and Principe,medium_airport,"1.66294, 7.41174"
TMS,São Tomé International Airport,São Tomé,ST,Sao Tome and Principe,large_airport,"0.378175, 6.71215"
ILS,Ilopango International Airport,San Salvador,SV,El Salvador,medium_airport,"13.6995, -89.119904"
SAL,Monseñor Óscar Arnulfo Romero International Airport,San Salvador (San Luis Talpa),SV,El Salvador,large_airport,"13.4409, -89.055702"
SXM,Princess Juliana International Airport,Sint Maarten,SX,Sint Maarten,large_airport,"18.041, -63.108898"
ALP,Aleppo International Airport,Aleppo,SY,Syria,medium_airport,"36.180698, 37.2244"
DAM,Damascus International Airport,Damascus,SY,Syria,large_airport,"33.4114990234375, 36.51559829711914"
DEZ,Deir ez-Zor Airport,Deir ez-Zor,SY,Syria,medium_airport,"35.2854, 40.175999"
KAC,Qamishli Airport,Qamishly,SY,Syria,medium_airport,"37.020599, 41.191399"
LTK,Hmeimim Air Base,Latakia,SY,Syria,medium_airport,"35.4011, 35.9487"
PMS,Palmyra Airport,Tadmur,SY,Syria,medium_airport,"34.5574, 38.316898"
SOR,Al Thaurah Airport,T2,SY,Syria,small_airport,"34.390394, 40.15256"
MTS,Matsapha Airport,Manzini,SZ,Eswatini,medium_airport,"-26.528999, 31.307501"
SHO,King Mswati III International Airport,Mpaka,SZ,Eswatini,large_airport,"-26.358611, 31.716944"
GDT,JAGS McCartney International Airport,Cockburn Town,TC,Turks and Caicos Islands,medium_airport,"21.4445, -71.142303"
MDS,Middle Caicos Airport,Middle Caicos,TC,Turks and Caicos Islands,small_airport,"21.82602, -71.8025"
NCA,North Caicos Airport,North Caicos,TC,Turks and Caicos Islands,medium_airport,"21.916094, -71.942954"
PIC,Pine Cay Airport,Pine Cay,TC,Turks and Caicos Islands,small_airport,"21.874661, -72.090573"
PLS,Providenciales International Airport,Providenciales,TC,Turks and Caicos Islands,large_airport,"21.773697, -72.268321"
SLX,Salt Cay Airport,Salt Cay,TC,Turks and Caicos Islands,small_airport,"21.333000183099998, -71.1999969482"
XSC,South Caicos Airport,South Caicos,TC,Turks and Caicos Islands,medium_airport,"21.515699, -71.528503"
AEH,Abeche Airport,Abeche,TD,Chad,medium_airport,"13.847, 20.844299"
AKM,Zakuoma Airport,ZaKouma,TD,Chad,small_airport,"10.8902777778, 19.8172222222"
AMC,Am Timan Airport,Am Timan,TD,Chad,small_airport,"11.0340003967, 20.274000167799997"
AMO,Mao Airport,Mao,TD,Chad,small_airport,"14.1456, 15.3144"
AOD,Abou-Deïa Airport,Abou-Deïa,TD,Chad,small_airport,"11.4773, 19.2874"
ATV,Ati Airport,Ati,TD,Chad,small_airport,"13.239778, 18.315893"
BKR,Bokoro Airport,Bokoro,TD,Chad,small_airport,"12.385511, 17.070989"
FYT,Faya-Largeau Airport,Faya-Largeau,TD,Chad,medium_airport,"17.917101, 19.111099"
LTC,Lai Airport,Lai,TD,Chad,small_airport,"9.3979, 16.3125"
MEF,Melfi Airport,Melfi,TD,Chad,small_airport,"11.060192, 17.944495"
MQQ,Moundou Airport,Moundou,TD,Chad,medium_airport,"8.628503, 16.074241"
MVO,Mongo Airport,Mongo,TD,Chad,small_airport,"12.17048, 18.675642"
NDJ,N'Djamena International Airport,N'Djamena,TD,Chad,large_airport,"12.1337, 15.034"
OGR,Bongor Airport,Bongor,TD,Chad,small_airport,"10.288345, 15.379561"
OTC,Bol-Berim Airport,Bol,TD,Chad,small_airport,"13.443574, 14.739254"
OUM,Oum Hadjer Airport,Oum Hadjer,TD,Chad,small_airport,"13.278244, 19.710256"
OUT,Bousso Airport,Bousso,TD,Chad,small_airport,"10.483, 16.716999"
PLF,Pala Airport,Pala,TD,Chad,small_airport,"9.37806, 14.925"
SRH,Sarh Airport,Sarh,TD,Chad,small_airport,"9.14444, 18.374399"
LFW,Lomé–Tokoin International Airport,Lomé,TG,Togo,medium_airport,"6.16561, 1.25451"
LRL,Niamtougou International Airport,Niamtougou,TG,Togo,medium_airport,"9.767330169677734, 1.091249942779541"
BAO,Udorn Air Base,Ban Mak Khaen,TH,Thailand,small_airport,"17.382999420166016, 102.80000305175781"
BFV,Buri Ram Airport,Buriram,TH,Thailand,medium_airport,"15.2295, 103.252998"
BKK,Suvarnabhumi Airport,Bangkok,TH,Thailand,large_airport,"13.681099891662598, 100.74700164794922"
BTZ,Betong International Airport,Betong,TH,Thailand,medium_airport,"5.79, 101.15"
CEI,Mae Fah Luang - Chiang Rai International Airport,Chiang Rai,TH,Thailand,medium_airport,"19.952299, 99.882896"
CJM,Chumphon Airport,Chumphon,TH,Thailand,medium_airport,"10.7112, 99.361702"
CNX,Chiang Mai International Airport,Chiang Mai,TH,Thailand,large_airport,"18.766799926799997, 98.962600708"
DMK,Don Mueang International Airport,Bangkok,TH,Thailand,large_airport,"13.9125995636, 100.607002258"
HDY,Hat Yai International Airport,Hat Yai,TH,Thailand,medium_airport,"6.93320989609, 100.392997742"
HGN,Mae Hong Son Airport,Mae Hong Son,TH,Thailand,medium_airport,"19.3013, 97.9758"
HHQ,Hua Hin Airport,Hua Hin,TH,Thailand,medium_airport,"12.6361999512, 99.951499939"
HKT,Phuket International Airport,Phuket,TH,Thailand,large_airport,"8.1132, 98.316902"
KBV,Krabi Airport,Krabi,TH,Thailand,medium_airport,"8.09912014008, 98.9861984253"
KDT,Kamphaeng Saen Airport,Nakhon Pathom,TH,Thailand,medium_airport,"14.1020002365, 99.9171981812"
KKC,Khon Kaen Airport,Khon Kaen,TH,Thailand,medium_airport,"16.466600418099997, 102.783996582"
KKM,Sa Pran Nak Airport,,TH,Thailand,small_airport,"14.9493999481, 100.642997742"
KOP,Nakhon Phanom Airport,Nakhon Phanom,TH,Thailand,medium_airport,"17.383801, 104.642998"
LOE,Loei Airport,,TH,Thailand,medium_airport,"17.43910026550293, 101.72200012207031"
LPT,Lampang Airport,,TH,Thailand,medium_airport,"18.27090072631836, 99.50420379638672"
MAQ,Mae Sot Airport,,TH,Thailand,medium_airport,"16.699899673461914, 98.54509735107422"
NAK,Nakhon Ratchasima Airport,Chaloem Phra Kiat,TH,Thailand,medium_airport,"14.9495, 102.313004"
NAW,Narathiwat Airport,,TH,Thailand,medium_airport,"6.5199198722839355, 101.74299621582031"
NNT,Nan Airport,,TH,Thailand,medium_airport,"18.807899475097656, 100.78299713134766"
NST,Nakhon Si Thammarat Airport,Nakhon Si Thammarat,TH,Thailand,medium_airport,"8.539620399475098, 99.9447021484375"
PAN,Pattani Airport,,TH,Thailand,medium_airport,"6.78546, 101.153999"
PHS,Phitsanulok Airport,Phitsanulok,TH,Thailand,medium_airport,"16.7829, 100.278999"
PHY,Phetchabun Airport,,TH,Thailand,medium_airport,"16.6760005951, 101.194999695"
PRH,Phrae Airport,,TH,Thailand,medium_airport,"18.1322, 100.165001"
PXR,Surin Airport,Surin,TH,Thailand,medium_airport,"14.868300437927, 103.49800109863"
PYY,Pai Airport,Pai,TH,Thailand,small_airport,"19.372054, 98.435904"
ROI,Roi Et Airport,Roi Et,TH,Thailand,medium_airport,"16.1168, 103.774002"
SGZ,Songkhla Airport,,TH,Thailand,medium_airport,"7.186560153961182, 100.60800170898438"
SNO,Sakon Nakhon Airport,,TH,Thailand,medium_airport,"17.195100784301758, 104.11900329589844"
TDX,Trat Airport,Laem Ngop,TH,Thailand,medium_airport,"12.2746, 102.319"
THS,Sukhothai Airport,,TH,Thailand,medium_airport,"17.238000869750977, 99.81819915771484"
TKH,Takhli Airport,,TH,Thailand,medium_airport,"15.277299881, 100.29599762"
TKT,Tak Airport,,TH,Thailand,medium_airport,"16.896, 99.253304"
TST,Trang Airport,Trang,TH,Thailand,medium_airport,"7.50874, 99.6166"
UBP,Ubon Ratchathani Airport,Ubon Ratchathani,TH,Thailand,medium_airport,"15.2512998581, 104.870002747"
UNN,Ranong Airport,Ranong,TH,Thailand,medium_airport,"9.77762, 98.585503"
URT,Surat Thani Airport,Surat Thani,TH,Thailand,medium_airport,"9.13259983063, 99.135597229"
USM,Samui Airport,Na Thon (Ko Samui Island),TH,Thailand,medium_airport,"9.54779, 100.061996"
UTH,Udon Thani Airport,Udon Thani,TH,Thailand,medium_airport,"17.386400222800003, 102.788002014"
UTP,U-Tapao International Airport,Rayong,TH,Thailand,medium_airport,"12.679900169372559, 101.00499725341797"
UTR,Uttaradit Airport,Uttaradit,TH,Thailand,small_airport,"17.617000579833984, 100.0999984741211"
DYU,Dushanbe International Airport,Dushanbe,TJ,Tajikistan,medium_airport,"38.543746, 68.822977"
KQT,Qurghonteppa International Airport,Kurgan-Tyube,TJ,Tajikistan,medium_airport,"37.86640167236328, 68.86470031738281"
LBD,Khujand Airport,Khujand,TJ,Tajikistan,medium_airport,"40.215401, 69.694702"
TJU,Kulob Airport,Kulyab,TJ,Tajikistan,medium_airport,"37.98809814453125, 69.80500030517578"
AUT,Atauro Airport,Vila,TL,Timor-Leste,small_airport,"-8.243133, 125.606378"
BCH,Cakung Airport,Baucau,TL,Timor-Leste,medium_airport,"-8.486479, 126.399981"
DIL,Presidente Nicolau Lobato International Airport,Dili,TL,Timor-Leste,medium_airport,"-8.546562, 125.524507"
MPT,Maliana Airport,Maliana,TL,Timor-Leste,small_airport,"-8.97224, 125.214996"
OEC,Rota Do Sândalo Oecusse Airport,Oecussi-Ambeno,TL,Timor-Leste,medium_airport,"-9.19806, 124.343002"
UAI,Suai Airport,Suai,TL,Timor-Leste,medium_airport,"-9.30331039428711, 125.28700256347656"
VIQ,Viqueque Airport,Viqueque,TL,Timor-Leste,small_airport,"-8.88379955291748, 126.37300109863281"
ASB,Ashgabat International Airport,Ashgabat,TM,Turkmenistan,large_airport,"37.986801, 58.361"
BKN,Balkanabat Airport,Balkanabat,TM,Turkmenistan,small_airport,"39.480598, 54.366001"
CRZ,Türkmenabat International Airport,Türkmenabat,TM,Turkmenistan,medium_airport,"38.930662, 63.563982"
KEA,Kerki Airport,Kerki,TM,Turkmenistan,small_airport,"37.822051, 65.135279"
KRW,Turkmenbashi International Airport,Turkmenbashi,TM,Turkmenistan,medium_airport,"40.063301, 53.007198"
MYP,Mary International Airport,Mary,TM,Turkmenistan,medium_airport,"37.62353, 61.895668"
TAZ,Daşoguz Airport,Daşoguz,TM,Turkmenistan,medium_airport,"41.759853, 59.836149"
DJE,Djerba Zarzis International Airport,Mellita,TN,Tunisia,medium_airport,"33.875, 10.7755"
EBM,El Borma Airport,El Borma,TN,Tunisia,medium_airport,"31.7043, 9.25462"
GAE,Gabès Matmata International Airport,Gabès,TN,Tunisia,medium_airport,"33.733691, 9.91941"
GAF,Gafsa Ksar International Airport,Gafsa,TN,Tunisia,medium_airport,"34.422000885009766, 8.822500228881836"
MIR,Monastir Habib Bourguiba International Airport,Monastir,TN,Tunisia,medium_airport,"35.75809860229492, 10.75469970703125"
NBE,Enfidha - Hammamet International Airport,Enfidha,TN,Tunisia,medium_airport,"36.075833, 10.438611"
SFA,Sfax Thyna International Airport,Sfax,TN,Tunisia,medium_airport,"34.71799850463867, 10.690999984741211"
TBJ,Tabarka-Aïn Draham International Airport,Tabarka,TN,Tunisia,medium_airport,"36.98, 8.87694"
TOE,Tozeur Nefta International Airport,Tozeur,TN,Tunisia,medium_airport,"33.939701080322266, 8.110560417175293"
TUN,Tunis Carthage International Airport,Tunis,TN,Tunisia,large_airport,"36.851002, 10.2272"
EUA,Kaufana Airport,Eua Island,TO,Tonga,small_airport,"-21.378299713100002, -174.957992554"
HPA,Lifuka Island Airport,Lifuka,TO,Tonga,medium_airport,"-19.777000427246094, -174.34100341796875"
NFO,Mata'aho Airport,"Angaha, Niuafo'ou Island",TO,Tonga,small_airport,"-15.570603, -175.631283"
NTT,Kuini Lavenia Airport,Niuatoputapu,TO,Tonga,small_airport,"-15.977297, -173.791089"
TBU,Fua'amotu International Airport,Nuku'alofa,TO,Tonga,medium_airport,"-21.241199493408203, -175.14999389648438"
VAV,Vava'u International Airport,Vava'u Island,TO,Tonga,medium_airport,"-18.58530044555664, -173.96200561523438"
ADA,Adana Şakirpaşa Airport,Seyhan,TR,Turkey,medium_airport,"36.982201, 35.280399"
ADB,Adnan Menderes International Airport,Gaziemir,TR,Turkey,large_airport,"38.2924, 27.157"
ADF,Adıyaman Airport,Adıyaman,TR,Turkey,medium_airport,"37.7314, 38.468899"
AFY,Afyon Air Base,Afyonkarahisar,TR,Turkey,medium_airport,"38.726398, 30.601101"
AJI,Ağrı Airport,Ağrı,TR,Turkey,medium_airport,"39.655642, 43.025742"
ANK,Etimesgut Air Base,Ankara,TR,Turkey,medium_airport,"39.949798584, 32.6885986328"
AOE,Anadolu Airport,Eskişehir,TR,Turkey,medium_airport,"39.809898, 30.5194"
ASR,Kayseri Erkilet Airport,Kayseri,TR,Turkey,medium_airport,"38.770401001, 35.4953994751"
AYT,Antalya International Airport,Antalya,TR,Turkey,large_airport,"36.898701, 30.800501"
BAL,Batman Airport,Batman,TR,Turkey,medium_airport,"37.929000854499996, 41.1166000366"
BDM,Bandırma Airport,Bandırma,TR,Turkey,medium_airport,"40.318001, 27.977699"
BGG,Bingöl Airport,Bingöl,TR,Turkey,small_airport,"38.860131, 40.594489"
BJV,Milas Bodrum International Airport,Bodrum,TR,Turkey,large_airport,"37.250599, 27.664301"
BXN,Bodrum-Imsık Airport,Bodrum,TR,Turkey,small_airport,"37.140099, 27.669701"
BZI,Balıkesir Airport,Balıkesir,TR,Turkey,medium_airport,"39.619301, 27.926001"
CII,Aydın Çıldır Airport,Aydın,TR,Turkey,small_airport,"37.815389, 27.887566"
CKZ,Çanakkale Airport,Çanakkale,TR,Turkey,medium_airport,"40.1376991272, 26.4267997742"
COV,Çukurova International Airport,Tarsus,TR,Turkey,large_airport,"36.890908, 35.070522"
DIY,Diyarbakır Airport,Diyarbakır,TR,Turkey,medium_airport,"37.893902, 40.201"
DLM,Dalaman International Airport,Dalaman,TR,Turkey,large_airport,"36.7131004333, 28.7924995422"
DNZ,Çardak Airport,Denizli,TR,Turkey,medium_airport,"37.7855987549, 29.7012996674"
EDO,Balıkesir Koca Seyit Airport,Edremit,TR,Turkey,medium_airport,"39.5546, 27.0138"
ERC,Erzincan Airport,Erzincan,TR,Turkey,medium_airport,"39.7102012634, 39.527000427199994"
ERZ,Erzurum International Airport,Erzurum,TR,Turkey,medium_airport,"39.956501, 41.1702"
ESB,Esenboğa International Airport,Ankara,TR,Turkey,large_airport,"40.128101, 32.995098"
ESK,Eskişehir Air Base,Eskişehir,TR,Turkey,medium_airport,"39.7841, 30.5821"
EZS,Elazığ Airport,Elazığ,TR,Turkey,medium_airport,"38.597974, 39.28348"
GKD,Gökçeada Airport,Gökçeada,TR,Turkey,small_airport,"40.204498, 25.883302"
GNY,Şanlıurfa GAP Airport,Şanlıurfa,TR,Turkey,medium_airport,"37.445663, 38.895592"
GZP,Gazipaşa-Alanya Airport,Gazipaşa,TR,Turkey,medium_airport,"36.299217, 32.300598"
GZT,Gaziantep International Airport,Gaziantep,TR,Turkey,medium_airport,"36.947201, 37.478699"
HTY,Hatay Airport,Antakya,TR,Turkey,medium_airport,"36.362778, 36.282223"
IGD,Iğdır Airport,Iğdır,TR,Turkey,medium_airport,"39.976627, 43.876648"
IGL,Çiğli Airbase,Çiğli,TR,Turkey,medium_airport,"38.513, 27.010099"
ISE,Süleyman Demirel International Airport,Isparta,TR,Turkey,medium_airport,"37.8554, 30.368401"
ISL,İstanbul Atatürk Airport,"Bakırköy, Istanbul",TR,Turkey,medium_airport,"40.971913, 28.823714"
IST,İstanbul Airport,"Arnavutköy, Istanbul",TR,Turkey,large_airport,"41.261297, 28.741951"
IZM,Selçuk Efes Airport,Selçuk,TR,Turkey,small_airport,"37.950699, 27.329"
KCM,Kahramanmaraş Airport,Kahramanmaraş,TR,Turkey,medium_airport,"37.5388259888, 36.9535217285"
KCO,Cengiz Topel Airport,Kartepe,TR,Turkey,medium_airport,"40.735001, 30.0833"
KFS,Kastamonu Airport,Kastamonu,TR,Turkey,medium_airport,"41.314201, 33.795799"
KSY,Kars Airport,Kars,TR,Turkey,medium_airport,"40.562198638916016, 43.1150016784668"
KYA,Konya Airport,Konya,TR,Turkey,medium_airport,"37.979, 32.561901"
KZR,Zafer Airport,Altıntaş,TR,Turkey,small_airport,"39.113079, 30.128111"
MLX,Malatya Erhaç Airport,Malatya,TR,Turkey,medium_airport,"38.435298919699996, 38.0909996033"
MQM,Mardin Airport,Mardin,TR,Turkey,medium_airport,"37.223300933800004, 40.6316986084"
MSR,Muş Airport,Muş,TR,Turkey,medium_airport,"38.747798919677734, 41.66120147705078"
MZH,Amasya Merzifon Airport,Amasya,TR,Turkey,small_airport,"40.829399, 35.521999"
NAV,Nevşehir Kapadokya Airport,Nevşehir,TR,Turkey,small_airport,"38.7719, 34.5345"
NKT,Şırnak Şerafettin Elçi Airport,Şırnak,TR,Turkey,medium_airport,"37.3647, 42.0582"
NOP,Sinop Airport,Sinop,TR,Turkey,medium_airport,"42.018313, 35.071774"
OGU,Ordu–Giresun Airport,Ordu,TR,Turkey,medium_airport,"40.966872, 38.085995"
ONQ,Zonguldak Çaycuma Airport,Zonguldak,TR,Turkey,medium_airport,"41.506401, 32.0886"
RZV,Rize–Artvin Airport,Rize,TR,Turkey,medium_airport,"41.179766, 40.848802"
SAW,Istanbul Sabiha Gökçen International Airport,"Pendik, Istanbul",TR,Turkey,large_airport,"40.898602, 29.3092"
SXZ,Siirt Airport,Siirt,TR,Turkey,medium_airport,"37.97890090942383, 41.84040069580078"
SZF,Samsun-Çarşamba Airport,Samsun,TR,Turkey,medium_airport,"41.253988, 36.567546"
TEQ,Tekirdağ Çorlu Airport,Çorlu,TR,Turkey,medium_airport,"41.13819885253906, 27.919099807739258"
TJK,Tokat Airport,Tokat,TR,Turkey,medium_airport,"40.32472, 36.39056"
TZX,Trabzon International Airport,Trabzon,TR,Turkey,medium_airport,"40.995098, 39.7897"
UAB,İncirlik Air Base,Sarıçam,TR,Turkey,medium_airport,"37.002102, 35.4259"
USQ,Uşak Airport,Uşak,TR,Turkey,medium_airport,"38.681499, 29.471701"
VAN,Van Ferit Melen Airport,Van,TR,Turkey,medium_airport,"38.46820068359375, 43.332298278808594"
VAS,Sivas Nuri Demirağ Airport,Sivas,TR,Turkey,small_airport,"39.813801, 36.9035"
YEI,Bursa Yenişehir Airport,Yenişehir,TR,Turkey,medium_airport,"40.255199, 29.562599"
YKO,Hakkari Yüksekova Airport,Hakkari,TR,Turkey,medium_airport,"37.5497, 44.2381"
POS,Piarco International Airport,Port of Spain,TT,Trinidad and Tobago,medium_airport,"10.5954, -61.3372"
TAB,A.N.R. Robinson International Airport,Scarborough,TT,Trinidad and Tobago,medium_airport,"11.1497, -60.832199"
FUN,Funafuti International Airport,Funafuti,TV,Tuvalu,medium_airport,"-8.525, 179.195999"
CMJ,Qimei Airport,Qimei,TW,Taiwan,small_airport,"23.213127, 119.417539"
CYI,Chiayi Airport,Shuishang,TW,Taiwan,medium_airport,"23.462577, 120.390544"
DSX,Dongsha Island (Pratas Island) Airport,Kaohsiung (Cijin - Pratas Island),TW,Taiwan,small_airport,"20.7066, 116.721001"
GNI,Lüdao Airport,Lüdao,TW,Taiwan,small_airport,"22.673901, 121.466003"
HCN,Hengchun Airport,Hengchun,TW,Taiwan,medium_airport,"22.0411, 120.730003"
HSZ,Hsinchu Air Base,Hsinchu City,TW,Taiwan,medium_airport,"24.8180007935, 120.939002991"
HUN,Hualien Airport,Hualien City,TW,Taiwan,medium_airport,"24.023099899291992, 121.61799621582031"
KHH,Kaohsiung International Airport,Kaohsiung (Xiaogang),TW,Taiwan,large_airport,"22.577101, 120.349998"
KNH,Kinmen Airport,Shang-I,TW,Taiwan,medium_airport,"24.4279, 118.359001"
KYD,Lanyu Airport,Orchid Island,TW,Taiwan,medium_airport,"22.027000427246094, 121.53500366210938"
LZN,Matsu Nangan Airport,Matsu (Nangan),TW,Taiwan,medium_airport,"26.159656, 119.958376"
MFK,Matsu Beigan Airport,Matsu (Beigan),TW,Taiwan,medium_airport,"26.224199, 120.002998"
MZG,Penghu Magong Airport,Huxi,TW,Taiwan,medium_airport,"23.568701, 119.627998"
PIF,Pingtung Air Force Base North,Pingtung,TW,Taiwan,medium_airport,"22.700199, 120.482002"
RMQ,Taichung International Airport / Ching Chuang Kang Air Base,Taichung (Qingshui),TW,Taiwan,medium_airport,"24.2647, 120.621002"
TNN,Tainan International Airport / Tainan Air Base,Tainan (Rende),TW,Taiwan,medium_airport,"22.950399, 120.206001"
TPE,Taiwan Taoyuan International Airport,Taoyuan,TW,Taiwan,large_airport,"25.0777, 121.233002"
TSA,Taipei Songshan Airport,Taipei (Songshan),TW,Taiwan,medium_airport,"25.069401, 121.552002"
TTT,Taitung Airport,Taitung City,TW,Taiwan,medium_airport,"22.7549991607666, 121.10199737548828"
WOT,Wang'an Airport,Wang'an,TW,Taiwan,small_airport,"23.369108, 119.503598"
ARK,Arusha Airport,Arusha,TZ,Tanzania,medium_airport,"-3.3677899837493896, 36.63330078125"
BKZ,Bukoba Airport,Bukoba,TZ,Tanzania,small_airport,"-1.332, 31.8212"
DAR,Julius Nyerere International Airport,Dar es Salaam,TZ,Tanzania,large_airport,"-6.87811, 39.202599"
DOD,Dodoma Airport,Dodoma,TZ,Tanzania,medium_airport,"-6.17044, 35.752602"
GIT,Mchauru Airport,Geita,TZ,Tanzania,small_airport,"-2.813667, 32.172472"
GTC,Chato/Geita Airport,Chato District,TZ,Tanzania,small_airport,"-2.74233, 31.70683"
GTZ,Kirawira B Aerodrome,Grumeti Game Reserve,TZ,Tanzania,small_airport,"-2.160833, 34.225556"
IRI,Iringa Airport,Nduli,TZ,Tanzania,medium_airport,"-7.66863, 35.752102"
JOM,Njombe Airport,Njombe,TZ,Tanzania,small_airport,"-9.35, 34.799999"
JRO,Kilimanjaro International Airport,Arusha,TZ,Tanzania,medium_airport,"-3.42941, 37.074501"
KBH,Kahama Airstrip,Kahama,TZ,Tanzania,small_airport,"-3.847, 32.6865"
KIY,Kilwa Airport,Kilwa Masoko,TZ,Tanzania,small_airport,"-8.91123, 39.508619"
LDI,Lindi Airport,Lindi,TZ,Tanzania,small_airport,"-9.851005, 39.75911"
LKY,Lake Manyara Airport,Lake Manyara National Park,TZ,Tanzania,medium_airport,"-3.37631, 35.818298"
MBI,Songwe Airport,Mbeya,TZ,Tanzania,medium_airport,"-8.919942, 33.273981"
MFA,Mafia Airport,Kilindoni,TZ,Tanzania,small_airport,"-7.917478, 39.668502"
MUZ,Musoma Airport,Musoma,TZ,Tanzania,small_airport,"-1.503, 33.8021"
MWN,Mwadui Airport,Mwadui,TZ,Tanzania,small_airport,"-3.521332, 33.615542"
MWZ,Mwanza Airport,Mwanza,TZ,Tanzania,medium_airport,"-2.4444899559020996, 32.932701110839844"
MYW,Mtwara Airport,Mtwara,TZ,Tanzania,medium_airport,"-10.336204, 40.181997"
NCH,Nachingwea Airport,Nachingwea,TZ,Tanzania,small_airport,"-10.3575, 38.779202"
NPY,Mpanda Airport,Mpanda,TZ,Tanzania,small_airport,"-6.355374, 31.084116"
PMA,Pemba Airport,Chake Chake,TZ,Tanzania,medium_airport,"-5.25726, 39.811401"
QSI,Moshi Airport,Moshi,TZ,Tanzania,small_airport,"-3.36333, 37.3269"
SEU,Seronera Airport,Seronera,TZ,Tanzania,small_airport,"-2.45806, 34.822498"
SGX,Songea Airport,Songea,TZ,Tanzania,small_airport,"-10.683, 35.583"
SHY,Shinyanga Airport,Shinyanga,TZ,Tanzania,small_airport,"-3.6093, 33.5035"
SUT,Sumbawanga Airport,Sumbawanga,TZ,Tanzania,small_airport,"-7.948889, 31.610278"
TBO,Tabora Airport,Tabora,TZ,Tanzania,small_airport,"-5.07639, 32.833302"
TGT,Tanga Airport,Tanga,TZ,Tanzania,medium_airport,"-5.09236, 39.071201"
TKQ,Kigoma Airport,Kigoma,TZ,Tanzania,small_airport,"-4.8862, 29.6709"
XMI,Masasi Airport,Masasi,TZ,Tanzania,small_airport,"-10.733, 38.766998"
ZNZ,Abeid Amani Karume International Airport,Zanzibar,TZ,Tanzania,large_airport,"-6.22202, 39.224899"
CKC,Cherkasy International Airport,Cherkasy,UA,Ukraine,medium_airport,"49.4156, 31.9953"
CWC,Chernivtsi International Airport,Chernivtsi,UA,Ukraine,medium_airport,"48.259300231933594, 25.98080062866211"
DNK,Dnipro International Airport,Dnipro,UA,Ukraine,medium_airport,"48.357201, 35.100601"
ERD,Berdyansk Airport,Berdyansk,UA,Ukraine,medium_airport,"46.814999, 36.758099"
HMJ,Khmelnytskyi Airport,Khmelnytskyi,UA,Ukraine,medium_airport,"49.359699, 26.933399"
HRK,Kharkiv International Airport,Kharkiv,UA,Ukraine,medium_airport,"49.926943, 36.290814"
IEV,Ihor Sikorsky Kyiv International Airport (Zhuliany),Kyiv,UA,Ukraine,medium_airport,"50.40194, 30.45194"
IFO,Ivano-Frankivsk International Airport,Ivano-Frankivsk,UA,Ukraine,medium_airport,"48.88420104980469, 24.686100006103516"
KBP,Boryspil International Airport,Boryspil,UA,Ukraine,large_airport,"50.345001, 30.894699"
KCP,Kam'yanets'-Podil's'kyi Airfield,Kamyan'ka,UA,Ukraine,small_airport,"48.695631, 26.609471"
KGO,Kirovograd Airport,Kirovograd,UA,Ukraine,small_airport,"48.542801, 32.285"
KHC,Kerch Airport,Kerch,UA,Ukraine,small_airport,"45.372501, 36.401402"
KHE,Kherson International Airport,Kherson,UA,Ukraine,medium_airport,"46.6758, 32.506401"
KHU,Kakhnovka Airfield,Kremenchuk,UA,Ukraine,small_airport,"49.136799, 33.477893"
KRQ,Kramatorsk Airport,Kramatorsk,UA,Ukraine,small_airport,"48.706799, 37.630922"
KWG,Kryvyi Rih International Airport,Kryvyi Rih,UA,Ukraine,medium_airport,"48.04330062866211, 33.209999084472656"
LWO,Lviv International Airport,Lviv,UA,Ukraine,large_airport,"49.8125, 23.9561"
MPW,Mariupol International Airport,Mariupol,UA,Ukraine,medium_airport,"47.07609939575195, 37.44960021972656"
MXR,Myrhorod Air Base,Myrhorod,UA,Ukraine,small_airport,"49.932, 33.641"
NLV,Mykolaiv International Airport,Nikolayev,UA,Ukraine,medium_airport,"47.057899, 31.9198"
ODS,Odessa International Airport,Odessa,UA,Ukraine,medium_airport,"46.4268, 30.6765"
OZH,Zaporizhzhia International Airport,Zaporizhia,UA,Ukraine,medium_airport,"47.867000579833984, 35.31570053100586"
PLV,Suprunovka Airport,Poltava,UA,Ukraine,small_airport,"49.5686, 34.397202"
RWN,Rivne International Airport,Rivne,UA,Ukraine,medium_airport,"50.60710144042969, 26.141599655151367"
SIP,Simferopol International Airport,Simferopol,UA,Ukraine,medium_airport,"45.0522, 33.975101"
TNL,Ternopil International Airport,Ternopil,UA,Ukraine,small_airport,"49.5242, 25.7001"
UCK,Lutsk Airport,Lutsk,UA,Ukraine,small_airport,"50.678404, 25.487165"
UDJ,Uzhhorod International Airport,Uzhhorod,UA,Ukraine,medium_airport,"48.6343, 22.263399"
UKS,Sevastopol International Airport / Belbek Air Base,Sevastopol,UA,Ukraine,medium_airport,"44.691822, 33.57462"
UMY,Sumy Airport,Sumy,UA,Ukraine,small_airport,"50.858299, 34.762501"
VIN,Vinnytsia/Gavyryshivka International Airport,Vinnitsa,UA,Ukraine,medium_airport,"49.242531, 28.613778"
ZTR,Zhytomyr Airport,Zhytomyr,UA,Ukraine,small_airport,"50.270556, 28.738611"
EBB,Entebbe International Airport,Kampala,UG,Uganda,large_airport,"0.042386, 32.443501"
JIN,Jinja Airport,Jinja,UG,Uganda,small_airport,"0.453094, 33.19356"
KCU,Masindi Airport,Masindi,UG,Uganda,small_airport,"1.75806, 31.7367"
KHX,Savannah Airstrip,Kihihi,UG,Uganda,small_airport,"-0.7165, 29.6997"
KJJ,Kajjansi Airfield,Kampala,UG,Uganda,small_airport,"0.1968, 32.55297"
KSE,Kasese Airport,Kasese,UG,Uganda,small_airport,"0.183, 30.1"
KXO,Kisoro Airport,Kisoro,UG,Uganda,small_airport,"-1.2837, 29.7197"
MBQ,Mbarara Airport,Mbarara,UG,Uganda,small_airport,"-0.555278, 30.5994"
OYG,Moyo Airport,Moyo,UG,Uganda,small_airport,"3.6444, 31.762762"
PAF,Kabalega Falls Airport,Pakuba,UG,Uganda,small_airport,"2.326563, 31.497698"
RUA,Arua Airport,Arua,UG,Uganda,medium_airport,"3.049152, 30.911714"
SRT,Soroti Airport,Soroti,UG,Uganda,medium_airport,"1.7276899814605713, 33.622798919677734"
TRY,Tororo Airport,Tororo,UG,Uganda,small_airport,"0.683, 34.167"
ULU,Gulu Airport,Gulu,UG,Uganda,medium_airport,"2.8055601119995117, 32.27180099487305"
AWK,Wake Island Airfield,Wake Island,UM,United States Minor Outlying Islands,medium_airport,"19.282437, 166.636637"
MDY,Henderson Field,Sand Island,UM,United States Minor Outlying Islands,medium_airport,"28.2017, -177.380997"
AAF,Apalachicola Regional Airport,Apalachicola,US,United States,small_airport,"29.727501, -85.027496"
ABE,Lehigh Valley International Airport,Allentown,US,United States,medium_airport,"40.651773, -75.442797"
ABI,Abilene Regional Airport,Abilene,US,United States,medium_airport,"32.4113006592, -99.68190002440001"
ABL,Ambler Airport,Ambler,US,United States,medium_airport,"67.105529, -157.855339"
ABQ,Albuquerque International Sunport,Albuquerque,US,United States,large_airport,"35.039976, -106.608925"
ABR,Aberdeen Regional Airport,Aberdeen,US,United States,medium_airport,"45.449100494384766, -98.42179870605469"
ABY,Southwest Georgia Regional Airport,Albany,US,United States,medium_airport,"31.532946, -84.196215"
ACB,Antrim County Airport,Bellaire,US,United States,small_airport,"44.988602, -85.198402"
ACK,Nantucket Memorial Airport,Nantucket,US,United States,medium_airport,"41.25310135, -70.06020355"
ACT,Waco Regional Airport,Waco,US,United States,medium_airport,"31.611299514770508, -97.23049926757812"
ACV,California Redwood Coast-Humboldt County Airport,Arcata/Eureka,US,United States,medium_airport,"40.978101, -124.109"
ACY,Atlantic City International Airport,Atlantic City,US,United States,medium_airport,"39.45759963989258, -74.57720184326172"
ADG,Lenawee County Airport,Adrian,US,United States,small_airport,"41.866205, -84.077983"
ADK,Adak Airport,Adak,US,United States,medium_airport,"51.883564, -176.642783"
ADM,Ardmore Municipal Airport,Ardmore,US,United States,small_airport,"34.30301, -97.0196342"
ADQ,Kodiak Airport,Kodiak,US,United States,medium_airport,"57.75, -152.4940033"
ADR,Robert F Swinnie Airport,Andrews,US,United States,small_airport,"33.4516983032, -79.5261993408"
ADS,Addison Airport,Dallas,US,United States,small_airport,"32.9686012268, -96.8364028931"
ADT,Ada Regional Airport,Ada,US,United States,medium_airport,"34.805214, -96.671988"
ADW,Joint Base Andrews,Camp Springs,US,United States,large_airport,"38.810799, -76.866997"
AEL,Albert Lea Municipal Airport,Albert Lea,US,United States,small_airport,"43.68149948, -93.36720276"
AET,Allakaket Airport,Allakaket,US,United States,small_airport,"66.551804, -152.621994"
AEX,Alexandria International Airport,Alexandria,US,United States,medium_airport,"31.3274, -92.549797"
AFF,USAF Academy Airfield,Colorado Springs,US,United States,small_airport,"38.972497, -104.821125"
AFN,Jaffrey Airfield Silver Ranch Airport,Jaffrey,US,United States,small_airport,"42.805099, -72.002998"
AFO,Afton Municipal Airport,Afton,US,United States,small_airport,"42.7112007141, -110.942001343"
AFW,Perot Field/Fort Worth Alliance Airport,Fort Worth,US,United States,medium_airport,"32.99044, -97.31947"
AGC,Allegheny County Airport,Pittsburgh,US,United States,medium_airport,"40.354401, -79.930199"
AGO,Magnolia Municipal Airport / Ralph C Weiser Field,Magnolia,US,United States,small_airport,"33.228001, -93.217002"
AGS,Augusta Regional At Bush Field,Augusta,US,United States,medium_airport,"33.3699, -81.9645"
AHC,Amedee Army Air Field,Herlong,US,United States,small_airport,"40.26620102, -120.1529999"
AHD,Ardmore Downtown Executive Airport,Ardmore,US,United States,small_airport,"34.1469993591, -97.1227035522"
AHF,Arapahoe Municipal Airport,Arapahoe,US,United States,small_airport,"40.341576, -99.907839"
AHH,Amery Municipal Airport,Amery,US,United States,small_airport,"45.2811012268, -92.37539672850001"
AHM,Ashland Municipal Airport Sumner Parker Field,Ashland,US,United States,small_airport,"42.190265, -122.660648"
AHN,Athens Ben Epps Airport,Athens,US,United States,medium_airport,"33.948842, -83.325634"
AIA,Alliance Municipal Airport,Alliance,US,United States,medium_airport,"42.052543, -102.803965"
AID,Anderson Municipal Darlington Field,Anderson,US,United States,small_airport,"40.10860061649999, -85.6129989624"
AIK,Aiken Regional Airport,Aiken,US,United States,small_airport,"33.649399, -81.684998"
AIN,Wainwright Airport,Wainwright,US,United States,medium_airport,"70.638, -159.994995"
AIO,Atlantic Municipal Airport,Atlantic,US,United States,small_airport,"41.40729904, -95.04689789"
AIV,George Downer Airport,Aliceville,US,United States,small_airport,"33.106499, -88.1978"
AIZ,Lee C Fine Memorial Airport,Kaiser Lake Ozark,US,United States,small_airport,"38.0960006714, -92.54949951170002"
AKB,Atka Airport,Atka,US,United States,small_airport,"52.220299, -174.205994"
AKC,Akron Fulton International Airport,Akron,US,United States,medium_airport,"41.037355, -81.46784"
AKI,Akiak Airport,Akiak,US,United States,small_airport,"60.902646, -161.23106"
AKK,Akhiok Airport,Akhiok,US,United States,small_airport,"56.938702, -154.182999"
AKN,King Salmon Airport,King Salmon,US,United States,medium_airport,"58.677845, -156.651965"
AKO,Colorado Plains Regional Airport,Akron,US,United States,small_airport,"40.1755981445, -103.222000122"
AKP,Anaktuvuk Pass Airport,Anaktuvuk Pass,US,United States,medium_airport,"68.133598, -151.742996"
ALB,Albany International Airport,Albany,US,United States,medium_airport,"42.74829864501953, -73.80169677734375"
ALE,Alpine Casparis Municipal Airport,Alpine,US,United States,small_airport,"30.384199, -103.683998"
ALI,Alice International Airport,Alice,US,United States,medium_airport,"27.7409, -98.026901"
ALM,Alamogordo White Sands Regional Airport,Alamogordo,US,United States,medium_airport,"32.837818, -105.993149"
ALN,St Louis Regional Airport,Alton/St Louis,US,United States,medium_airport,"38.89030075069999, -90.0459976196"
ALO,Waterloo Regional Airport,Waterloo,US,United States,medium_airport,"42.557098388671875, -92.40029907226562"
ALS,San Luis Valley Regional Airport/Bergman Field,Alamosa,US,United States,medium_airport,"37.434898, -105.866997"
ALW,Walla Walla Regional Airport,Walla Walla,US,United States,medium_airport,"46.09489822, -118.288002"
ALX,Thomas C Russell Field,Alexander City,US,United States,small_airport,"32.914699554399995, -85.9629974365"
AMA,Rick Husband Amarillo International Airport,Amarillo,US,United States,medium_airport,"35.219398, -101.706001"
AMK,Animas Air Park,Durango,US,United States,small_airport,"37.203201, -107.869003"
AMN,Gratiot Community Airport,Alma,US,United States,small_airport,"43.322101593, -84.68800354"
AMW,Ames Municipal Airport,Ames,US,United States,small_airport,"41.992001, -93.621803"
ANB,Anniston Regional Airport,Anniston,US,United States,medium_airport,"33.5882, -85.8581"
ANC,Ted Stevens Anchorage International Airport,Anchorage,US,United States,large_airport,"61.179004, -149.992561"
AND,Anderson Regional Airport,Anderson,US,United States,medium_airport,"34.4945983887, -82.70939636230001"
ANI,Aniak Airport,Aniak,US,United States,medium_airport,"61.581600189208984, -159.54299926757812"
ANN,Annette Island Airport,Metlakatla,US,United States,medium_airport,"55.037663, -131.572609"
ANP,Lee Airport,Annapolis,US,United States,small_airport,"38.942902, -76.568398"
ANQ,Tri State Steuben County Airport,Angola,US,United States,small_airport,"41.639702, -85.083504"
ANV,Anvik Airport,Anvik,US,United States,medium_airport,"62.646702, -160.190994"
ANW,Ainsworth Regional Airport,Ainsworth,US,United States,small_airport,"42.579201, -99.992995"
ANY,Anthony Municipal Airport,Anthony,US,United States,small_airport,"37.158501, -98.079597"
AOH,Lima Allen County Airport,Lima,US,United States,small_airport,"40.706902, -84.026703"
AOO,Altoona Blair County Airport,Altoona,US,United States,medium_airport,"40.296398, -78.32"
APA,Centennial Airport,Denver,US,United States,medium_airport,"39.57009888, -104.848999"
APC,Napa County Airport,Napa,US,United States,small_airport,"38.2132, -122.280998"
APF,Naples Municipal Airport,Naples,US,United States,medium_airport,"26.1525993347, -81.7752990723"
APG,Phillips Army Air Field,Aberdeen,US,United States,medium_airport,"39.466202, -76.1688"
APH,Mary Walker LZ Airport,Bowling Green,US,United States,small_airport,"38.068631, -77.319318"
APN,Alpena County Regional Airport,Alpena,US,United States,medium_airport,"45.0780983, -83.56030273"
APT,Marion County Airport - Brown Field,Jasper,US,United States,small_airport,"35.060699, -85.585297"
APV,Apple Valley Airport,Apple Valley,US,United States,small_airport,"34.575298309299995, -117.185997009"
AQY,Girdwood-Alyeska Airport,Girdwood,US,United States,small_airport,"60.968774, -149.119792"
ARA,Acadiana Regional Airport,New Iberia,US,United States,medium_airport,"30.0378, -91.883904"
ARB,Ann Arbor Municipal Airport,Ann Arbor,US,United States,small_airport,"42.2229995728, -83.74559783939999"
ARC,Arctic Village Airport,Arctic Village,US,United States,medium_airport,"68.1147, -145.578995"
ARG,Walnut Ridge Regional Airport,Walnut Ridge,US,United States,small_airport,"36.124667, -90.925111"
ART,Watertown International Airport,Watertown,US,United States,medium_airport,"43.991901, -76.021698"
ARV,Lakeland Airport Noble F Lee Memorial Field,Woodruff,US,United States,small_airport,"45.927898, -89.730904"
ASE,Aspen-Pitkin County Airport (Sardy Field),Aspen,US,United States,medium_airport,"39.223202, -106.869003"
ASH,Nashua Airport / Boire Field,Nashua,US,United States,small_airport,"42.7817, -71.514801"
ASL,Harrison County Airport,Marshall,US,United States,small_airport,"32.5205001831, -94.307800293"
ASN,Talladega Municipal Airport,Talladega,US,United States,small_airport,"33.569900512699995, -86.05090332030001"
ASQ,Austin Airport,Austin,US,United States,small_airport,"39.467708, -117.197576"
AST,Astoria Regional Airport,Astoria,US,United States,medium_airport,"46.158000946, -123.878997803"
ASX,John F Kennedy Memorial Airport,Ashland,US,United States,small_airport,"46.54850006, -90.91899872"
ASY,Ashley Municipal Airport,Ashley,US,United States,small_airport,"46.0238990784, -99.3526000977"
ATE,Antlers Municipal Airport,Antlers,US,United States,small_airport,"34.1926002502, -95.6499023438"
ATK,Atqasuk Edward Burnell Sr Memorial Airport,Atqasuk,US,United States,medium_airport,"70.46704, -157.436013"
ATL,Hartsfield Jackson Atlanta International Airport,Atlanta,US,United States,large_airport,"33.6367, -84.428101"
ATO,Ohio University Airport,Albany,US,United States,small_airport,"39.211839, -82.22949"
ATS,Artesia Municipal Airport,Artesia,US,United States,small_airport,"32.8525009155, -104.468002319"
ATT,Atmautluak Airport,Atmautluak,US,United States,small_airport,"60.866699, -162.272996"
ATU,Casco Cove Coast Guard Station,Attu,US,United States,small_airport,"52.829797, 173.173796"
ATW,Appleton International Airport,Appleton,US,United States,medium_airport,"44.258099, -88.519096"
ATY,Watertown Regional Airport,Watertown,US,United States,medium_airport,"44.91400146, -97.15470123"
AUG,Augusta State Airport,Augusta,US,United States,medium_airport,"44.320598602299995, -69.7973022461"
AUK,Alakanuk Airport,Alakanuk,US,United States,small_airport,"62.682653, -164.722481"
AUM,Austin Municipal Airport,Austin,US,United States,small_airport,"43.66500092, -92.93340302"
AUN,Auburn Municipal Airport,Auburn,US,United States,small_airport,"38.95479965, -121.0820007"
AUO,Auburn University Regional Airport,Auburn,US,United States,small_airport,"32.615101, -85.433998"
AUS,Austin Bergstrom International Airport,Austin,US,United States,large_airport,"30.197535, -97.662015"
AUW,Wausau Downtown Airport,Wausau,US,United States,medium_airport,"44.9262008667, -89.6266021729"
AUZ,Aurora Municipal Airport,Chicago/Aurora,US,United States,small_airport,"41.771900177, -88.47570037839999"
AVL,Asheville Regional Airport,Asheville,US,United States,medium_airport,"35.436199, -82.541801"
AVO,Avon Park Executive Airport,Avon Park,US,United States,small_airport,"27.59119987, -81.52780151"
AVP,Wilkes Barre Scranton International Airport,Wilkes-Barre/Scranton,US,United States,medium_airport,"41.338500976599995, -75.72339630130001"
AVW,Marana Regional Airport,Marana,US,United States,small_airport,"32.409065, -111.216199"
AVX,Catalina Airport,Avalon,US,United States,small_airport,"33.4049, -118.416"
AWM,West Memphis Municipal Airport,West Memphis,US,United States,small_airport,"35.1351013184, -90.2343978882"
AXB,Maxson Airfield,Alexandria Bay,US,United States,small_airport,"44.312002, -75.90034"
AXG,Algona Municipal Airport,Algona,US,United States,small_airport,"43.078104, -94.271836"
AXN,Chandler Field,Alexandria,US,United States,medium_airport,"45.866299, -95.394699"
AXS,Altus Quartz Mountain Regional Airport,Altus,US,United States,small_airport,"34.697952, -99.3385"
AXV,Neil Armstrong Airport,Wapakoneta,US,United States,small_airport,"40.49340057, -84.29889679"
AXX,Angel Fire Airport,Angel Fire,US,United States,small_airport,"36.422001, -105.290001"
AYS,Waycross Ware County Airport,Waycross,US,United States,small_airport,"31.2490997314, -82.39550018310001"
AZA,Mesa Gateway Airport,Mesa,US,United States,medium_airport,"33.3078, -111.654999"
AZO,Kalamazoo Battle Creek International Airport,Kalamazoo,US,United States,medium_airport,"42.234901428222656, -85.5521011352539"
BAB,Beale Air Force Base,Beale Air Force Base,US,United States,medium_airport,"39.136101, -121.436996"
BAD,Barksdale Air Force Base,Bossier City,US,United States,medium_airport,"32.501801, -93.662697"
BAF,Westfield-Barnes Regional Airport,Westfield,US,United States,medium_airport,"42.157799, -72.715599"
BAM,Battle Mountain Airport,Battle Mountain,US,United States,small_airport,"40.598999023400005, -116.874000549"
BBB,Benson Municipal Airport,Benson,US,United States,small_airport,"45.331902, -95.650597"
BBC,Bay City Regional Airport,Bay City,US,United States,small_airport,"28.973301, -95.863503"
BBD,Curtis Field,Brady,US,United States,medium_airport,"31.178931, -99.324732"
BBW,Broken Bow Municipal Airport,Broken Bow,US,United States,small_airport,"41.4365005493, -99.6421966553"
BBX,Wings Field,Philadelphia,US,United States,small_airport,"40.1375007629, -75.2650985718"
BCB,Virginia Tech Montgomery Executive Airport,Blacksburg,US,United States,small_airport,"37.207599639899996, -80.4077987671"
BCC,Bear Creek 3 Airport,Bear Creek,US,United States,small_airport,"63.5733160384, -156.149454117"
BCE,Bryce Canyon Airport,Bryce Canyon,US,United States,medium_airport,"37.706401825, -112.144996643"
BCS,Southern Seaplane Airport,Belle Chasse,US,United States,small_airport,"29.866078, -90.021608"
BCT,Boca Raton Airport,Boca Raton,US,United States,medium_airport,"26.3785, -80.107697"
BDE,Baudette International Airport,Baudette,US,United States,medium_airport,"48.7284011841, -94.612197876"
BDF,Rinkenberger Restricted Landing Area,Bradford,US,United States,small_airport,"41.230899810800004, -89.61569976810001"
BDG,Blanding Municipal Airport,Blanding,US,United States,small_airport,"37.58330154, -109.4830017"
BDL,Bradley International Airport,Hartford,US,United States,large_airport,"41.93851, -72.688066"
BDR,Igor I Sikorsky Memorial Airport,Bridgeport,US,United States,medium_airport,"41.163502, -73.126198"
BDX,Broadus Airport,Broadus,US,United States,small_airport,"45.470462, -105.457145"
BDY,Bandon State Airport,Bandon,US,United States,small_airport,"43.08649826, -124.4079971"
BEC,Beech Factory Airport,Wichita,US,United States,small_airport,"37.694499969499994, -97.21499633790002"
BED,Laurence G Hanscom Field,Bedford,US,United States,medium_airport,"42.470001, -71.289001"
BEH,Southwest Michigan Regional Airport,Benton Harbor,US,United States,small_airport,"42.128601074200006, -86.4284973145"
BET,Bethel Airport,Bethel,US,United States,medium_airport,"60.77980042, -161.8379974"
BFD,Bradford Regional Airport,Bradford,US,United States,medium_airport,"41.8031005859375, -78.64009857177734"
BFF,Western Neb. Rgnl/William B. Heilig Airport,Scottsbluff,US,United States,medium_airport,"41.87400055, -103.5960007"
BFG,Bullfrog Basin Airport,Bullfrog,US,United States,small_airport,"37.547827, -110.712898"
BFI,Boeing Field King County International Airport,Seattle,US,United States,medium_airport,"47.529999, -122.302002"
BFK,Buckley Space Force Base,Aurora,US,United States,medium_airport,"39.701698, -104.751999"
BFL,Meadows Field,Bakersfield,US,United States,medium_airport,"35.433601, -119.056999"
BFM,Mobile Downtown Airport,Mobile,US,United States,medium_airport,"30.626800537100003, -88.06809997559999"
BFP,Beaver County Airport,Beaver Falls,US,United States,medium_airport,"40.772499, -80.391403"
BFR,Virgil I Grissom Municipal Airport,Bedford,US,United States,small_airport,"38.84000015, -86.44539642"
BFT,Beaufort Executive Airport,Beaufort,US,United States,small_airport,"32.412201, -80.634399"
BGD,Hutchinson County Airport,Borger,US,United States,small_airport,"35.700901031499995, -101.393997192"
BGE,Decatur County Industrial Air Park,Bainbridge,US,United States,small_airport,"30.9715004, -84.63739777"
BGM,Greater Binghamton/Edwin A Link field,Binghamton,US,United States,medium_airport,"42.20869827, -75.97979736"
BGQ,Big Lake Airport,Big Lake,US,United States,small_airport,"61.534658, -149.812936"
BGR,Bangor International Airport,Bangor,US,United States,medium_airport,"44.8074, -68.828102"
BGT,Bagdad Airport,Bagdad,US,United States,small_airport,"34.592796, -113.171993"
BHB,Hancock County-Bar Harbor Airport,Bar Harbor,US,United States,medium_airport,"44.45000076, -68.3615036"
BHM,Birmingham-Shuttlesworth International Airport,Birmingham,US,United States,medium_airport,"33.562901, -86.753502"
BID,Block Island State Airport,Block Island,US,United States,small_airport,"41.168446, -71.578631"
BIE,Beatrice Municipal Airport,Beatrice,US,United States,small_airport,"40.3013, -96.754097"
BIF,Biggs Army Air Field (Fort Bliss),Fort Bliss/El Paso,US,United States,medium_airport,"31.84950066, -106.3799973"
BIG,Allen Army Airfield,Delta Junction Ft Greely,US,United States,medium_airport,"63.9944992065, -145.722000122"
BIH,Eastern Sierra Regional Airport,Bishop,US,United States,medium_airport,"37.3731, -118.363998"
BIL,Billings Logan International Airport,Billings,US,United States,medium_airport,"45.807701, -108.542999"
BIS,Bismarck Municipal Airport,Bismarck,US,United States,medium_airport,"46.772701263427734, -100.74600219726562"
BIX,Keesler Air Force Base,Biloxi,US,United States,medium_airport,"30.4104003906, -88.92440032959999"
BJC,Rocky Mountain Metropolitan Airport,Denver,US,United States,medium_airport,"39.908798, -105.116997"
BJI,Bemidji Regional Airport,Bemidji,US,United States,medium_airport,"47.50939941, -94.93370056"
BJJ,Wayne County Airport,Wooster,US,United States,small_airport,"40.874801635699995, -81.88829803470001"
BKC,Buckland Airport,Buckland,US,United States,small_airport,"65.981598, -161.149002"
BKD,Stephens County Airport,Breckenridge,US,United States,small_airport,"32.71900177, -98.89099884030001"
BKE,Baker City Municipal Airport,Baker City,US,United States,medium_airport,"44.837299346900004, -117.808998108"
BKG,Branson Airport,Branson,US,United States,medium_airport,"36.532082, -93.200544"
BKH,Barking Sands Airport,Kekaha,US,United States,medium_airport,"22.0228, -159.785004"
BKL,Burke Lakefront Airport,Cleveland,US,United States,medium_airport,"41.51750183105469, -81.68329620361328"
BKT,Allen C Perkinson Blackstone Army Air Field,Blackstone,US,United States,small_airport,"37.0741996765, -77.9574966431"
BKW,Raleigh County Memorial Airport,Beaver,US,United States,medium_airport,"37.7873, -81.124199"
BKX,Brookings Regional Airport,Brookings,US,United States,small_airport,"44.304798, -96.816902"
BLD,Boulder City Municipal Airport,Boulder City,US,United States,medium_airport,"35.947161, -114.858799"
BLF,Mercer County Airport,Bluefield,US,United States,medium_airport,"37.295799, -81.207703"
BLH,Blythe Airport,Blythe,US,United States,medium_airport,"33.6192016602, -114.717002869"
BLI,Bellingham International Airport,Bellingham,US,United States,medium_airport,"48.79280090332031, -122.53800201416016"
BLM,Monmouth Executive Airport,Belmar/Farmingdale,US,United States,small_airport,"40.18690109, -74.12490082"
BLU,Blue Canyon Nyack Airport,Emigrant Gap,US,United States,small_airport,"39.2750015259, -120.709999084"
BLV,Scott AFB/Midamerica Airport,Belleville,US,United States,medium_airport,"38.5452, -89.835197"
BMC,Brigham City Regional Airport,Brigham City,US,United States,small_airport,"41.552399, -112.061996"
BMG,Monroe County Airport,Bloomington,US,United States,medium_airport,"39.145999908447266, -86.61669921875"
BMI,Central Illinois Regional Airport at Bloomington-Normal,Bloomington/Normal,US,United States,medium_airport,"40.4771, -88.915901"
BML,Berlin Regional Airport,Berlin,US,United States,small_airport,"44.57540131, -71.17590332"
BMT,Beaumont Municipal Airport,Beaumont,US,United States,small_airport,"30.070635, -94.215746"
BMX,Big Mountain Airport,Big Mountain,US,United States,small_airport,"59.362274, -155.260148"
BNA,Nashville International Airport,Nashville,US,United States,large_airport,"36.1245, -86.6782"
BNG,Banning Municipal Airport,Banning,US,United States,small_airport,"33.922548, -116.850672"
BNL,Barnwell Regional Airport,Barnwell,US,United States,small_airport,"33.25780106, -81.38829803"
BNO,Burns Municipal Airport,Burns,US,United States,medium_airport,"43.590463, -118.955154"
BNW,Boone Municipal Airport,Boone,US,United States,small_airport,"42.049599, -93.847603"
BOI,Boise Air Terminal/Gowen Field,Boise,US,United States,medium_airport,"43.5644, -116.223"
BOK,Brookings Airport,Brookings,US,United States,small_airport,"42.0746, -124.290001"
BOS,Logan International Airport,Boston,US,United States,large_airport,"42.36197, -71.0079"
BOW,Bartow Executive Airport,Bartow,US,United States,small_airport,"27.943399, -81.783401"
BPI,Miley Memorial Field,Big Piney,US,United States,medium_airport,"42.58509827, -110.1110001"
BPT,Jack Brooks Regional Airport,Beaumont/Port Arthur,US,United States,medium_airport,"29.9508, -94.020699"
BQK,Brunswick Golden Isles Airport,Brunswick,US,United States,medium_airport,"31.258801, -81.466499"
BRD,Brainerd Lakes Regional Airport,Brainerd,US,United States,medium_airport,"46.402861, -94.129727"
BRL,Southeast Iowa Regional Airport,Burlington,US,United States,medium_airport,"40.783199310302734, -91.12550354003906"
BRO,Brownsville South Padre Island International Airport,Brownsville,US,United States,medium_airport,"25.90679931640625, -97.4259033203125"
BRW,Wiley Post Will Rogers Memorial Airport,Utqiaġvik,US,United States,medium_airport,"71.285402, -156.766008"
BRY,Samuels Field,Bardstown,US,United States,small_airport,"37.8143005371, -85.4996032715"
BSF,Bradshaw Army Airfield,Waimea (Kamuela),US,United States,small_airport,"19.760099, -155.554001"
BSQ,Bisbee Municipal Airport,Bisbee,US,United States,small_airport,"31.3640003204, -109.883003235"
BSW,Boswell Bay Airport,Boswell Bay,US,United States,small_airport,"60.4230995178, -146.145996094"
BTF,Skypark Airport,Bountiful,US,United States,small_airport,"40.8694000244, -111.927001953"
BTI,Barter Island Long Range Radar Station Airport,Barter Island,US,United States,medium_airport,"70.134003, -143.582001"
BTL,Battle Creek Executive Airport at Kellogg Field,Battle Creek,US,United States,medium_airport,"42.307301, -85.251503"
BTM,Bert Mooney Airport,Butte,US,United States,medium_airport,"45.95479965209961, -112.49700164794922"
BTN,Marlboro County Jetport - H E Avent Field Airport,Bennettsville,US,United States,small_airport,"34.6217, -79.734398"
BTP,Pittsburgh/Butler Regional Airport,Butler,US,United States,small_airport,"40.776901, -79.949699"
BTR,Baton Rouge Metropolitan Airport,Baton Rouge,US,United States,medium_airport,"30.533199, -91.149597"
BTT,Bettles Airport,Bettles,US,United States,small_airport,"66.913902, -151.529007"
BTV,Burlington International Airport,South Burlington,US,United States,medium_airport,"44.471901, -73.153297"
BTY,Beatty Airport,Beatty,US,United States,small_airport,"36.8610992432, -116.787002563"
BUB,Cram Field,Burwell,US,United States,small_airport,"41.776699066199996, -99.14969635010002"
BUF,Buffalo Niagara International Airport,Buffalo,US,United States,large_airport,"42.940498, -78.732201"
BUM,Butler Memorial Airport,Butler,US,United States,small_airport,"38.2897987366, -94.3401031494"
BUR,Hollywood Burbank Airport,Burbank,US,United States,medium_airport,"34.197703, -118.356378"
BVO,Bartlesville Municipal Airport,Bartlesville,US,United States,small_airport,"36.762501, -96.0112"
BVU,Beluga Airport,Beluga,US,United States,small_airport,"61.1721992493, -151.044006348"
BVX,Batesville Regional Airport,Batesville,US,United States,small_airport,"35.7262, -91.647301"
BVY,Beverly Regional Airport,Beverly / Danvers,US,United States,medium_airport,"42.584202, -70.916496"
BWC,Brawley Municipal Airport,Brawley,US,United States,small_airport,"32.99290085, -115.5169983"
BWD,Brownwood Regional Airport,Brownwood,US,United States,small_airport,"31.793600082399998, -98.9564971924"
BWG,Bowling Green Warren County Regional Airport,Bowling Green,US,United States,medium_airport,"36.964500427199994, -86.41970062259999"
BWI,Baltimore/Washington International Thurgood Marshall Airport,Baltimore,US,United States,large_airport,"39.1754, -76.668297"
BWL,Earl Henry Airport,Blackwell,US,United States,small_airport,"36.7958984375, -97.3170013428"
BWM,Bowman Regional Airport,Bowman,US,United States,small_airport,"46.165519, -103.30075"
BXA,George R Carr Memorial Air Field,Bogalusa,US,United States,small_airport,"30.813699722299997, -89.8649978638"
BXK,Buckeye Municipal Airport,Buckeye,US,United States,small_airport,"33.422397, -112.686317"
BXS,Borrego Valley Airport,Borrego Springs,US,United States,small_airport,"33.2589988708, -116.320999146"
BYA,Boundary Airport,Boundary,US,United States,small_airport,"64.077678, -141.122088"
BYG,Johnson County Airport,Buffalo,US,United States,small_airport,"44.3811, -106.722"
BYH,Arkansas International Airport,Blytheville,US,United States,medium_airport,"35.9642982483, -89.94400024410001"
BYI,Burley Municipal Airport,Burley,US,United States,medium_airport,"42.542598724399994, -113.772003174"
BYS,Bicycle Lake Army Air Field,Fort Irwin/Barstow,US,United States,medium_airport,"35.2804985046, -116.629997253"
BYW,Blakely Island Airport,Blakely Island,US,United States,small_airport,"48.579162, -122.823844"
BZF,Benton Field,Redding,US,United States,small_airport,"40.5749015808, -122.407997131"
BZN,Bozeman Yellowstone International Airport,Bozeman,US,United States,medium_airport,"45.7775, -111.153"
BZT,Eagle Air Park,Brazoria,US,United States,small_airport,"28.982200622559, -95.579696655273"
CAD,Wexford County Airport,Cadillac,US,United States,small_airport,"44.275749, -85.421534"
CAE,Columbia Metropolitan Airport,Columbia,US,United States,medium_airport,"33.938801, -81.119499"
CAK,Akron Canton Regional Airport,Akron,US,United States,medium_airport,"40.916099548339844, -81.44219970703125"
CAO,Clayton Municipal Airpark,Clayton,US,United States,small_airport,"36.4462013245, -103.166999817"
CAR,Caribou Municipal Airport,Caribou,US,United States,medium_airport,"46.871498, -68.017899"
CBE,Greater Cumberland Regional Airport,Wiley Ford,US,United States,small_airport,"39.615398, -78.760902"
CBF,Council Bluffs Municipal Airport,Council Bluffs,US,United States,small_airport,"41.2592010498, -95.760597229"
CBK,Shalz Field,Colby,US,United States,small_airport,"39.42750168, -101.0469971"
CBM,Columbus Air Force Base,Columbus,US,United States,medium_airport,"33.643799, -88.443802"
CCB,Upland-Cable Airport,Upland,US,United States,small_airport,"34.111599, -117.688004"
CCG,Crane County Airport,Crane,US,United States,small_airport,"31.415100097699998, -102.362998962"
CCR,Buchanan Field,Concord,US,United States,medium_airport,"37.9897, -122.056999"
CCY,Northeast Iowa Regional Airport,Charles City,US,United States,medium_airport,"43.0726013184, -92.6108016968"
CDB,Cold Bay Airport,Cold Bay,US,United States,medium_airport,"55.207871, -162.725029"
CDC,Cedar City Regional Airport,Cedar City,US,United States,medium_airport,"37.70100021362305, -113.0989990234375"
CDH,Harrell Field,Camden,US,United States,small_airport,"33.622798919699996, -92.7633972168"
CDK,George T Lewis Airport,Cedar Key,US,United States,small_airport,"29.134095, -83.050783"
CDL,Candle 2 Airport,Candle,US,United States,small_airport,"65.907699585, -161.925994873"
CDN,Woodward Field,Camden,US,United States,small_airport,"34.2835998535, -80.56490325930001"
CDR,Chadron Municipal Airport,Chadron,US,United States,medium_airport,"42.837601, -103.095001"
CDS,Childress Municipal Airport,Childress,US,United States,medium_airport,"34.4337997437, -100.288002014"
CDV,Merle K (Mudhole) Smith Airport,Cordova,US,United States,medium_airport,"60.491798, -145.477997"
CDW,Essex County Airport,Caldwell,US,United States,small_airport,"40.875198364300005, -74.2814025879"
CEA,Cessna Aircraft Field,Wichita,US,United States,small_airport,"37.648601532, -97.2506027222"
CEC,Jack Mc Namara Field Airport,Crescent City,US,United States,medium_airport,"41.778929, -124.236403"
CEF,Westover Metropolitan Airport / Westover Air Reserve Base,Chicopee,US,United States,medium_airport,"42.194, -72.534798"
CEM,Central Airport,Central,US,United States,small_airport,"65.573815, -144.780707"
CEU,Oconee County Regional Airport,Clemson,US,United States,small_airport,"34.6719017, -82.8864975"
CEV,Mettel Field,Connersville,US,United States,small_airport,"39.6985015869, -85.129699707"
CEW,Bob Sikes Airport,Crestview,US,United States,medium_airport,"30.778799057, -86.522102356"
CEX,Chena Hot Springs Airport,Chena Hot Springs,US,United States,small_airport,"65.0518035889, -146.04699707"
CEY,Murray-Calloway County Airport Kyle-Oakley Field,Murray,US,United States,small_airport,"36.6646, -88.372803"
CEZ,Cortez Municipal Airport,Cortez,US,United States,medium_airport,"37.303001, -108.627998"
CFD,Coulter Field,Bryan,US,United States,small_airport,"30.715700149499998, -96.3313980103"
CFT,Greenlee County Airport,Clifton,US,United States,small_airport,"32.957039, -109.211397"
CFV,Coffeyville Municipal Airport,Coffeyville,US,United States,small_airport,"37.09400177, -95.5718994141"
CGE,Cambridge Dorchester Airport,Cambridge,US,United States,small_airport,"38.53929901, -76.03040314"
CGF,Cuyahoga County Airport,Cleveland,US,United States,medium_airport,"41.5651016235, -81.4863967896"
CGI,Cape Girardeau Regional Airport,Cape Girardeau,US,United States,medium_airport,"37.2253, -89.570801"
CGS,College Park Airport,College Park,US,United States,small_airport,"38.9805984497, -76.9223022461"
CGZ,Casa Grande Municipal Airport,Casa Grande,US,United States,small_airport,"32.954899, -111.766998"
CHA,Chattanooga Metropolitan Airport (Lovell Field),Chattanooga,US,United States,medium_airport,"35.035301, -85.203796"
CHK,Chickasha Municipal Airport,Chickasha,US,United States,small_airport,"35.09740067, -97.96769714"
CHL,Challis Airport,Challis,US,United States,small_airport,"44.522999, -114.218002"
CHO,Charlottesville Albemarle Airport,Charlottesville,US,United States,medium_airport,"38.13859939575195, -78.4529037475586"
CHP,Circle Hot Springs Airport,Circle Hot Springs,US,United States,small_airport,"65.485496521, -144.610992432"
CHS,Charleston International Airport,Charleston,US,United States,medium_airport,"32.898602, -80.040497"
CHU,Chuathbaluk Airport,Chuathbaluk,US,United States,small_airport,"61.579102, -159.216003"
CHZ,Chiloquin State Airport,Chiloquin,US,United States,small_airport,"42.57944, -121.879063"
CIC,Chico Regional Airport,Chico,US,United States,small_airport,"39.795595, -121.857716"
CID,The Eastern Iowa Airport,Cedar Rapids,US,United States,medium_airport,"41.884701, -91.7108"
CIG,Craig Moffat Airport,Craig,US,United States,small_airport,"40.4952011108, -107.522003174"
CIK,Chalkyitsik Airport,Chalkyitsik,US,United States,small_airport,"66.644997, -143.740005"
CIL,Council Airport,Council,US,United States,small_airport,"64.89790344240001, -163.70300293"
CIN,Arthur N Neu Airport,Carroll,US,United States,small_airport,"42.0461997986, -94.78900146480001"
CIR,Cairo Regional Airport,Cairo,US,United States,small_airport,"37.064499, -89.219597"
CIU,Chippewa County International Airport,Kincheloe,US,United States,medium_airport,"46.247707, -84.471379"
CKA,Kegelman AF Aux Field,Cherokee,US,United States,small_airport,"36.734348, -98.123531"
CKB,North Central West Virginia Airport,Bridgeport,US,United States,medium_airport,"39.2966, -80.228104"
CKD,Crooked Creek Airport,Crooked Creek,US,United States,small_airport,"61.870315, -158.137636"
CKE,Lampson Field,Lakeport,US,United States,small_airport,"38.9906005859, -122.901000977"
CKK,Sharp County Regional Airport,Ash Flat,US,United States,small_airport,"36.26490021, -91.56259918"
CKM,Fletcher Field,Clarksdale,US,United States,small_airport,"34.2997016907, -90.512298584"
CKN,Crookston Municipal Kirkwood Field,Crookston,US,United States,small_airport,"47.8417015076, -96.62159729"
CKR,Crane Island Airstrip,Crane Island,US,United States,small_airport,"48.5978, -122.9979"
CKU,Cordova Municipal Airport,Cordova,US,United States,small_airport,"60.5438995361, -145.727005005"
CKV,Clarksville–Montgomery County Regional Airport,Clarksville,US,United States,small_airport,"36.6218986511, -87.4150009155"
CKX,Chicken Airport,Chicken,US,United States,small_airport,"64.066495, -141.951342"
CLD,McClellan-Palomar Airport,Carlsbad,US,United States,medium_airport,"33.1283, -117.279999"
CLE,Cleveland Hopkins International Airport,Cleveland,US,United States,large_airport,"41.411701, -81.8498"
CLG,New Coalinga Municipal Airport,Coalinga,US,United States,small_airport,"36.16310119628906, -120.29399871826172"
CLI,Clintonville Municipal Airport,Clintonville,US,United States,small_airport,"44.613800048799995, -88.731300354"
CLK,Clinton Regional Airport,Clinton,US,United States,small_airport,"35.5383, -98.932701"
CLL,Easterwood Field,College Station,US,United States,medium_airport,"30.5886, -96.3638"
CLM,William R Fairchild International Airport,Port Angeles,US,United States,medium_airport,"48.120201, -123.5"
CLP,Clarks Point Airport,Clarks Point,US,United States,small_airport,"58.833698, -158.529007"
CLR,Cliff Hatfield Memorial Airport,Calipatria,US,United States,small_airport,"33.131500244099996, -115.521003723"
CLS,Chehalis Centralia Airport,Chehalis,US,United States,small_airport,"46.676998, -122.983002"
CLT,Charlotte Douglas International Airport,Charlotte,US,United States,large_airport,"35.2140007019043, -80.94309997558594"
CLU,Columbus Municipal Airport,Columbus,US,United States,medium_airport,"39.262386, -85.895576"
CLW,Clearwater Air Park,Clearwater,US,United States,small_airport,"27.9766998291, -82.7586975098"
CMH,John Glenn Columbus International Airport,Columbus,US,United States,large_airport,"39.998001, -82.891899"
CMI,University of Illinois Willard Airport,Savoy,US,United States,medium_airport,"40.039819, -88.276249"
CMX,Houghton County Memorial Airport,Hancock,US,United States,medium_airport,"47.168399810791016, -88.48909759521484"
CMY,Sparta Fort McCoy Airport,Sparta,US,United States,small_airport,"43.958009, -90.737886"
CNE,Fremont County Airport,Penrose,US,United States,small_airport,"38.429739, -105.108562"
CNH,Claremont Municipal Airport,Claremont,US,United States,small_airport,"43.3703994751, -72.36869812009999"
CNK,Blosser Municipal Airport,Concordia,US,United States,small_airport,"39.549301147499996, -97.6522979736"
CNM,Cavern City Air Terminal,Carlsbad,US,United States,medium_airport,"32.337501525878906, -104.26300048828125"
CNO,Chino Airport,Chino,US,United States,small_airport,"33.97470093, -117.637001"
CNU,Chanute Martin Johnson Airport,Chanute,US,United States,medium_airport,"37.668173, -95.486727"
CNW,TSTC Waco Airport,Waco,US,United States,small_airport,"31.641129, -97.073335"
CNY,Canyonlands Regional Airport,Moab,US,United States,medium_airport,"38.755001, -109.754997"
COA,Columbia Airport,Columbia,US,United States,small_airport,"38.030399322499996, -120.415000916"
COD,Yellowstone Regional Airport,Cody,US,United States,medium_airport,"44.520199, -109.024002"
COE,Coeur D'Alene Airport - Pappy Boyington Field,Coeur d'Alene,US,United States,medium_airport,"47.7743, -116.82"
COF,Patrick Space Force Base,Cocoa Beach,US,United States,medium_airport,"28.2349, -80.6101"
COI,Merritt Island Airport,Merritt Island,US,United States,small_airport,"28.341600418099997, -80.6855010986"
COM,Coleman Municipal Airport,Coleman,US,United States,small_airport,"31.841100692699996, -99.4036026001"
CON,Concord Municipal Airport,Concord,US,United States,medium_airport,"43.20270157, -71.50229645"
COP,Cooperstown-Westville Airport,Cooperstown,US,United States,small_airport,"42.629552, -74.890445"
COS,City of Colorado Springs Municipal Airport,Colorado Springs,US,United States,medium_airport,"38.805801, -104.700996"
COT,Cotulla-La Salle County Airport,Cotulla,US,United States,small_airport,"28.45669937, -99.22029877"
COU,Columbia Regional Airport,Columbia,US,United States,medium_airport,"38.8181, -92.219597"
CPM,Compton Woodley Airport,Compton,US,United States,small_airport,"33.8899993896, -118.244003296"
CPR,Casper-Natrona County International Airport,Casper,US,United States,medium_airport,"42.908001, -106.463997"
CPS,St Louis Downtown Airport,Cahokia/St Louis,US,United States,small_airport,"38.570701599100005, -90.1561965942"
CRE,Grand Strand Airport,North Myrtle Beach,US,United States,medium_airport,"33.8116989136, -78.72389984130001"
CRG,Jacksonville Executive at Craig Airport,Jacksonville,US,United States,medium_airport,"30.3362998962, -81.51439666750001"
CRO,Corcoran Airport,Corcoran,US,United States,small_airport,"36.102661, -119.594815"
CRP,Corpus Christi International Airport,Corpus Christi,US,United States,medium_airport,"27.770399, -97.501198"
CRS,C David Campbell Field Corsicana Municipal Airport,Corsicana,US,United States,small_airport,"32.0280990601, -96.4005966187"
CRT,Z M Jack Stell Field,Crossett,US,United States,small_airport,"33.1782989502, -91.8802032471"
CRW,Yeager Airport,Charleston,US,United States,medium_airport,"38.3731, -81.593201"
CRX,Roscoe Turner Airport,Corinth,US,United States,small_airport,"34.9150009155, -88.6035003662"
CSE,Crested Butte Airpark,Crested Butte,US,United States,small_airport,"38.851918, -106.928341"
CSG,Columbus Metropolitan Airport,Columbus,US,United States,medium_airport,"32.516300201416016, -84.93890380859375"
CSM,Clinton Sherman Airport,Clinton,US,United States,small_airport,"35.3398017883, -99.20050048830001"
CSN,Carson Airport,Carson City,US,United States,small_airport,"39.1922, -119.734001"
CSQ,Creston Municipal Airport,Creston,US,United States,small_airport,"41.021400451699996, -94.36329650879999"
CSV,Crossville Memorial Airport Whitson Field,Crossville,US,United States,medium_airport,"35.95131, -85.08499"
CTB,Cut Bank International Airport,Cut Bank,US,United States,medium_airport,"48.608657, -112.378183"
CTH,Chester County G O Carlson Airport,Coatesville,US,United States,small_airport,"39.97900009, -75.8655014"
CTK,Canton Municipal Airport,Canton,US,United States,small_airport,"43.308842, -96.571225"
CTO,Calverton Executive Airpark,Calverton,US,United States,small_airport,"40.9151, -72.791901"
CTW,Cottonwood Airport,Cottonwood,US,United States,small_airport,"34.73, -112.035004"
CTX,Cortland County Chase Field,Cortland,US,United States,small_airport,"42.59260178, -76.21489716"
CTY,Cross City Airport,Cross City,US,United States,small_airport,"29.6354999542, -83.10479736330001"
CTZ,Sampson County Airport,Clinton,US,United States,small_airport,"34.9756011963, -78.3646011353"
CUB,Jim Hamilton L.B. Owens Airport,Columbia,US,United States,medium_airport,"33.970500946, -80.9952011108"
CUH,Cushing Municipal Airport,Cushing,US,United States,small_airport,"35.950496, -96.772371"
CUS,Columbus Airport,Columbus,US,United States,small_airport,"31.823898, -107.629924"
CUX,Cuddihy Field,Corpus Christi,US,United States,small_airport,"27.7211, -97.512802"
CVG,Cincinnati Northern Kentucky International Airport,Cincinnati / Covington,US,United States,large_airport,"39.048801, -84.667801"
CVN,Clovis Municipal Airport,Clovis,US,United States,medium_airport,"34.426594, -103.078794"
CVO,Corvallis Municipal Airport,Corvallis,US,United States,medium_airport,"44.49720001, -123.2900009"
CVS,Cannon Air Force Base,Clovis,US,United States,medium_airport,"34.382801, -103.321999"
CWA,Central Wisconsin Airport,Mosinee,US,United States,medium_airport,"44.777448, -89.670238"
CWF,Chennault International Airport,Lake Charles,US,United States,small_airport,"30.2106, -93.143204"
CWI,Clinton Municipal Airport,Clinton,US,United States,small_airport,"41.8311004639, -90.3291015625"
CWS,Center Island Airport,Center Island,US,United States,small_airport,"48.490046, -122.831612"
CWX,Cochise County Airport,Willcox,US,United States,small_airport,"32.245399, -109.894997"
CXC,Chitina Airport,Chitina,US,United States,small_airport,"61.582901, -144.427002"
CXF,Coldfoot Airport,Coldfoot,US,United States,small_airport,"67.25219726559999, -150.203994751"
CXL,Calexico International Airport,Calexico,US,United States,small_airport,"32.6694984436, -115.513000488"
CXO,Conroe-North Houston Regional Airport,Houston,US,United States,medium_airport,"30.351801, -95.414497"
CYF,Chefornak Airport,Chefornak,US,United States,small_airport,"60.136667, -164.279167"
CYS,Cheyenne Regional Jerry Olson Field,Cheyenne,US,United States,medium_airport,"41.155701, -104.811997"
CYT,Yakataga Airport,Yakataga,US,United States,small_airport,"60.080974, -142.494541"
CZC,Copper Center 2 Airport,Copper Center,US,United States,small_airport,"61.943713, -145.299398"
CZF,Cape Romanzof LRRS Airport,Cape Romanzof,US,United States,medium_airport,"61.78030014, -166.0390015"
CZK,Cascade Locks State Airport,Cascade Locks,US,United States,small_airport,"45.676599, -121.878879"
CZN,Chisana Airport,Chisana,US,United States,small_airport,"62.071201, -142.048004"
CZO,Chistochina Airport,Chistochina,US,United States,small_airport,"62.5634994507, -144.669006348"
CZT,Dimmit County Airport,Carrizo Springs,US,United States,small_airport,"28.522199630699998, -99.823600769"
DAA,Davison Army Air Field,Fort Belvoir,US,United States,medium_airport,"38.715000152600005, -77.1809997559"
DAB,Daytona Beach International Airport,Daytona Beach,US,United States,medium_airport,"29.179899, -81.058098"
DAG,Barstow Daggett Airport,Daggett,US,United States,medium_airport,"34.85369873, -116.7870026"
DAL,Dallas Love Field,Dallas,US,United States,medium_airport,"32.847099, -96.851799"
DAN,Danville Regional Airport,Danville,US,United States,medium_airport,"36.572899, -79.336098"
DAY,James M Cox Dayton International Airport,Dayton,US,United States,medium_airport,"39.902401, -84.219398"
DBN,W H 'Bud' Barron Airport,Dublin,US,United States,small_airport,"32.5644, -82.985298"
DBQ,Dubuque Regional Airport,Dubuque,US,United States,medium_airport,"42.402, -90.709503"
DBS,Dubois Municipal Airport,Dubois,US,United States,small_airport,"44.162057, -112.220581"
DCA,Ronald Reagan Washington National Airport,Washington,US,United States,large_airport,"38.8521, -77.037697"
DCK,Dahl Creek Airport,Dahl Creek,US,United States,small_airport,"66.943298, -156.904999"
DCU,Pryor Field Regional Airport,Decatur,US,United States,small_airport,"34.652698516799994, -86.94539642330001"
DDC,Dodge City Regional Airport,Dodge City,US,United States,medium_airport,"37.76340103149414, -99.9655990600586"
DEC,Decatur Airport,Decatur,US,United States,medium_airport,"39.834598541259766, -88.8656997680664"
DEH,Decorah Municipal Airport,Decorah,US,United States,small_airport,"43.275501, -91.739403"
DEN,Denver International Airport,Denver,US,United States,large_airport,"39.861698150635, -104.672996521"
DET,Coleman A. Young Municipal Airport,Detroit,US,United States,medium_airport,"42.40919876, -83.00990295"
DFI,Defiance Memorial Airport,Defiance,US,United States,small_airport,"41.3375015259, -84.4288024902"
DFW,Dallas Fort Worth International Airport,Dallas-Fort Worth,US,United States,large_airport,"32.896801, -97.038002"
DGL,Douglas Municipal Airport,Douglas,US,United States,small_airport,"31.3425998688, -109.505996704"
DGN,Dahlgren Naval Surface Warfare Center Airport,Dahlgren,US,United States,small_airport,"38.3325, -77.037201"
DGW,Converse County Airport,Douglas,US,United States,small_airport,"42.79719925, -105.3860016"
DHN,Dothan Regional Airport,Dothan,US,United States,medium_airport,"31.321300506591797, -85.44960021972656"
DHT,Dalhart Municipal Airport,Dalhart,US,United States,medium_airport,"36.0225982666, -102.54699707"
DIK,Dickinson Theodore Roosevelt Regional Airport,Dickinson,US,United States,medium_airport,"46.797533, -102.801905"
DJN,Delta Junction Airport,Delta Junction,US,United States,small_airport,"64.049861, -145.722656"
DKK,Chautauqua County-Dunkirk Airport,Dunkirk,US,United States,small_airport,"42.49247, -79.273102"
DLF,Laughlin Air Force Base,Del Rio,US,United States,medium_airport,"29.359501, -100.778002"
DLG,Dillingham Airport,Dillingham,US,United States,medium_airport,"59.04470062, -158.5050049"
DLH,Duluth International Airport,Duluth,US,United States,medium_airport,"46.842098, -92.193604"
DLL,Dillon County Airport,Dillon,US,United States,small_airport,"34.4491004944, -79.368598938"
DLN,Dillon Airport,Dillon,US,United States,small_airport,"45.255401611299995, -112.553001404"
DLS,Columbia Gorge Regional Airport,Dallesport / The Dalles,US,United States,medium_airport,"45.620979, -121.170777"
DMA,Davis Monthan Air Force Base,Tucson,US,United States,medium_airport,"32.1665000916, -110.883003235"
DMN,Deming Municipal Airport,Deming,US,United States,medium_airport,"32.262298584, -107.721000671"
DMO,Sedalia Memorial Airport,Sedalia,US,United States,small_airport,"38.70740127559999, -93.17590332030001"
DNL,Daniel Field,Augusta,US,United States,medium_airport,"33.4664993286, -82.0393981934"
DNN,Dalton Municipal Airport,Dalton,US,United States,small_airport,"34.72290039, -84.87020111"
DNS,Denison Municipal Airport,Denison,US,United States,small_airport,"41.9864006, -95.38069916"
DNV,Vermilion Regional Airport,Danville,US,United States,small_airport,"40.199124, -87.59663"
DOV,Dover Air Force Base,Dover,US,United States,medium_airport,"39.129501, -75.466003"
DPA,Dupage Airport,Chicago/West Chicago,US,United States,medium_airport,"41.90779877, -88.24859619"
DPG,Michael AAF (Dugway Proving Ground) Airport,Dugway Proving Ground,US,United States,small_airport,"40.197396, -112.935094"
DRA,Desert Rock Airport,Mercury,US,United States,medium_airport,"36.6194, -116.032997"
DRE,Drummond Island Airport,Drummond Island,US,United States,small_airport,"46.0093002319, -83.74389648440001"
DRF,Drift River Airport,Kenai,US,United States,small_airport,"60.588901519800004, -152.162002563"
DRG,Deering Airport,Deering,US,United States,medium_airport,"66.068901, -162.766914"
DRI,Beauregard Regional Airport,DeRidder,US,United States,medium_airport,"30.831699, -93.339897"
DRO,Durango La Plata County Airport,Durango,US,United States,medium_airport,"37.151501, -107.753998"
DRT,Del Rio International Airport,Del Rio,US,United States,medium_airport,"29.3742008209, -100.927001953"
DRU,Drummond Airport,Drummond,US,United States,small_airport,"46.621599, -113.201751"
DSI,Destin Executive Airport,Destin,US,United States,medium_airport,"30.400101, -86.471497"
DSM,Des Moines International Airport,Des Moines,US,United States,medium_airport,"41.534, -93.663101"
DSV,Dansville Municipal Airport,Dansville,US,United States,small_airport,"42.570545, -77.713273"
DTA,Delta Municipal Airport,Delta,US,United States,small_airport,"39.3805999756, -112.508003235"
DTH,Furnace Creek Airport,Death Valley,US,United States,small_airport,"36.463799, -116.880997"
DTL,Detroit Lakes Airport,Detroit Lakes,US,United States,small_airport,"46.824301, -95.883322"
DTN,Shreveport Downtown Airport,Shreveport,US,United States,small_airport,"32.5401992798, -93.7450027466"
DTR,Decatur Shores Airport,Decatur,US,United States,small_airport,"48.500171, -122.813973"
DTW,Detroit Metropolitan Wayne County Airport,Detroit,US,United States,large_airport,"42.21377, -83.353786"
DUA,Durant Regional Airport - Eaker Field,Durant,US,United States,medium_airport,"33.939675, -96.395072"
DUC,Halliburton Field,Duncan,US,United States,small_airport,"34.47090149, -97.9598999"
DUF,Pine Island Airport,Corolla,US,United States,small_airport,"36.252744, -75.785256"
DUG,Bisbee Douglas International Airport,Douglas Bisbee,US,United States,medium_airport,"31.4689998627, -109.603996277"
DUJ,DuBois Regional Airport,Dubois,US,United States,medium_airport,"41.17829895, -78.8986969"
DUT,Tom Madsen (Dutch Harbor) Airport,Unalaska,US,United States,medium_airport,"53.89881, -166.544996"
DVL,Devils Lake Regional Airport,Devils Lake,US,United States,medium_airport,"48.115454, -98.908796"
DVN,Davenport Municipal Airport,Davenport,US,United States,small_airport,"41.610432, -90.589693"
DVT,Phoenix Deer Valley Airport,Phoenix,US,United States,small_airport,"33.6883010864, -112.083000183"
DWH,David Wayne Hooks Memorial Airport,Houston,US,United States,small_airport,"30.0618000031, -95.55280303960001"
DXE,Bruce Campbell Field,Madison,US,United States,small_airport,"32.438702, -90.103104"
DXR,Danbury Municipal Airport,Danbury,US,United States,medium_airport,"41.371656, -73.482227"
DYL,Doylestown Airport,Doylestown,US,United States,small_airport,"40.3330001831, -75.1222991943"
DYS,Dyess Air Force Base,Abilene,US,United States,medium_airport,"32.420799, -99.854599"
EAA,Eagle Airport,Eagle,US,United States,small_airport,"64.778003, -141.150455"
EAN,Phifer Airfield,Wheatland,US,United States,small_airport,"42.0555, -104.929001"
EAR,Kearney Regional Airport,Kearney,US,United States,medium_airport,"40.727001, -99.006798"
EAT,Pangborn Memorial Airport,Wenatchee,US,United States,medium_airport,"47.398899, -120.207001"
EAU,Chippewa Valley Regional Airport,Eau Claire,US,United States,medium_airport,"44.86579895019531, -91.48429870605469"
EBS,Webster City Municipal Airport,Webster City,US,United States,small_airport,"42.436848, -93.869905"
ECA,Iosco County Airport,East Tawas,US,United States,small_airport,"44.312801, -83.422302"
ECG,Elizabeth City Regional Airport & Coast Guard Air Station,Elizabeth City,US,United States,medium_airport,"36.260601, -76.174599"
ECP,Northwest Florida Beaches International Airport,Panama City Beach,US,United States,medium_airport,"30.357106, -85.795414"
ECS,Mondell Field,Newcastle,US,United States,small_airport,"43.88379, -104.314156"
EDE,Northeastern Regional Airport,Edenton,US,United States,small_airport,"36.027698516799994, -76.56710052490001"
EDF,Elmendorf Air Force Base,Anchorage,US,United States,medium_airport,"61.251709, -149.807097"
EDK,Captain Jack Thomas El Dorado Airport,El Dorado,US,United States,small_airport,"37.7741012573, -96.81759643550001"
EDW,Edwards Air Force Base,Edwards,US,United States,medium_airport,"34.905399, -117.884003"
EED,Needles Airport,Needles,US,United States,medium_airport,"34.7663002014, -114.623001099"
EEK,Eek Airport,Eek,US,United States,small_airport,"60.213173, -162.044048"
EEN,Dillant Hopkins Airport,Keene,US,United States,medium_airport,"42.898399, -72.270798"
EFD,Ellington Airport,Houston,US,United States,medium_airport,"29.607299804700002, -95.1587982178"
EFK,Northeast Kingdom International Airport,Newport,US,United States,small_airport,"44.888802, -72.229202"
EFW,Jefferson Municipal Airport,Jefferson,US,United States,small_airport,"42.009866, -94.341717"
EGE,Eagle County Regional Airport,Eagle,US,United States,medium_airport,"39.64260101, -106.9179993"
EGI,Duke Field,Crestview,US,United States,medium_airport,"30.65040016, -86.52290344"
EGP,Maverick County Memorial International Airport,Eagle Pass,US,United States,small_airport,"28.859766, -100.516682"
EGV,Eagle River Union Airport,Eagle River,US,United States,small_airport,"45.932300567599995, -89.26830291750001"
EGX,Egegik Airport,Egegik,US,United States,medium_airport,"58.184386, -157.374873"
EHM,Cape Newenham LRRS Airport,Cape Newenham,US,United States,medium_airport,"58.646400451699996, -162.06300354"
EIL,Eielson Air Force Base,Fairbanks,US,United States,medium_airport,"64.66570282, -147.102005"
EKA,Murray Field,Eureka,US,United States,medium_airport,"40.803398, -124.112999"
EKI,Elkhart Municipal Airport,Elkhart,US,United States,small_airport,"41.7193984985, -86.00319671630001"
EKN,Elkins-Randolph County Regional Airport,Elkins,US,United States,medium_airport,"38.889759, -79.857651"
EKO,Elko Regional Airport,Elko,US,United States,medium_airport,"40.82490158081055, -115.79199981689453"
EKX,Addington Field / Elizabethtown Regional Airport,Elizabethtown,US,United States,small_airport,"37.686001, -85.925003"
ELA,Eagle Lake Airport,Eagle Lake,US,United States,small_airport,"29.600599288900003, -96.3218994141"
ELD,South Arkansas Regional Airport at Goodwin Field,El Dorado,US,United States,medium_airport,"33.221001, -92.813301"
ELI,Elim Airport,Elim,US,United States,small_airport,"64.6147, -162.272003"
ELK,Elk City Regional Business Airport,Elk City,US,United States,small_airport,"35.43080139, -99.39430237"
ELM,Elmira Corning Regional Airport,Elmira/Corning,US,United States,medium_airport,"42.1599006652832, -76.8916015625"
ELN,Bowers Field,Ellensburg,US,United States,small_airport,"47.03300095, -120.5309982"
ELP,El Paso International Airport,El Paso,US,United States,medium_airport,"31.807199, -106.377998"
ELY,Ely Airport Yelland Field,Ely,US,United States,medium_airport,"39.29970169, -114.8420029"
ELZ,Wellsville Municipal Airport - Tarantine Field,Wellsville,US,United States,small_airport,"42.109501, -77.989998"
EMK,Emmonak Airport,Emmonak,US,United States,medium_airport,"62.78609848, -164.4909973"
EMM,Kemmerer Municipal Airport,Kemmerer,US,United States,small_airport,"41.82410049439999, -110.556999207"
EMP,Emporia Municipal Airport,Emporia,US,United States,small_airport,"38.3320999146, -96.19120025630001"
EMT,San Gabriel Valley Airport,El Monte,US,United States,small_airport,"34.086102, -118.035004"
ENA,Kenai Municipal Airport,Kenai,US,United States,medium_airport,"60.570946, -151.245174"
END,Vance Air Force Base,Enid,US,United States,medium_airport,"36.339199, -97.916496"
ENL,Centralia Municipal Airport,Centralia,US,United States,small_airport,"38.515099, -89.091103"
ENN,Nenana Municipal Airport,Nenana,US,United States,medium_airport,"64.548772, -149.074516"
ENV,Wendover Airport,Wendover,US,United States,medium_airport,"40.7187004089, -114.03099823"
ENW,Kenosha Regional Airport,Kenosha,US,United States,medium_airport,"42.59569931, -87.92780304"
EOK,Keokuk Municipal Airport,Keokuk,US,United States,small_airport,"40.459899902299995, -91.4284973145"
EOS,Neosho Hugh Robinson Airport,Neosho,US,United States,small_airport,"36.810799, -94.391701"
EPG,Browns Airport,Weeping Water,US,United States,small_airport,"40.8675003052, -96.1100006104"
EPH,Ephrata Municipal Airport,Ephrata,US,United States,small_airport,"47.307598, -119.515999"
ERI,Erie International Tom Ridge Field,Erie,US,United States,medium_airport,"42.083127, -80.173867"
ERR,Errol Airport,Errol,US,United States,small_airport,"44.7925, -71.1642"
ERV,Kerrville / Kerr County Airport at Louis Schreiner Field,Kerrville,US,United States,small_airport,"29.9767, -99.085701"
ESC,Delta County Airport,Escanaba,US,United States,medium_airport,"45.723199, -87.088623"
ESD,Orcas Island Airport,Eastsound,US,United States,medium_airport,"48.708199, -122.910004"
ESF,Esler Army Airfield / Esler Regional Airport,Alexandria,US,United States,medium_airport,"31.394266, -92.294082"
ESN,Easton Airport / Newnam Field,Easton,US,United States,small_airport,"38.804199, -76.069"
ESO,Ohkay Owingeh Airport,Espanola,US,United States,small_airport,"36.026133, -106.045443"
EST,Estherville Municipal Airport,Estherville,US,United States,small_airport,"43.407398, -94.746399"
ESW,Easton State Airport,Easton,US,United States,small_airport,"47.2541999817, -121.185997009"
ETB,West Bend Municipal Airport,West Bend,US,United States,small_airport,"43.422278, -88.128966"
ETN,Eastland Municipal Airport,Eastland,US,United States,small_airport,"32.4135017395, -98.80979919430001"
ETS,Enterprise Municipal Airport,Enterprise,US,United States,small_airport,"31.29969978, -85.89990234"
EUE,Eureka Airport,Eureka,US,United States,small_airport,"39.604198455799995, -116.004997253"
EUF,Weedon Field,Eufaula,US,United States,small_airport,"31.9512996674, -85.1288986206"
EUG,Mahlon Sweet Field,Eugene,US,United States,medium_airport,"44.12459945678711, -123.21199798583984"
EVM,Eveleth–Virginia Municipal Airport,Eveleth,US,United States,small_airport,"47.42458, -92.499204"
EVV,Evansville Regional Airport,Evansville,US,United States,medium_airport,"38.0369987488, -87.5324020386"
EVW,Evanston-Uinta County Airport-Burns Field,Evanston,US,United States,medium_airport,"41.27479935, -111.0350037"
EWB,New Bedford Regional Airport,New Bedford,US,United States,medium_airport,"41.67610168457031, -70.95690155029297"
EWK,Newton City-County Airport,Newton,US,United States,small_airport,"38.058200836199994, -97.2744979858"
EWN,Coastal Carolina Regional Airport,New Bern,US,United States,medium_airport,"35.0730018616, -77.04290008539999"
EWR,Newark Liberty International Airport,Newark,US,United States,large_airport,"40.692501, -74.168701"
EYR,Yerington Municipal Airport,Yerington,US,United States,small_airport,"39.0041007996, -119.157997131"
EYW,Key West International Airport,Key West,US,United States,medium_airport,"24.556101, -81.759598"
FAF,Felker Army Air Field,Newport News (Fort Eustis),US,United States,medium_airport,"37.1325, -76.608803"
FAI,Fairbanks International Airport,Fairbanks,US,United States,medium_airport,"64.815102, -147.856003"
FAM,Farmington Regional Airport,Farmington,US,United States,small_airport,"37.761101, -90.428597"
FAR,Hector International Airport,Fargo,US,United States,medium_airport,"46.92070007324219, -96.81580352783203"
FAT,Fresno Yosemite International Airport,Fresno,US,United States,medium_airport,"36.776199, -119.718002"
FAY,Fayetteville Regional Airport - Grannis Field,Fayetteville,US,United States,medium_airport,"34.991199, -78.880302"
FBG,Simmons Army Air Field,Fort Bragg,US,United States,medium_airport,"35.13180161, -78.93669891"
FBK,Ladd Army Airfield,Fairbanks,US,United States,medium_airport,"64.837502, -147.613998"
FBL,Faribault Municipal Airport-Liz Wall Strohfus Field,Faribault,US,United States,small_airport,"44.32844, -93.312534"
FBR,Fort Bridger Airport,Fort Bridger,US,United States,small_airport,"41.3918991089, -110.406997681"
FBY,Fairbury Municipal Airport,Fairbury,US,United States,small_airport,"40.182998657199995, -97.16929626459999"
FCA,Glacier Park International Airport,Kalispell,US,United States,medium_airport,"48.31050109863281, -114.25599670410156"
FCH,Fresno Chandler Executive Airport,Fresno,US,United States,small_airport,"36.732399, -119.82"
FCM,Flying Cloud Airport,Minneapolis,US,United States,small_airport,"44.8272018433, -93.45709991460001"
FCS,Butts AAF (Fort Carson) Air Field,Fort Carson,US,United States,medium_airport,"38.67839813, -104.7570038"
FCY,Forrest City Municipal Airport,Forrest City,US,United States,small_airport,"34.942001342800005, -90.7750015259"
FDK,Frederick Municipal Airport,Frederick,US,United States,small_airport,"39.417598724399994, -77.3742980957"
FDR,Frederick Regional Airport,Frederick,US,United States,small_airport,"34.35200119, -98.98390198"
FDY,Findlay Airport,Findlay,US,United States,medium_airport,"41.013500213600004, -83.66870117190001"
FEP,Albertus Airport,Freeport,US,United States,small_airport,"42.2462005615, -89.58200073239999"
FET,Fremont Municipal Airport,Fremont,US,United States,small_airport,"41.45024, -96.522884"
FFA,First Flight Airport,Kill Devil Hills,US,United States,small_airport,"36.0181999207, -75.67130279540001"
FFL,Fairfield Municipal Airport,Fairfield,US,United States,small_airport,"41.053024, -91.980114"
FFM,Fergus Falls Municipal Airport - Einar Mickelson Field,Fergus Falls,US,United States,small_airport,"46.28440094, -96.15670013"
FFO,Wright-Patterson Air Force Base,Dayton,US,United States,medium_airport,"39.826099, -84.048302"
FFT,Capital City Airport,Frankfort,US,United States,small_airport,"38.181698, -84.906764"
FHU,Sierra Vista Municipal Airport / Libby Army Air Field,Fort Huachuca / Sierra Vista,US,United States,medium_airport,"31.587383, -110.348225"
FID,Elizabeth Field,Fishers Island,US,United States,small_airport,"41.252099, -72.032218"
FIL,Fillmore Municipal Airport,Fillmore,US,United States,small_airport,"38.95830154, -112.362999"
FKL,Venango Regional Airport,Franklin,US,United States,medium_airport,"41.3778991699, -79.8603973389"
FKN,Franklin Regional Airport,Franklin,US,United States,small_airport,"36.698101, -76.903801"
FLD,Fond du Lac County Airport,Fond du Lac,US,United States,small_airport,"43.7711982727, -88.48840332030001"
FLG,Flagstaff Pulliam International Airport,Flagstaff,US,United States,medium_airport,"35.1385, -111.670998"
FLL,Fort Lauderdale Hollywood International Airport,Fort Lauderdale,US,United States,large_airport,"26.072599, -80.152702"
FLO,Florence Regional Airport,Florence,US,United States,medium_airport,"34.18539810180664, -79.7238998413086"
FLP,Marion County Regional Airport,Flippin,US,United States,small_airport,"36.29090118, -92.59030151"
FLT,Flat Airport,Flat,US,United States,small_airport,"62.452598571799996, -157.988998413"
FLV,Sherman Army Air Field,Fort Leavenworth,US,United States,small_airport,"39.3683013916, -94.9147033691"
FLX,Fallon Municipal Airport,Fallon,US,United States,small_airport,"39.4990997314, -118.749000549"
FME,Tipton Airport,Fort Meade(Odenton),US,United States,medium_airport,"39.08539962769999, -76.7593994141"
FMH,Cape Cod Coast Guard Air Station,Falmouth,US,United States,small_airport,"41.657899, -70.52163"
FMN,Four Corners Regional Airport,Farmington,US,United States,medium_airport,"36.741199, -108.230003"
FMS,Fort Madison Municipal Airport,Fort Madison,US,United States,small_airport,"40.659113, -91.327763"
FMU,Florence Municipal Airport,Florence,US,United States,small_airport,"43.98279953, -124.111000061"
FMY,Page Field,Fort Myers,US,United States,medium_airport,"26.58659935, -81.86329650879999"
FNL,Northern Colorado Regional Airport,Loveland,US,United States,medium_airport,"40.44969, -105.011272"
FNT,Bishop International Airport,Flint,US,United States,medium_airport,"42.96540069580078, -83.74359893798828"
FOB,Fort Bragg Airport,Fort Bragg,US,United States,small_airport,"39.472445, -123.795319"
FOD,Fort Dodge Regional Airport,Fort Dodge,US,United States,medium_airport,"42.552624, -94.191237"
FOE,Topeka Regional Airport,Topeka,US,United States,medium_airport,"38.950901, -95.663597"
FOK,Francis S Gabreski Airport,Westhampton Beach,US,United States,small_airport,"40.8437004089, -72.6317977905"
FPR,St Lucie County International Airport,Fort Pierce,US,United States,medium_airport,"27.49510002, -80.36830139"
FPY,Perry-Foley Airport,Perry,US,United States,small_airport,"30.0693, -83.580597"
FRD,Friday Harbor Airport,Friday Harbor,US,United States,medium_airport,"48.523654, -123.024645"
FRG,Republic Airport,Farmingdale,US,United States,medium_airport,"40.7288017273, -73.4133987427"
FRH,French Lick Municipal Airport,French Lick,US,United States,small_airport,"38.5061988831, -86.63690185550001"
FRI,Marshall Army Air Field,Fort Riley (Junction City),US,United States,medium_airport,"39.053021, -96.764202"
FRM,Fairmont Municipal Airport,Fairmont,US,United States,small_airport,"43.643901825, -94.4156036377"
FRN,Bryant Army Airfield,Fort Richardson,US,United States,small_airport,"61.266399, -149.653"
FRR,Front Royal Warren County Airport,Front Royal,US,United States,small_airport,"38.9175, -78.253502"
FRY,Eastern Slopes Regional Airport,Fryeburg,US,United States,small_airport,"43.991100311299995, -70.9478988647"
FSD,Sioux Falls Regional Airport / Joe Foss Field,Sioux Falls,US,United States,medium_airport,"43.585463, -96.741152"
FSI,Henry Post Army Air Field,Fort Sill,US,United States,medium_airport,"34.649799, -98.402199"
FSK,Fort Scott Municipal Airport,Fort Scott,US,United States,small_airport,"37.7984008789, -94.7694015503"
FSM,Fort Smith Regional Airport,Fort Smith,US,United States,medium_airport,"35.336601, -94.367401"
FST,Fort Stockton Pecos County Airport,Fort Stockton,US,United States,medium_airport,"30.9157009125, -102.916000366"
FSU,Fort Sumner Municipal Airport,Fort Sumner,US,United States,small_airport,"34.4833984375, -104.217002869"
FTK,Godman Army Air Field,Fort Knox,US,United States,medium_airport,"37.907100677500004, -85.9720993042"
FTW,Fort Worth Meacham International Airport,Fort Worth,US,United States,medium_airport,"32.819801, -97.362396"
FTY,Fulton County Airport Brown Field,Atlanta,US,United States,medium_airport,"33.7790985107, -84.5214004517"
FUL,Fullerton Municipal Airport,Fullerton,US,United States,small_airport,"33.8720016479, -117.980003357"
FWA,Fort Wayne International Airport,Fort Wayne,US,United States,medium_airport,"40.9785, -85.195099"
FWH,NAS Fort Worth JRB / Carswell Field,Fort Worth,US,United States,medium_airport,"32.769199, -97.441498"
FWL,Farewell Airport,Farewell,US,United States,small_airport,"62.509327, -153.892279"
FXE,Fort Lauderdale Executive Airport,Fort Lauderdale,US,United States,medium_airport,"26.1972999573, -80.1707000732"
FXY,Forest City Municipal Airport,Forest City,US,United States,small_airport,"43.23469925, -93.62409973"
FYM,Fayetteville Municipal Airport,Fayetteville,US,United States,small_airport,"35.059700012200004, -86.5640029907"
FYU,Fort Yukon Airport,Fort Yukon,US,United States,medium_airport,"66.571651, -145.249987"
FYV,Drake Field,Fayetteville,US,United States,medium_airport,"36.00510025024414, -94.17009735107422"
GAB,Gabbs Airport,Gabbs,US,United States,small_airport,"38.923173, -117.9572"
GAD,Northeast Alabama Regional Airport,Gadsden,US,United States,small_airport,"33.972599, -86.088996"
GAG,Gage Heibeck Airport,Gage,US,United States,small_airport,"36.295502, -99.776398"
GAI,Montgomery County Airpark,Gaithersburg,US,United States,small_airport,"39.168301, -77.166"
GAL,Edward G. Pitka Sr Airport,Galena,US,United States,medium_airport,"64.736198, -156.936997"
GAM,Gambell Airport,Gambell,US,United States,medium_airport,"63.767694, -171.733303"
GBD,Great Bend Municipal Airport,Great Bend,US,United States,small_airport,"38.344299, -98.8592"
GBG,Galesburg Municipal Airport,Galesburg,US,United States,small_airport,"40.937999725299996, -90.431098938"
GBH,Galbraith Lake Airport,Galbraith Lake,US,United States,small_airport,"68.4796981812, -149.490005493"
GBR,Walter J. Koladza Airport,Great Barrington,US,United States,small_airport,"42.18420029, -73.40319824"
GCC,Northeast Wyoming Regional Airport,Gillette,US,United States,medium_airport,"44.3489, -105.539001"
GCD,Grand Coulee Dam Airport,Electric City,US,United States,small_airport,"47.922000885, -119.083000183"
GCK,Garden City Regional Airport,Garden City,US,United States,medium_airport,"37.9275016785, -100.723999023"
GCN,Grand Canyon National Park Airport,Grand Canyon - Tusayan,US,United States,medium_airport,"35.9524, -112.147003"
GCT,Grand Canyon Bar Ten Airstrip,Littlefield,US,United States,small_airport,"36.258614, -113.231159"
GCW,Grand Canyon West Airport,Peach Springs,US,United States,small_airport,"35.985787, -113.817072"
GCY,Greeneville Municipal Airport,Greeneville,US,United States,small_airport,"36.195648, -82.811482"
GDC,Donaldson Field Airport,Greenville,US,United States,small_airport,"34.758301, -82.376404"
GDM,Gardner Municipal Airport,Gardner,US,United States,small_airport,"42.5499992371, -72.0160980225"
GDV,Dawson Community Airport,Glendive,US,United States,medium_airport,"47.137658, -104.80691"
GDW,Gladwin Zettel Memorial Airport,Gladwin,US,United States,small_airport,"43.9706001282, -84.47499847410002"
GED,Delaware Coastal Airport,Georgetown,US,United States,small_airport,"38.689201, -75.358902"
GEG,Spokane International Airport,Spokane,US,United States,medium_airport,"47.6199, -117.533997"
GEY,South Big Horn County Airport,Greybull,US,United States,small_airport,"44.51679993, -108.0830002"
GFD,Pope Field,Greenfield,US,United States,small_airport,"39.790715, -85.735019"
GFK,Grand Forks International Airport,Grand Forks,US,United States,medium_airport,"47.949299, -97.176102"
GFL,Floyd Bennett Memorial Airport,Glens Falls,US,United States,medium_airport,"43.3412017822, -73.6102981567"
GGE,Georgetown County Airport,Georgetown,US,United States,small_airport,"33.3116989136, -79.3196029663"
GGG,East Texas Regional Airport,Longview,US,United States,medium_airport,"32.38399887084961, -94.71150207519531"
GGW,Glasgow Valley County Airport Wokal Field,Glasgow,US,United States,medium_airport,"48.212502, -106.614998"
GHM,Centerville Municipal Airport,Centerville,US,United States,small_airport,"35.8373985291, -87.44539642330001"
GIF,Winter Haven Regional Airport - Gilbert Field,Winter Haven,US,United States,small_airport,"28.062901, -81.753304"
GJT,Grand Junction Regional Airport,Grand Junction,US,United States,medium_airport,"39.126663, -108.529387"
GKN,Gulkana Airport,Gulkana,US,United States,medium_airport,"62.155859, -145.454662"
GKT,Gatlinburg-Pigeon Forge Airport,Sevierville,US,United States,small_airport,"35.85779953, -83.52870178219999"
GLB,San Carlos Apache Airport,Globe,US,United States,small_airport,"33.3531, -110.667"
GLD,Goodland Municipal Airport,Goodland,US,United States,medium_airport,"39.370701, -101.699753"
GLE,Gainesville Municipal Airport,Gainesville,US,United States,small_airport,"33.651401519800004, -97.1969985962"
GLH,Mid Delta Regional Airport,Greenville,US,United States,medium_airport,"33.482899, -90.985603"
GLR,Gaylord Regional Airport,Gaylord,US,United States,small_airport,"45.013500213600004, -84.7035980225"
GLS,Scholes International At Galveston Airport,Galveston,US,United States,medium_airport,"29.265301, -94.860397"
GLV,Golovin Airport,Golovin,US,United States,small_airport,"64.550499, -163.007004"
GLW,Glasgow Municipal Airport,Glasgow,US,United States,small_airport,"37.03179932, -85.9536972"
GMT,Granite Mountain Air Station,Granite Mountain,US,United States,small_airport,"65.40209961, -161.2810059"
GMU,Greenville Downtown Airport,Greenville,US,United States,medium_airport,"34.847903, -82.350217"
GMV,Monument Valley Airport,Oljato-Monument Valley,US,United States,small_airport,"37.015868, -110.202031"
GNF,Gansner Field,Quincy,US,United States,small_airport,"39.943902, -120.945"
GNG,Gooding Municipal Airport,Gooding,US,United States,small_airport,"42.91719818, -114.7649994"
GNT,Grants-Milan Municipal Airport,Grants,US,United States,small_airport,"35.167301178, -107.902000427"
GNU,Goodnews Airport,Goodnews,US,United States,small_airport,"59.117561, -161.575241"
GNV,Gainesville Regional Airport,Gainesville,US,United States,medium_airport,"29.6900997162, -82.2717971802"
GOK,Guthrie-Edmond Regional Airport,Guthrie,US,United States,small_airport,"35.84980011, -97.41560364"
GOL,Gold Beach Municipal Airport,Gold Beach,US,United States,small_airport,"42.41339874, -124.4240036"
GON,Groton New London Airport,Groton,US,United States,medium_airport,"41.330101, -72.045097"
GPT,Gulfport Biloxi International Airport,Gulfport,US,United States,medium_airport,"30.407301, -89.070099"
GPZ,Grand Rapids Itasca Co-Gordon Newstrom field,Grand Rapids,US,United States,small_airport,"47.21110153, -93.50980377"
GQQ,Galion Municipal Airport,Galion,US,United States,small_airport,"40.7533988953, -82.7238006592"
GRB,Austin Straubel International Airport,Green Bay,US,United States,medium_airport,"44.483459, -88.130805"
GRD,Greenwood County Airport,Greenwood,US,United States,small_airport,"34.248699, -82.159103"
GRE,Greenville Airport,Greenville,US,United States,small_airport,"38.836844, -89.376525"
GRF,Gray Army Air Field,Fort Lewis/Tacoma,US,United States,medium_airport,"47.07920074, -122.5810013"
GRI,Central Nebraska Regional Airport,Grand Island,US,United States,medium_airport,"40.967498779296875, -98.30960083007812"
GRK,Killeen Regional Airport / Robert Gray Army Airfield,Fort Cavazos,US,United States,medium_airport,"31.0672, -97.828903"
GRM,Grand Marais Cook County Airport,Grand Marais,US,United States,small_airport,"47.8382987976, -90.38289642330001"
GRN,Gordon Municipal Airport,Gordon,US,United States,small_airport,"42.8059997559, -102.175003052"
GRR,Gerald R. Ford International Airport,Grand Rapids,US,United States,medium_airport,"42.88079834, -85.52279663"
GSB,Seymour Johnson Air Force Base,Goldsboro,US,United States,medium_airport,"35.339401, -77.960602"
GSH,Goshen Municipal Airport,Goshen,US,United States,small_airport,"41.526401519800004, -85.79290008539999"
GSO,Piedmont Triad International Airport,Greensboro,US,United States,medium_airport,"36.097801, -79.937302"
GSP,Greenville Spartanburg International Airport,Greer,US,United States,medium_airport,"34.895699, -82.218903"
GST,Gustavus Airport,Gustavus,US,United States,medium_airport,"58.4253006, -135.7070007"
GTF,Great Falls International Airport,Great Falls,US,United States,medium_airport,"47.48199844, -111.3710022"
GTG,Grantsburg Municipal Airport,Grantsburg,US,United States,small_airport,"45.7980995178, -92.6643981934"
GTP,Grants Pass Airport,Grants Pass,US,United States,small_airport,"42.510101, -123.388"
GTR,Golden Triangle Regional Airport,Columbus/W Point/Starkville,US,United States,medium_airport,"33.450298, -88.5914"
GTY,Gettysburg Regional Airport,Gettysburg,US,United States,small_airport,"39.841222, -77.274699"
GUC,Gunnison Crested Butte Regional Airport,Gunnison,US,United States,medium_airport,"38.534672, -106.934566"
GUF,Jack Edwards National Airport,Gulf Shores,US,United States,small_airport,"30.290501, -87.671799"
GUP,Gallup Municipal Airport,Gallup,US,United States,medium_airport,"35.511653, -108.788166"
GUS,Grissom Air Reserve Base,Peru,US,United States,medium_airport,"40.648102, -86.1521"
GUY,Guymon Municipal Airport,Guymon,US,United States,medium_airport,"36.6851005554, -101.508003235"
GVE,Gordonsville Municipal Airport,Gordonsville,US,United States,small_airport,"38.155998, -78.165802"
GVL,Lee Gilmer Memorial Airport,Gainesville,US,United States,small_airport,"34.27259827, -83.8302002"
GVT,Majors Airport,Greenville,US,United States,small_airport,"33.0677986145, -96.0652999878"
GWO,Greenwood–Leflore Airport,Greenwood,US,United States,medium_airport,"33.495025, -90.088204"
GWS,Glenwood Springs Municipal Airport,Glenwood Springs,US,United States,small_airport,"39.5083007812, -107.310997009"
GWV,Glendale Fokker Field,Glendale,US,United States,small_airport,"39.948699951200005, -80.7594985962"
GXY,Greeley–Weld County Airport,Greeley,US,United States,small_airport,"40.4374008179, -104.633003235"
GYR,Phoenix Goodyear Airport,Goodyear,US,United States,small_airport,"33.4225006104, -112.375999451"
GYY,Gary Chicago International Airport,Gary,US,United States,medium_airport,"41.61629867553711, -87.41280364990234"
HAB,Marion County Rankin Fite Airport,Hamilton,US,United States,small_airport,"34.11759949, -87.99819946"
HAF,Half Moon Bay Airport,Half Moon Bay,US,United States,small_airport,"37.513401031499995, -122.500999451"
HAI,Three Rivers Municipal Dr Haines Airport,Three Rivers,US,United States,small_airport,"41.959801, -85.593399"
HAO,Butler Co Regional Airport - Hogan Field,Hamilton,US,United States,small_airport,"39.363800048799995, -84.5220031738"
HAR,Capital City Airport,Harrisburg,US,United States,small_airport,"40.2170982361, -76.85150146480001"
HBB,Industrial Airpark,Hobbs,US,United States,small_airport,"32.7668, -103.209"
HBG,Hattiesburg Bobby L Chain Municipal Airport,Hattiesburg,US,United States,medium_airport,"31.26479912, -89.25279999"
HBK,Holbrook Municipal Airport,Holbrook,US,United States,small_airport,"34.940700531, -110.138000488"
HBR,Hobart Regional Airport,Hobart,US,United States,medium_airport,"34.991317, -99.051313"
HCA,Big Spring Mc Mahon-Wrinkle Airport,Big Spring,US,United States,small_airport,"32.212601, -101.522003"
HCC,Columbia County Airport,Hudson,US,United States,small_airport,"42.291302, -73.710297"
HCR,Holy Cross Airport,Holy Cross,US,United States,medium_airport,"62.18830108642578, -159.77499389648438"
HCW,Cheraw Municipal Airport/Lynch Bellinger Field,Cheraw,US,United States,small_airport,"34.712898, -79.957001"
HDE,Brewster Field,Holdrege,US,United States,small_airport,"40.452099, -99.336502"
HDH,Kawaihapai Airfield,Mokuleia,US,United States,small_airport,"21.5795, -158.197006"
HDN,Yampa Valley Airport,Hayden,US,United States,medium_airport,"40.481201, -107.218002"
HED,Herendeen Bay Airport,Herendeen Bay,US,United States,small_airport,"55.802346, -160.901346"
HEE,Thompson-Robbins Airport,West Helena,US,United States,small_airport,"34.576571, -90.67616"
HES,Hermiston Municipal Airport,Hermiston,US,United States,small_airport,"45.828223, -119.259024"
HEZ,Natchez–Adams County Airport / Hardy-Anders Field,Natchez,US,United States,small_airport,"31.614817, -91.297331"
HFD,Hartford Brainard Airport,Hartford,US,United States,medium_airport,"41.736698150635, -72.649398803711"
HFF,Mackall Army Air Field,Hoffman,US,United States,small_airport,"35.036087, -79.498615"
HGR,Hagerstown Regional Richard A Henson Field,Hagerstown,US,United States,medium_airport,"39.708771, -77.728014"
HGZ,Hog River Airport,Hogatza,US,United States,small_airport,"66.176133, -155.684816"
HHH,Hilton Head Airport,Hilton Head Island,US,United States,medium_airport,"32.2244, -80.697502"
HHI,Wheeler Army Airfield,Wahiawa,US,United States,small_airport,"21.481637, -158.037048"
HHR,Jack Northrop Field Hawthorne Municipal Airport,Hawthorne,US,United States,medium_airport,"33.922798, -118.334999"
HIB,Range Regional Airport,Hibbing,US,United States,medium_airport,"47.384831, -92.836905"
HIE,Mount Washington Regional Airport,Whitefield,US,United States,small_airport,"44.36752, -71.545765"
HIF,Hill Air Force Base,Ogden,US,United States,medium_airport,"41.12403, -111.973086"
HII,Lake Havasu City International Airport,Lake Havasu City,US,United States,medium_airport,"34.571098, -114.358002"
HIK,Hickam Air Force Base,Honolulu,US,United States,medium_airport,"21.335278, -157.948333"
HIO,Portland Hillsboro Airport,Portland,US,United States,medium_airport,"45.540401, -122.949997"
HKA,Blytheville Municipal Airport,Blytheville,US,United States,small_airport,"35.940399169900004, -89.83080291750001"
HKB,Healy Lake Airport,Healy Lake,US,United States,small_airport,"63.9958, -144.6926"
HKS,Hawkins Field,Jackson,US,United States,small_airport,"32.33449936, -90.22219849"
HKY,Hickory Regional Airport,Hickory,US,United States,medium_airport,"35.74110031, -81.38950348"
HLB,Batesville Airport,Batesville,US,United States,small_airport,"39.342861, -85.258441"
HLC,Hill City Municipal Airport,Hill City,US,United States,small_airport,"39.37879944, -99.83149719"
HLG,Wheeling Ohio County Airport,Wheeling,US,United States,medium_airport,"40.1749992371, -80.6463012695"
HLI,Hollister Municipal Airport,Hollister,US,United States,small_airport,"36.8932991028, -121.410003662"
HLM,Park Township Airport,Holland,US,United States,small_airport,"42.795898, -86.162003"
HLN,Helena Regional Airport,Helena,US,United States,medium_airport,"46.6068, -111.983002"
HMN,Holloman Air Force Base,Alamogordo,US,United States,medium_airport,"32.852501, -106.107002"
HMT,Hemet Ryan Airport,Hemet,US,United States,small_airport,"33.7340011597, -117.023002625"
HNB,Huntingburg Airport,Huntingburg,US,United States,small_airport,"38.2490005493, -86.95369720459999"
HNC,Billy Mitchell Airport,Hatteras,US,United States,small_airport,"35.232799530029, -75.617797851562"
HNH,Hoonah Airport,Hoonah,US,United States,small_airport,"58.0961, -135.410111"
HNL,Daniel K Inouye International Airport,"Honolulu, Oahu",US,United States,large_airport,"21.32062, -157.924228"
HNM,Hana Airport,Hana,US,United States,medium_airport,"20.795601, -156.014008"
HNS,Haines Airport,Haines,US,United States,medium_airport,"59.243921, -135.523925"
HOB,Lea County Regional Airport,Hobbs,US,United States,medium_airport,"32.6875, -103.217003"
HOM,Homer Airport,Homer,US,United States,medium_airport,"59.644456, -151.479235"
HON,Huron Regional Airport,Huron,US,United States,medium_airport,"44.385201, -98.2285"
HOP,Campbell Army Airfield (Fort Campbell),Fort Campbell,US,United States,medium_airport,"36.674154, -87.48974"
HOT,Memorial Field Airport,Hot Springs,US,United States,medium_airport,"34.4788, -93.096262"
HOU,William P Hobby Airport,Houston,US,United States,medium_airport,"29.645399, -95.2789"
HPB,Hooper Bay Airport,Hooper Bay,US,United States,small_airport,"61.523899, -166.147003"
HPN,Westchester County Airport,White Plains,US,United States,medium_airport,"41.06700134277344, -73.70760345458984"
HPT,Hampton Municipal Airport,Hampton,US,United States,small_airport,"42.7237014771, -93.22630310059999"
HPV,Princeville Airport,Hanalei,US,United States,small_airport,"22.209313, -159.44515"
HPY,Baytown Airport,Baytown,US,United States,small_airport,"29.786100387599998, -94.95269775390001"
HQM,Bowerman Airport,Hoquiam,US,United States,medium_airport,"46.971199035599994, -123.93699646"
HRL,Valley International Airport,Harlingen,US,United States,medium_airport,"26.228500366210938, -97.65440368652344"
HRO,Boone County Airport,Harrison,US,United States,medium_airport,"36.26150131225586, -93.15470123291016"
HSB,Harrisburg-Raleigh Airport,Harrisburg,US,United States,small_airport,"37.811298, -88.550301"
HSH,Henderson Executive Airport,Las Vegas,US,United States,small_airport,"35.9728012085, -115.134002686"
HSI,Hastings Municipal Airport,Hastings,US,United States,small_airport,"40.6053009033, -98.42790222170001"
HSL,Huslia Airport,Huslia,US,United States,medium_airport,"65.697899, -156.350998"
HSP,Ingalls Field,Hot Springs,US,United States,small_airport,"37.95140076, -79.83390045"
HST,Homestead ARB Airport,Homestead,US,United States,medium_airport,"25.48859978, -80.38359833"
HSV,Huntsville International Carl T Jones Field,Huntsville,US,United States,medium_airport,"34.637199, -86.775101"
HTH,Hawthorne Industrial Airport,Hawthorne,US,United States,small_airport,"38.544399, -118.634002"
HTL,Roscommon County - Blodgett Memorial Airport,Houghton Lake,US,United States,small_airport,"44.359798, -84.671095"
HTO,Town of East Hampton Airport,East Hampton,US,United States,small_airport,"40.959954, -72.25105"
HTS,Tri-State Airport / Milton J. Ferguson Field,Huntington,US,United States,medium_airport,"38.366699, -82.557999"
HTV,Huntsville Regional Airport,Huntsville,US,United States,medium_airport,"30.7469005585, -95.5871963501"
HTW,Lawrence County Airpark,South Point,US,United States,small_airport,"38.419082, -82.494922"
HUA,Redstone Army Air Field,Redstone Arsnl Huntsville,US,United States,medium_airport,"34.67869949, -86.68479919"
HUD,Humboldt Municipal Airport,Humboldt,US,United States,small_airport,"42.734831, -94.245315"
HUF,"Terre Haute Regional Airport, Hulman Field",Terre Haute,US,United States,medium_airport,"39.4515, -87.307602"
HUJ,Stan Stamper Municipal Airport,Hugo,US,United States,small_airport,"34.03480148, -95.54190063"
HUL,Houlton International Airport,Houlton,US,United States,medium_airport,"46.1231002808, -67.792098999"
HUM,Houma Terrebonne Airport,Houma,US,United States,small_airport,"29.5664997101, -90.6604003906"
HUS,Hughes Airport,Hughes,US,United States,small_airport,"66.04109955, -154.2630005"
HUT,Hutchinson Municipal Airport,Hutchinson,US,United States,medium_airport,"38.0654983521, -97.86060333250002"
HVE,Hanksville Airport,Hanksville,US,United States,small_airport,"38.417999267599996, -110.70400238"
HVN,Tweed New Haven Airport,New Haven,US,United States,medium_airport,"41.26369858, -72.88680267"
HVR,Havre City County Airport,Havre,US,United States,medium_airport,"48.541387, -109.762859"
HVS,Hartsville Regional Airport,Hartsville,US,United States,small_airport,"34.4030990601, -80.11920166019999"
HWD,Hayward Executive Airport,Hayward,US,United States,small_airport,"37.659198761, -122.122001648"
HWO,North Perry Airport,Hollywood,US,United States,small_airport,"26.0012, -80.2407"
HYA,Cape Cod Gateway Airport,Hyannis,US,United States,medium_airport,"41.6693, -70.280403"
HYR,Sawyer County Airport,Hayward,US,United States,medium_airport,"46.025199890100005, -91.44429779050002"
HYS,Hays Regional Airport,Hays,US,United States,medium_airport,"38.844521, -99.273148"
HZL,Hazleton Municipal Airport,Hazleton,US,United States,small_airport,"40.986801147499996, -75.9949035645"
IAB,McConnell Air Force Base,Wichita,US,United States,medium_airport,"37.621899, -97.268204"
IAD,Washington Dulles International Airport,Dulles,US,United States,large_airport,"38.9445, -77.455803"
IAG,Niagara Falls International Airport,Niagara Falls,US,United States,medium_airport,"43.1073, -78.946198"
IAH,George Bush Intercontinental Houston Airport,Houston,US,United States,large_airport,"29.984399795532227, -95.34140014648438"
IAN,Bob Baker Memorial Airport,Kiana,US,United States,medium_airport,"66.976128, -160.439014"
ICL,Schenck Field,Clarinda,US,United States,small_airport,"40.72180176, -95.02639771"
ICS,Cascade Airport,Cascade,US,United States,small_airport,"44.4938011169, -116.01599884"
ICT,Wichita Eisenhower National Airport,Wichita,US,United States,medium_airport,"37.649899, -97.433098"
ICY,Icy Bay Airport,Icy Bay,US,United States,small_airport,"59.966269, -141.660118"
IDA,Idaho Falls Regional Airport,Idaho Falls,US,United States,medium_airport,"43.514599, -112.070999"
IDG,Ida Grove Municipal Airport,Ida Grove,US,United States,small_airport,"42.3326, -95.444901"
IDH,Idaho County Airport,Grangeville,US,United States,small_airport,"45.9426, -116.123001"
IDI,Indiana County–Jimmy Stewart Airport,Indiana,US,United States,small_airport,"40.631119, -79.101884"
IDP,Independence Municipal Airport,Independence,US,United States,small_airport,"37.1584014893, -95.77839660640001"
IFA,Iowa Falls Municipal Airport,Iowa Falls,US,United States,small_airport,"42.4707984924, -93.2699966431"
IFP,Laughlin Bullhead International Airport,Bullhead City,US,United States,medium_airport,"35.157398, -114.559998"
IGG,Igiugig Airport,Igiugig,US,United States,small_airport,"59.324001, -155.901993"
IGM,Kingman Airport,Kingman,US,United States,medium_airport,"35.259499, -113.938004"
IJX,Jacksonville Municipal Airport,Jacksonville,US,United States,small_airport,"39.774601, -90.238297"
IKB,Wilkes County Airport,North Wilkesboro,US,United States,small_airport,"36.2228012085, -81.09829711910001"
IKK,Greater Kankakee Airport,Kankakee,US,United States,medium_airport,"41.07139968869999, -87.8462982178"
IKO,Nikolski Air Station,Nikolski,US,United States,small_airport,"52.941552, -168.849478"
ILE,Skylark Field,Killeen,US,United States,small_airport,"31.0858001709, -97.6865005493"
ILG,Wilmington Airport,Wilmington,US,United States,medium_airport,"39.678699, -75.606499"
ILI,Iliamna Airport,Iliamna,US,United States,medium_airport,"59.754398, -154.910996"
ILL,Willmar Municipal Airport John L Rice Field (2006),Willmar,US,United States,small_airport,"45.117552, -95.132259"
ILM,Wilmington International Airport,Wilmington,US,United States,medium_airport,"34.270599365234375, -77.90260314941406"
ILN,Wilmington Airpark,Wilmington,US,United States,medium_airport,"39.427898407, -83.792098999"
IML,Imperial Municipal Airport,Imperial,US,United States,small_airport,"40.50930023, -101.6210022"
IMM,Immokalee Regional Airport,Immokalee,US,United States,small_airport,"26.427933, -81.403531"
IMT,Ford Airport,Kingsford,US,United States,medium_airport,"45.81911, -88.114557"
IND,Indianapolis International Airport,Indianapolis,US,United States,large_airport,"39.7173, -86.294403"
INK,Winkler County Airport,Wink,US,United States,medium_airport,"31.779600143399996, -103.200996399"
INL,Falls International Airport,International Falls,US,United States,medium_airport,"48.566200256347656, -93.4030990600586"
INS,Creech Air Force Base,Indian Springs,US,United States,small_airport,"36.587200164799995, -115.672996521"
INT,Smith Reynolds Airport,Winston Salem,US,United States,medium_airport,"36.13370132446289, -80.22200012207031"
INW,Winslow Lindbergh Regional Airport,Winslow,US,United States,medium_airport,"35.021900177, -110.722999573"
IOW,Iowa City Municipal Airport,Iowa City,US,United States,small_airport,"41.639198303200004, -91.5465011597"
IPL,Imperial County Airport,Imperial,US,United States,medium_airport,"32.83539, -115.574026"
IPT,Williamsport Regional Airport,Williamsport,US,United States,medium_airport,"41.242126, -76.92245"
IRB,Iraan Municipal Airport,Iraan,US,United States,small_airport,"30.9057006836, -101.891998291"
IRC,Circle City (New) Airport,Circle,US,United States,small_airport,"65.827673, -144.076195"
IRK,Kirksville Regional Airport,Kirksville,US,United States,medium_airport,"40.09349822998047, -92.5448989868164"
IRS,Kirsch Municipal Airport,Sturgis,US,United States,small_airport,"41.813301, -85.439003"
ISM,Kissimmee Gateway Airport,Orlando,US,United States,medium_airport,"28.2898006439, -81.4371032715"
ISO,Kinston Regional Jetport At Stallings Field,Kinston,US,United States,medium_airport,"35.331401825, -77.60880279540001"
ISP,Long Island Mac Arthur Airport,Islip,US,United States,medium_airport,"40.79520035, -73.10019684"
ISQ,Schoolcraft County Airport,Manistique,US,United States,small_airport,"45.974602, -86.171799"
ISS,Wiscasset Airport,Wiscasset,US,United States,small_airport,"43.9613990784, -69.712600708"
ISW,Alexander Field South Wood County Airport,Wisconsin Rapids,US,United States,small_airport,"44.3602981567, -89.83899688720001"
ITH,Ithaca Tompkins Regional Airport,Ithaca,US,United States,medium_airport,"42.49100112915039, -76.4583969116211"
ITO,Hilo International Airport,Hilo,US,United States,medium_airport,"19.721399, -155.048004"
IUA,Canandaigua Airport,Ontario County IDA,US,United States,small_airport,"42.908902, -77.325226"
IWD,Gogebic Iron County Airport,Ironwood,US,United States,small_airport,"46.525298, -90.131578"
IWS,West Houston Airport,Houston,US,United States,small_airport,"29.818199, -95.6726"
IYK,Inyokern Airport,Inyokern,US,United States,small_airport,"35.65879822, -117.8300018"
JAC,Jackson Hole Airport,Jackson,US,United States,medium_airport,"43.6072998046875, -110.73799896240234"
JAN,Jackson-Medgar Wiley Evers International Airport,Jackson,US,United States,medium_airport,"32.311199, -90.075897"
JAS,Jasper County Airport Bell Field,Jasper,US,United States,small_airport,"30.8857, -94.034897"
JAX,Jacksonville International Airport,Jacksonville,US,United States,large_airport,"30.492469, -81.687813"
JBR,Jonesboro Municipal Airport,Jonesboro,US,United States,medium_airport,"35.83169937133789, -90.64640045166016"
JCI,New Century AirCenter Airport,New Century,US,United States,small_airport,"38.830898, -94.890297"
JCT,Kimble County Airport,Junction,US,United States,medium_airport,"30.5112991333, -99.7634963989"
JCY,LBJ Ranch Airport,Stonewall,US,United States,small_airport,"30.251801, -98.622498"
JDA,Grant County Regional Airport / Ogilvie Field,John Day,US,United States,small_airport,"44.404202, -118.962997"
JDN,Jordan Airport,Jordan,US,United States,small_airport,"47.3288, -106.953003"
JEF,Jefferson City Memorial Airport,Jefferson City,US,United States,small_airport,"38.5912017822, -92.15609741210001"
JFK,John F Kennedy International Airport,New York,US,United States,large_airport,"40.639447, -73.779317"
JFN,Northeast Ohio Regional Airport,Ashtabula,US,United States,medium_airport,"41.778, -80.695503"
JHM,Kapalua Airport,Lahaina,US,United States,medium_airport,"20.9629, -156.673004"
JHW,Chautauqua County-Jamestown Airport,Jamestown,US,United States,medium_airport,"42.15425, -79.254008"
JKV,Cherokee County Airport,Jacksonville,US,United States,small_airport,"31.8693008423, -95.2173995972"
JLA,Quartz Creek Airport,Cooper Landing,US,United States,small_airport,"60.484235, -149.722909"
JLN,Joplin Regional Airport,Joplin,US,United States,medium_airport,"37.151798, -94.498299"
JMS,Jamestown Regional Airport,Jamestown,US,United States,medium_airport,"46.92969894, -98.67819977"
JNU,Juneau International Airport,Juneau,US,United States,medium_airport,"58.355, -134.576004"
JOT,Joliet Regional Airport,Joliet,US,United States,small_airport,"41.51779938, -88.17549896"
JRF,Kalaeloa Airport,Kapolei,US,United States,medium_airport,"21.3074, -158.070009"
JST,John Murtha Johnstown Cambria County Airport,Johnstown,US,United States,medium_airport,"40.31610107421875, -78.83390045166016"
JVI,Central Jersey Regional Airport,Manville,US,United States,small_airport,"40.5243988037, -74.59839630130001"
JVL,Southern Wisconsin Regional Airport,Janesville,US,United States,small_airport,"42.620300293, -89.0416030884"
JXN,Jackson County Airport/Reynolds Field,Jackson,US,United States,medium_airport,"42.260509, -84.463019"
KAL,Kaltag Airport,Kaltag,US,United States,small_airport,"64.31864, -158.74197"
KBC,Birch Creek Airport,Birch Creek,US,United States,small_airport,"66.2740020752, -145.824005127"
KCG,Chignik Airport,Chignik,US,United States,small_airport,"56.311501, -158.373001"
KCL,Chignik Lagoon Airport,Chignik Flats,US,United States,small_airport,"56.310776, -158.534818"
KCQ,Chignik Lake Airport,Chignik Lake,US,United States,small_airport,"56.2550010681, -158.774993896"
KCR,Colorado Creek Airport,Colorado Creek,US,United States,small_airport,"63.5676994324, -155.988998413"
KDK,Kodiak Municipal Airport,Kodiak,US,United States,small_airport,"57.806151, -152.373693"
KEB,Nanwalek Airport,Nanwalek,US,United States,small_airport,"59.3521, -151.925003"
KEK,Ekwok Airport,Ekwok,US,United States,small_airport,"59.3568, -157.470993"
KFP,False Pass Airport,False Pass,US,United States,small_airport,"54.84751, -163.407168"
KGK,Koliganek Airport,Koliganek,US,United States,small_airport,"59.726600647, -157.259002686"
KGX,Grayling Airport,Grayling,US,United States,small_airport,"62.895187, -160.066289"
KGZ,Glacier Creek Airport,Glacier Creek,US,United States,small_airport,"61.4551010132, -142.380996704"
KIC,Mesa Del Rey Airport,King City,US,United States,small_airport,"36.2280006409, -121.122001648"
KIP,Kickapoo Downtown Airport,Wichita Falls,US,United States,small_airport,"33.85779953, -98.49040222"
KKA,Koyuk Alfred Adams Airport,Koyuk,US,United States,small_airport,"64.939499, -161.154007"
KKH,Kongiganak Airport,Kongiganak,US,United States,small_airport,"59.9608, -162.880997"
KKI,Akiachak Airport,Akiachak,US,United States,small_airport,"60.913809, -161.493329"
KKK,Kalakaket Creek AS Airport,Kalakaket Creek,US,United States,small_airport,"64.4166256967, -156.820392609"
KKT,Kentland Municipal Airport,Kentland,US,United States,small_airport,"40.758733, -87.429457"
KKU,Ekuk Airport,Ekuk,US,United States,small_airport,"58.8111991882, -158.559005737"
KLG,Kalskag Airport,Kalskag,US,United States,small_airport,"61.53630065917969, -160.34100341796875"
KLL,Levelock Airport,Levelock,US,United States,small_airport,"59.12606, -156.860906"
KLN,Larsen Bay Airport,Larsen Bay,US,United States,small_airport,"57.53516, -153.976455"
KLS,Southwest Washington Regional Airport,Kelso,US,United States,medium_airport,"46.11800003049999, -122.898002625"
KLW,Klawock Airport,Klawock,US,United States,medium_airport,"55.579201, -133.076004"
KMO,Manokotak Airport,Manokotak,US,United States,small_airport,"58.932056, -158.901886"
KNB,Kanab Municipal Airport,Kanab,US,United States,small_airport,"37.011101, -112.530998"
KNK,Kokhanok Airport,Kokhanok,US,United States,small_airport,"59.433248, -154.80217"
KNT,Kennett Memorial Airport,Kennett,US,United States,small_airport,"36.2258987427, -90.0365982056"
KNW,New Stuyahok Airport,New Stuyahok,US,United States,small_airport,"59.451838, -157.373829"
KOA,Ellison Onizuka Kona International Airport at Keahole,Kailua-Kona,US,United States,medium_airport,"19.738783, -156.045603"
KOT,Kotlik Airport,Kotlik,US,United States,small_airport,"63.030602, -163.533005"
KOZ,Ouzinkie Airport,Ouzinkie,US,United States,small_airport,"57.942094, -152.464314"
KPC,Port Clarence Coast Guard Station,Port Clarence,US,United States,medium_airport,"65.2537002563, -166.85899353"
KPN,Kipnuk Airport,Kipnuk,US,United States,small_airport,"59.931796, -164.028196"
KPT,Jackpot Airport/Hayden Field,Jackpot,US,United States,small_airport,"41.97600173949999, -114.657997131"
KPV,Perryville Airport,Perryville,US,United States,small_airport,"55.9065, -159.16091"
KQA,Akutan Airport,Akutan,US,United States,small_airport,"54.14459, -165.604332"
KSM,St Mary's Airport,St Mary's,US,United States,small_airport,"62.060501, -163.302002"
KTN,Ketchikan International Airport,Ketchikan,US,United States,medium_airport,"55.35559845, -131.7140045"
KTS,Brevig Mission Airport,Brevig Mission,US,United States,small_airport,"65.331826, -166.467848"
KUK,Kasigluk Airport,Kasigluk,US,United States,small_airport,"60.872747, -162.5247"
KVC,King Cove Airport,King Cove,US,United States,small_airport,"55.116299, -162.266006"
KVL,Kivalina Airport,Kivalina,US,United States,small_airport,"67.734565, -164.559917"
KWK,Kwigillingok Airport,Kwigillingok,US,United States,small_airport,"59.876499, -163.169005"
KWN,Quinhagak Airport,Quinhagak,US,United States,small_airport,"59.7551, -161.845"
KWT,Kwethluk Airport,Kwethluk,US,United States,small_airport,"60.790298, -161.444"
KYK,Karluk Airport,Karluk,US,United States,small_airport,"57.565919, -154.453762"
KYO,Tampa North Aero Park Airport,Tampa,US,United States,small_airport,"28.2213001251, -82.37449646"
KYU,Koyukuk Airport,Koyukuk,US,United States,small_airport,"64.876099, -157.727005"
LAA,Southeast Colorado Regional Airport,Lamar,US,United States,medium_airport,"38.066407, -102.691373"
LAF,Purdue University Airport,West Lafayette,US,United States,medium_airport,"40.412875, -86.939363"
LAL,Lakeland Linder International Airport,Lakeland,US,United States,medium_airport,"27.987656, -82.018776"
LAM,Los Alamos Airport,Los Alamos,US,United States,small_airport,"35.8797988892, -106.268997192"
LAN,Capital City Airport,Lansing,US,United States,medium_airport,"42.77870178222656, -84.58740234375"
LAR,Laramie Regional Airport,Laramie,US,United States,medium_airport,"41.31209945678711, -105.67500305175781"
LAS,Harry Reid International Airport,Las Vegas,US,United States,large_airport,"36.083361, -115.151817"
LAW,Lawton Fort Sill Regional Airport,Lawton,US,United States,medium_airport,"34.567699, -98.416603"
LAX,Los Angeles International Airport,Los Angeles,US,United States,large_airport,"33.942501, -118.407997"
LBB,Lubbock Preston Smith International Airport,Lubbock,US,United States,medium_airport,"33.663601, -101.822998"
LBE,Arnold Palmer Regional Airport,Latrobe,US,United States,medium_airport,"40.275902, -79.4048"
LBF,North Platte Regional Airport Lee Bird Field,North Platte,US,United States,medium_airport,"41.12620163, -100.6839981"
LBL,Liberal Mid-America Regional Airport,Liberal,US,United States,medium_airport,"37.0442009, -100.9599991"
LBT,Lumberton Regional Airport,Lumberton,US,United States,medium_airport,"34.610773, -79.05943"
LCH,Lake Charles Regional Airport,Lake Charles,US,United States,medium_airport,"30.126100540161133, -93.22329711914062"
LCI,Laconia Municipal Airport,Laconia / Gilford,US,United States,small_airport,"43.572701, -71.4189"
LCK,Rickenbacker International Airport,Columbus,US,United States,medium_airport,"39.813801, -82.927803"
LCQ,Lake City Gateway Airport,Lake City,US,United States,small_airport,"30.181999, -82.576897"
LDJ,Linden Airport,Linden,US,United States,small_airport,"40.617401123, -74.2445983887"
LDM,Mason County Airport,Ludington,US,United States,small_airport,"43.96250153, -86.40789795"
LEB,Lebanon Municipal Airport,Lebanon,US,United States,medium_airport,"43.626098632799994, -72.30419921880001"
LEE,Leesburg International Airport,Leesburg,US,United States,medium_airport,"28.82309914, -81.80870056"
LEM,Lemmon Municipal Airport,Lemmon,US,United States,small_airport,"45.9187011719, -102.106002808"
LEW,Auburn Lewiston Municipal Airport,Auburn/Lewiston,US,United States,small_airport,"44.048500061, -70.2835006714"
LEX,Blue Grass Airport,Lexington,US,United States,medium_airport,"38.036499, -84.605904"
LFI,Langley Air Force Base,Hampton,US,United States,medium_airport,"37.082901, -76.360497"
LFK,Angelina County Airport,Lufkin,US,United States,medium_airport,"31.2339992523, -94.75"
LFN,Triangle North Executive Airport,Louisburg,US,United States,small_airport,"36.0233, -78.330299"
LFT,Lafayette Regional Airport,Lafayette,US,United States,medium_airport,"30.205299, -91.987602"
LGA,LaGuardia Airport,New York,US,United States,large_airport,"40.777199, -73.872597"
LGB,Long Beach Airport (Daugherty Field),Long Beach,US,United States,medium_airport,"33.816523, -118.149891"
LGC,LaGrange Callaway Airport,LaGrange,US,United States,small_airport,"33.008873, -85.074331"
LGD,La Grande/Union County Airport,La Grande,US,United States,small_airport,"45.2901992798, -118.007003784"
LGF,Laguna Army Airfield,Yuma Proving Ground(Yuma),US,United States,small_airport,"32.86000061, -114.3970032"
LGU,Logan-Cache Airport,Logan,US,United States,medium_airport,"41.7911987305, -111.851997375"
LHV,William T. Piper Memorial Airport,Lock Haven,US,United States,small_airport,"41.13560104, -77.42230225"
LIC,Limon Municipal Airport,Limon,US,United States,small_airport,"39.274799346900004, -103.666000366"
LIH,Lihue Airport,Lihue,US,United States,medium_airport,"21.976, -159.339005"
LIT,Bill & Hillary Clinton National Airport/Adams Field,Little Rock,US,United States,medium_airport,"34.729582, -92.223728"
LIV,Livengood Camp Airport,Livengood,US,United States,small_airport,"65.467, -148.6534"
LIY,MidCoast Regional Airport at Wright Army Airfield,Hinesville,US,United States,small_airport,"31.891237, -81.561003"
LIZ,Loring International Airport,Limestone,US,United States,small_airport,"46.950401, -67.885902"
LJN,Texas Gulf Coast Regional Airport,Angleton,US,United States,medium_airport,"29.108601, -95.462097"
LKK,Kulik Lake Airport,Kulik Lake,US,United States,small_airport,"58.9821014404, -155.121002197"
LKP,Lake Placid Airport,Lake Placid,US,United States,small_airport,"44.2644996643, -73.96189880370001"
LKV,Lake County Airport,Lakeview,US,United States,small_airport,"42.161098480199996, -120.399002075"
LLX,Caledonia County Airport,Lyndonville,US,United States,small_airport,"44.5690994263, -72.0179977417"
LLY,South Jersey Regional Airport,Lumberton,US,United States,small_airport,"39.942902, -74.845703"
LMA,Minchumina Airport,Minchumina,US,United States,small_airport,"63.886002, -152.302002"
LMS,Louisville Winston County Airport,Louisville,US,United States,small_airport,"33.1461982727, -89.0625"
LMT,Crater Lake-Klamath Regional Airport,Klamath Falls,US,United States,medium_airport,"42.156101, -121.733002"
LNA,Palm Beach County Park Airport,West Palm Beach,US,United States,small_airport,"26.59300041, -80.08509827"
LND,Hunt Field,Lander,US,United States,medium_airport,"42.815201, -108.730003"
LNI,Point Lonely Short Range Radar Site Airfield,Point Lonely,US,United States,small_airport,"70.911118, -153.237766"
LNK,Lincoln Airport,Lincoln,US,United States,medium_airport,"40.85100173950195, -96.75920104980469"
LNN,Lake County Executive Airport,Willoughby,US,United States,small_airport,"41.683998, -81.389702"
LNP,Lonesome Pine Airport,Wise,US,United States,small_airport,"36.9874992371, -82.5299987793"
LNR,Tri-County Regional Airport,Spring Green,US,United States,small_airport,"43.2099, -90.181332"
LNS,Lancaster Airport,Lancaster,US,United States,medium_airport,"40.121700286865234, -76.29609680175781"
LNY,Lanai Airport,Lanai City,US,United States,medium_airport,"20.785675, -156.951324"
LOL,Derby Field,Lovelock,US,United States,medium_airport,"40.0663986206, -118.565002441"
LOT,Lewis University Airport,Chicago/Romeoville,US,United States,small_airport,"41.6072998, -88.09619904"
LOU,Bowman Field,Louisville,US,United States,medium_airport,"38.2280006409, -85.6636962891"
LOW,Louisa County Airport / Freeman Field,Louisa,US,United States,small_airport,"38.0098, -77.9701"
LOZ,London-Corbin Airport/Magee Field,London,US,United States,medium_airport,"37.0821990967, -84.08489990230001"
LPC,Lompoc Airport,Lompoc,US,United States,small_airport,"34.665599823, -120.468002319"
LPO,La Porte Municipal Airport,La Porte,US,United States,small_airport,"41.5724983215, -86.73449707030001"
LPS,Lopez Island Airport,Lopez,US,United States,small_airport,"48.4838981628418, -122.93800354003906"
LQK,Pickens County Airport,Pickens,US,United States,small_airport,"34.8100013733, -82.70290374759999"
LRD,Laredo International Airport,Laredo,US,United States,medium_airport,"27.543800354003906, -99.46160125732422"
LRF,Little Rock Air Force Base,Jacksonville,US,United States,medium_airport,"34.916900634799994, -92.14969635010002"
LRJ,Le Mars Municipal Airport,Le Mars,US,United States,small_airport,"42.77799988, -96.1937027"
LRU,Las Cruces International Airport,Las Cruces,US,United States,medium_airport,"32.289398, -106.921997"
LSB,Lordsburg Municipal Airport,Lordsburg,US,United States,small_airport,"32.3334999084, -108.692001343"
LSE,La Crosse Regional Airport,La Crosse,US,United States,medium_airport,"43.879002, -91.256699"
LSF,Lawson Army Air Field,Fort Benning,US,United States,medium_airport,"32.332546, -84.988003"
LSK,Lusk Municipal Airport,Lusk,US,United States,small_airport,"42.753799438499996, -104.404998779"
LSN,Los Banos Municipal Airport,Los Banos,US,United States,small_airport,"37.06290054, -120.8690033"
LSV,Nellis Air Force Base,Las Vegas,US,United States,medium_airport,"36.2361984253, -115.033996582"
LTS,Altus Air Force Base,Altus,US,United States,medium_airport,"34.667099, -99.266701"
LTW,St. Mary's County Regional Airport,California,US,United States,small_airport,"38.315399, -76.550102"
LUF,Luke Air Force Base,Glendale,US,United States,medium_airport,"33.535, -112.383003"
LUK,Cincinnati Municipal Airport Lunken Field,Cincinnati,US,United States,medium_airport,"39.102357, -84.418945"
LUL,Hesler Noble Field,Laurel,US,United States,small_airport,"31.672599792499998, -89.172203064"
LUP,Kalaupapa Airport,Kalaupapa,US,United States,small_airport,"21.211, -156.973999"
LUR,Cape Lisburne LRRS Airport,Cape Lisburne,US,United States,medium_airport,"68.875099, -166.110001"
LVD,Lime Village Airport,Lime Village,US,United States,small_airport,"61.3591003418, -155.440002441"
LVK,Livermore Municipal Airport,Livermore,US,United States,small_airport,"37.6934013367, -121.819999695"
LVL,Brunswick Municipal Airport,Lawrenceville,US,United States,small_airport,"36.774229, -77.793846"
LVM,Mission Field,Livingston,US,United States,medium_airport,"45.6994018555, -110.447998047"
LVS,Las Vegas Municipal Airport,Las Vegas,US,United States,medium_airport,"35.654202, -105.141998"
LWB,Greenbrier Valley Airport,Lewisburg,US,United States,medium_airport,"37.857914, -80.400438"
LWC,Lawrence Municipal Airport,Lawrence,US,United States,small_airport,"39.01119995, -95.21659851"
LWL,Wells Municipal Airport/Harriet Field,Wells,US,United States,small_airport,"41.117099762, -114.92199707"
LWM,Lawrence Municipal Airport,Lawrence,US,United States,medium_airport,"42.717201232899995, -71.1233978271"
LWS,Lewiston Nez Perce County Airport,Lewiston,US,United States,medium_airport,"46.3745002746582, -117.01499938964844"
LWT,Lewistown Municipal Airport,Lewistown,US,United States,medium_airport,"47.048429, -109.466143"
LWV,Lawrenceville Vincennes International Airport,Lawrenceville,US,United States,small_airport,"38.7643013, -87.6054992676"
LXN,Jim Kelly Field,Lexington,US,United States,small_airport,"40.791, -99.777298"
LXV,Lake County Airport,Leadville,US,United States,small_airport,"39.220298767100005, -106.317001343"
LYH,Lynchburg Regional Airport - Preston Glenn Field,Lynchburg,US,United States,medium_airport,"37.326698, -79.200401"
LYO,Lyons-Rice County Municipal Airport,Lyons,US,United States,small_airport,"38.339481, -98.228702"
LYU,Ely Municipal Airport,Ely,US,United States,medium_airport,"47.82450104, -91.83070374"
LZU,Gwinnett County Briscoe Field,Lawrenceville,US,United States,small_airport,"33.97809982, -83.96240234"
MAC,Macon Downtown Airport,Macon,US,United States,small_airport,"32.82210159, -83.56199646"
MAE,Madera Municipal Airport,Madera,US,United States,small_airport,"36.9886016846, -120.111999512"
MAF,Midland International Air and Space Port,Midland,US,United States,medium_airport,"31.942499, -102.202003"
MAW,Malden Regional Airport,Malden,US,United States,small_airport,"36.6006012, -89.99220276"
MBG,Mobridge Municipal Airport,Mobridge,US,United States,medium_airport,"45.54650116, -100.4079971"
MBL,Manistee County Blacker Airport,Manistee,US,United States,small_airport,"44.272707, -86.246495"
MBS,MBS International Airport,Freeland,US,United States,medium_airport,"43.531913, -84.082275"
MBY,Omar N Bradley Airport,Moberly,US,United States,small_airport,"39.464393, -92.428365"
MCB,McComb-Pike County Airport / John E Lewis Field,McComb,US,United States,medium_airport,"31.178499, -90.471901"
MCC,McClellan Airfield,Sacramento,US,United States,medium_airport,"38.667599, -121.401001"
MCD,Mackinac Island Airport,Mackinac Island,US,United States,small_airport,"45.86489868, -84.63729858"
MCE,Merced Regional Macready Field,Merced,US,United States,medium_airport,"37.284698, -120.514"
MCF,MacDill Air Force Base,Tampa,US,United States,medium_airport,"27.8493, -82.521202"
MCG,McGrath Airport,McGrath,US,United States,medium_airport,"62.95289993, -155.6060028"
MCI,Kansas City International Airport,Kansas City,US,United States,large_airport,"39.2976, -94.713898"
MCK,McCook Ben Nelson Regional Airport,McCook,US,United States,medium_airport,"40.207787, -100.592794"
MCL,Denali National Park Airport,Denali Park,US,United States,small_airport,"63.732465, -148.911266"
MCN,Middle Georgia Regional Airport,Macon,US,United States,medium_airport,"32.69279861450195, -83.64920043945312"
MCO,Orlando International Airport,Orlando,US,United States,large_airport,"28.429399490356445, -81.30899810791016"
MCW,Mason City Municipal Airport,Mason City,US,United States,medium_airport,"43.159801, -93.329716"
MDD,Midland Airpark,Midland,US,United States,small_airport,"32.0364990234, -102.100997925"
MDF,Taylor County Airport,Medford,US,United States,small_airport,"45.10100174, -90.30329895"
MDH,Southern Illinois Airport,Murphysboro,US,United States,medium_airport,"37.778099, -89.251999"
MDJ,Madras Municipal Airport,Madras,US,United States,small_airport,"44.67020035, -121.1549988"
MDN,Madison Municipal Airport,Madison,US,United States,small_airport,"38.75889969, -85.46549988"
MDO,Middleton Island Airport,Middleton Island,US,United States,small_airport,"59.4499015808, -146.307006836"
MDT,Harrisburg International Airport,Harrisburg,US,United States,medium_airport,"40.193501, -76.763397"
MDW,Chicago Midway International Airport,Chicago,US,United States,large_airport,"41.785999, -87.752403"
MEI,Key Field / Meridian Regional Airport,Meridian,US,United States,medium_airport,"32.3326, -88.7519"
MEJ,Port Meadville Airport,Meadville,US,United States,small_airport,"41.626499, -80.214699"
MEM,Memphis International Airport,Memphis,US,United States,large_airport,"35.0424, -89.9767"
MEO,Dare County Regional Airport,Manteo,US,United States,small_airport,"35.91879, -75.695662"
MER,Castle Airport,Merced,US,United States,medium_airport,"37.38050079, -120.5680008"
MEV,Minden-Tahoe Airport,Minden,US,United States,small_airport,"39.00030136, -119.7509995"
MFD,Mansfield Lahm Regional Airport,Mansfield,US,United States,medium_airport,"40.82139968869999, -82.5166015625"
MFE,McAllen Miller International Airport,McAllen,US,United States,medium_airport,"26.176141, -98.237965"
MFH,Mesquite International Airport,Mesquite,US,United States,medium_airport,"36.833105, -114.055928"
MFI,Marshfield Municipal Airport,Marshfield,US,United States,small_airport,"44.6369018555, -90.18930053710001"
MFR,Rogue Valley International Medford Airport,Medford,US,United States,medium_airport,"42.37419891357422, -122.87300109863281"
MFV,Accomack County Airport,Melfa,US,United States,small_airport,"37.646900177, -75.761100769"
MGC,Michigan City Municipal Airport,Michigan City,US,United States,small_airport,"41.703300476100004, -86.8211975098"
MGE,Dobbins Air Reserve Base,Marietta,US,United States,medium_airport,"33.915401, -84.516296"
MGI,National Wildlife Refuge Airport,Matagorda Island,US,United States,small_airport,"28.323, -96.464"
MGJ,Orange County Airport,Montgomery,US,United States,small_airport,"41.50999832, -74.26460266"
MGM,Montgomery Regional (Dannelly Field) Airport,Montgomery,US,United States,medium_airport,"32.300598, -86.393997"
MGR,Moultrie Municipal Airport,Moultrie,US,United States,small_airport,"31.084899902300002, -83.8032989502"
MGW,Morgantown Municipal Airport Walter L. (Bill) Hart Field,Morgantown,US,United States,medium_airport,"39.643305, -79.917598"
MGY,Dayton-Wright Brothers Airport,Dayton,US,United States,small_airport,"39.5890007019, -84.224899292"
MHE,Mitchell Municipal Airport,Mitchell,US,United States,small_airport,"43.774799346900004, -98.03859710690001"
MHK,Manhattan Regional Airport,Manhattan,US,United States,medium_airport,"39.14099884033203, -96.6707992553711"
MHL,Marshall Memorial Municipal Airport,Marshall,US,United States,small_airport,"39.0957984924, -93.20290374759999"
MHN,Hooker County Airport,Mullen,US,United States,small_airport,"42.042155, -101.059113"
MHR,Sacramento Mather Airport,Sacramento,US,United States,medium_airport,"38.554744, -121.297989"
MHS,Dunsmuir Muni-Mott Airport,Dunsmuir,US,United States,small_airport,"41.263199, -122.272003"
MHT,Manchester-Boston Regional Airport,Manchester,US,United States,medium_airport,"42.932598, -71.435699"
MHV,Mojave Airport,Mojave,US,United States,small_airport,"35.05939865, -118.1520004"
MIA,Miami International Airport,Miami,US,United States,large_airport,"25.79319953918457, -80.29060363769531"
MIB,Minot Air Force Base,Minot,US,United States,medium_airport,"48.4156, -101.358002"
MIC,Crystal Airport,Minneapolis,US,United States,small_airport,"45.062, -93.353897"
MIE,Delaware County Johnson Field,Muncie,US,United States,medium_airport,"40.242298, -85.395897"
MIF,Roy Hurd Memorial Airport,Monahans,US,United States,small_airport,"31.582500457764, -102.90899658203"
MIO,Miami Municipal Airport,Miami,US,United States,small_airport,"36.909199, -94.887497"
MIQ,Millard Airport,Omaha,US,United States,small_airport,"41.195877, -96.112107"
MIT,Shafter Airport - Minter Field,Shafter,US,United States,small_airport,"35.507401, -119.192002"
MIV,Millville Municipal Airport,Millville,US,United States,medium_airport,"39.367802, -75.072197"
MIW,Marshalltown Municipal Airport,Marshalltown,US,United States,small_airport,"42.112701, -92.917801"
MJQ,Jackson Municipal Airport,Jackson,US,United States,small_airport,"43.650002, -94.986504"
MJX,Ocean County Airport,Toms River,US,United States,small_airport,"39.92750168, -74.29239655"
MKA,Miller Municipal Airport,Miller,US,United States,small_airport,"44.5252, -98.958099"
MKC,Charles B. Wheeler Downtown Airport,Kansas City,US,United States,medium_airport,"39.123199, -94.592796"
MKE,General Mitchell International Airport,Milwaukee,US,United States,large_airport,"42.947201, -87.896599"
MKG,Muskegon County Airport,Muskegon,US,United States,medium_airport,"43.169498, -86.238197"
MKK,Molokai Airport,Kaunakakai,US,United States,medium_airport,"21.152901, -157.095993"
MKL,McKellar-Sipes Regional Airport,Jackson,US,United States,medium_airport,"35.599899, -88.915604"
MKO,Muskogee-Davis Regional Airport,Muskogee,US,United States,small_airport,"35.656502, -95.366699"
MKT,Mankato Regional Airport,Mankato,US,United States,small_airport,"44.224781, -93.919128"
MLB,Melbourne Orlando International Airport,Melbourne,US,United States,medium_airport,"28.1028, -80.645302"
MLC,Mc Alester Regional Airport,Mc Alester,US,United States,medium_airport,"34.882401, -95.783501"
MLD,Malad City Airport,Malad City,US,United States,small_airport,"42.166599, -112.296997"
MLF,Milford Municipal-Ben and Judy Briscoe Field,Milford,US,United States,small_airport,"38.426601, -113.012001"
MLI,Quad City International Airport,Moline,US,United States,medium_airport,"41.448502, -90.5075"
MLJ,Baldwin County Regional Airport,Milledgeville,US,United States,small_airport,"33.154202, -83.240701"
MLK,Malta Airport,Malta,US,United States,small_airport,"48.366901, -107.918999"
MLL,Marshall Don Hunter Sr Airport,Marshall,US,United States,small_airport,"61.8643, -162.026001"
MLS,Miles City Airport - Frank Wiley Field,Miles City,US,United States,medium_airport,"46.427268, -105.885372"
MLT,Millinocket Municipal Airport,Millinocket,US,United States,small_airport,"45.6478, -68.6856"
MLU,Monroe Regional Airport,Monroe,US,United States,medium_airport,"32.510899, -92.037697"
MLY,Manley Hot Springs Airport,Manley Hot Springs,US,United States,small_airport,"64.99188, -150.644102"
MMH,Mammoth Yosemite Airport,Mammoth Lakes,US,United States,small_airport,"37.625381, -118.84306"
MMI,McMinn County Airport,Athens,US,United States,small_airport,"35.39730072, -84.56259918"
MML,Southwest Minnesota Regional Airport - Marshall/Ryan Field,Marshall,US,United States,small_airport,"44.45050049, -95.82189941"
MMN,Minute Man Air Field,Stow,US,United States,small_airport,"42.460298, -71.519031"
MMS,Selfs Airport,Marks,US,United States,small_airport,"34.231499, -90.289597"
MMT,Mc Entire Joint National Guard Base,Eastover,US,United States,medium_airport,"33.92079926, -80.80130005"
MMU,Morristown Municipal Airport,Morristown,US,United States,medium_airport,"40.799062, -74.414949"
MNM,Menominee–Marinette Twin County Airport,Menominee,US,United States,small_airport,"45.126701, -87.638397"
MNN,Marion Municipal Airport,Marion,US,United States,small_airport,"40.6161994934, -83.06349945070001"
MNT,Minto Al Wright Airport,Minto,US,United States,small_airport,"65.147991, -149.368658"
MNZ,Manassas Regional Airport/Harry P. Davis Field,Manassas,US,United States,medium_airport,"38.721401, -77.515404"
MOB,Mobile Regional Airport,Mobile,US,United States,medium_airport,"30.6912, -88.242798"
MOD,Modesto City Co-Harry Sham Field,Modesto,US,United States,medium_airport,"37.625801, -120.954002"
MOP,Mount Pleasant Municipal Airport,Mount Pleasant,US,United States,small_airport,"43.6217, -84.737503"
MOR,Morristown Regional Airport,Morristown,US,United States,small_airport,"36.179401, -83.375504"
MOS,Moses Point Airport,Elim,US,United States,small_airport,"64.694116, -162.060699"
MOT,Minot International Airport,Minot,US,United States,medium_airport,"48.2593994140625, -101.27999877929688"
MOU,Mountain Village Airport,Mountain Village,US,United States,small_airport,"62.095401763916016, -163.6820068359375"
MOX,Morris Municipal Airport Charlie Schmidt Field,Morris,US,United States,small_airport,"45.566002, -95.967201"
MPJ,Petit Jean Park Airport,Morrilton,US,United States,small_airport,"35.138901, -92.909202"
MPO,Pocono Mountains Municipal Airport,Mount Pocono,US,United States,small_airport,"41.136025, -75.379572"
MPR,Mc Pherson Airport,Mc Pherson,US,United States,small_airport,"38.352402, -97.691299"
MPS,Mount Pleasant Regional Airport,Mount Pleasant,US,United States,small_airport,"33.095501, -94.961502"
MPV,Edward F Knapp State Airport,Barre/Montpelier,US,United States,medium_airport,"44.20349884, -72.56230164"
MPZ,Mount Pleasant Municipal Airport,Mount Pleasant,US,United States,small_airport,"40.94660187, -91.51110077"
MQB,Macomb Municipal Airport,Macomb,US,United States,small_airport,"40.520099639899996, -90.65239715579999"
MQT,Marquette/Sawyer International Airport,Gwinn,US,United States,medium_airport,"46.3536, -87.395401"
MQW,Telfair Wheeler Airport,Mc Rae,US,United States,small_airport,"32.095798, -82.879997"
MQY,Smyrna Airport,Smyrna,US,United States,medium_airport,"36.0089988708, -86.5201034546"
MRB,Eastern WV Regional Airport/Shepherd Field,Martinsburg,US,United States,medium_airport,"39.40190125, -77.98459625"
MRC,Maury County Airport,Columbia/Mount Pleasant,US,United States,small_airport,"35.5541000366, -87.17890167239999"
MRF,Marfa Municipal Airport,Marfa,US,United States,small_airport,"30.369593, -104.015893"
MRI,Merrill Field,Anchorage,US,United States,medium_airport,"61.212792, -149.843988"
MRK,Marco Island Executive Airport,Marco Island,US,United States,small_airport,"25.995001, -81.672501"
MRN,Foothills Regional Airport,Morganton,US,United States,small_airport,"35.820202, -81.611397"
MRY,Monterey Peninsula Airport,Monterey,US,United States,medium_airport,"36.58700180053711, -121.84300231933594"
MSC,Falcon Field,Mesa,US,United States,small_airport,"33.4608001709, -111.727996826"
MSL,Northwest Alabama Regional Airport,Muscle Shoals,US,United States,medium_airport,"34.745123, -87.612981"
MSN,Dane County Regional Truax Field,Madison,US,United States,medium_airport,"43.1399, -89.337502"
MSO,Missoula International Airport,Missoula,US,United States,medium_airport,"46.91630173, -114.0910034"
MSP,Minneapolis–Saint Paul International Airport / Wold–Chamberlain Field,Minneapolis,US,United States,large_airport,"44.880081, -93.221741"
MSS,Massena International Airport Richards Field,Massena,US,United States,medium_airport,"44.936157, -74.844304"
MSV,Sullivan County International Airport,Monticello,US,United States,small_airport,"41.701596, -74.794997"
MSY,Louis Armstrong New Orleans International Airport,New Orleans,US,United States,large_airport,"29.993401, -90.258003"
MTC,Selfridge Air National Guard Base Airport,Mount Clemens,US,United States,medium_airport,"42.613463, -82.836919"
MTH,The Florida Keys Marathon Airport,Marathon,US,United States,medium_airport,"24.726101, -81.051399"
MTJ,Montrose Regional Airport,Montrose,US,United States,medium_airport,"38.5098, -107.893997"
MTN,Martin State Airport,Baltimore,US,United States,medium_airport,"39.325699, -76.413803"
MTO,Coles County Memorial Airport,Mattoon,US,United States,small_airport,"39.477901, -88.279198"
MTP,Montauk Airport,Montauk,US,United States,small_airport,"41.0765, -71.920797"
MTW,Manitowoc County Airport,Manitowoc,US,United States,small_airport,"44.127116, -87.681983"
MTX,Metro Field,Fairbanks,US,United States,small_airport,"64.80680084229999, -147.761993408"
MUE,Waimea Kohala Airport,Waimea (Kamuela),US,United States,medium_airport,"20.001301, -155.667999"
MUI,Muir Army Air Field (Fort Indiantown Gap) Airport,Fort Indiantown Gap(Annville),US,United States,medium_airport,"40.435214, -76.568661"
MUL,Spence Airport,Moultrie,US,United States,small_airport,"31.141569, -83.703718"
MUO,Mountain Home Air Force Base,Mountain Home,US,United States,medium_airport,"43.043598, -115.872002"
MUT,Muscatine Municipal Airport,Muscatine,US,United States,small_airport,"41.367803, -91.148201"
MVC,Monroe County Aeroplex Airport,Monroeville,US,United States,small_airport,"31.458, -87.350996"
MVE,Montevideo Chippewa County Airport,Montevideo,US,United States,small_airport,"44.969101, -95.710297"
MVL,Morrisville-Stowe State Airport,Morrisville,US,United States,small_airport,"44.534599, -72.613998"
MVM,Kayenta Airport,Kayenta,US,United States,small_airport,"36.716444, -110.228444"
MVN,Mount Vernon Outland Airport,Mount Vernon,US,United States,small_airport,"38.322774, -88.859257"
MVW,Skagit Regional Airport,Burlington,US,United States,small_airport,"48.470901, -122.420998"
MVY,Martha's Vineyard Airport,Martha's Vineyard,US,United States,small_airport,"41.3931007385, -70.6143035889"
MWA,Veterans Airport of Southern Illinois,Marion,US,United States,medium_airport,"37.751208, -89.016568"
MWC,Lawrence J Timmerman Airport,Milwaukee,US,United States,small_airport,"43.110401, -88.034401"
MWH,Grant County International Airport,Moses Lake,US,United States,medium_airport,"47.20769882, -119.3199997"
MWL,Mineral Wells Regional Airport,Mineral Wells,US,United States,small_airport,"32.781601, -98.060204"
MWM,Windom Municipal Airport,Windom,US,United States,small_airport,"43.913399, -95.109398"
MWO,Middletown Regional Airport,Middletown,US,United States,small_airport,"39.530998, -84.395302"
MXA,Manila Municipal Airport,Manila,US,United States,small_airport,"35.894402, -90.154602"
MXC,Monticello Airport,Monticello,US,United States,small_airport,"37.93243, -109.341225"
MXE,Laurinburg Maxton Airport,Maxton,US,United States,small_airport,"34.791901, -79.365799"
MXF,Maxwell Air Force Base,Montgomery,US,United States,medium_airport,"32.3829, -86.365799"
MXO,Monticello Regional Airport,Monticello,US,United States,small_airport,"42.220402, -91.1633"
MXY,Mc Carthy Airport,Mccarthy,US,United States,small_airport,"61.4370994568, -142.904006958"
MYF,Montgomery-Gibbs Executive Airport,San Diego,US,United States,small_airport,"32.8157, -117.139999"
MYH,Marble Canyon Airport,Marble Canyon,US,United States,small_airport,"36.8125, -111.647003"
MYK,May Creek Airport,May Creek,US,United States,small_airport,"61.335701, -142.686996"
MYL,McCall Municipal Airport,McCall,US,United States,medium_airport,"44.888837, -116.101112"
MYR,Myrtle Beach International Airport,Myrtle Beach,US,United States,medium_airport,"33.679699, -78.928299"
MYU,Mekoryuk Airport,Mekoryuk,US,United States,medium_airport,"60.372338, -166.269751"
MYV,Yuba County Airport,Marysville,US,United States,medium_airport,"39.09780121, -121.5699997"
MZJ,Pinal Airpark,Marana,US,United States,small_airport,"32.5106010437, -111.32800293"
MZZ,Marion Municipal Airport,Marion,US,United States,small_airport,"40.4898986816, -85.6797027588"
NBG,New Orleans NAS JRB/Alvin Callender Field,New Orleans,US,United States,medium_airport,"29.82530022, -90.03500366"
NCN,Chenega Bay Airport,Chenega,US,United States,small_airport,"60.077602, -147.99468"
NCO,Quonset State Airport,North Kingstown,US,United States,medium_airport,"41.597099304199, -71.412101745605"
NEL,Lakehurst Maxfield Field Airport,Lakehurst,US,United States,medium_airport,"40.03329849, -74.353302"
NEN,Whitehouse Naval Outlying Field,Jacksonville,US,United States,small_airport,"30.353900909424, -81.87190246582"
NEW,Lakefront Airport,New Orleans,US,United States,medium_airport,"30.042400360107, -90.028297424316"
NFL,Fallon Naval Air Station,Fallon,US,United States,medium_airport,"39.41659927, -118.7009964"
NGF,Kaneohe Bay MCAS (Marion E. Carl Field) Airport,Kaneohe,US,United States,medium_airport,"21.4505, -157.768005"
NGP,Naval Air Station Corpus Christi Truax Field,Corpus Christi,US,United States,medium_airport,"27.6926, -97.2911"
NGU,Norfolk Naval Station (Chambers Field),Norfolk,US,United States,medium_airport,"36.937599, -76.289299"
NGW,Cabaniss Field Naval Outlying Landing Field,Corpus Christi,US,United States,small_airport,"27.704426, -97.440578"
NHK,Patuxent River Naval Air Station (Trapnell Field),Patuxent River,US,United States,medium_airport,"38.285999, -76.411797"
NHX,Naval Outlying Field Barin,Foley,US,United States,small_airport,"30.389099121100003, -87.63529968259999"
NHZ,Brunswick Executive Airport,Brunswick,US,United States,medium_airport,"43.89220047, -69.93859863"
NIB,Nikolai Airport,Nikolai,US,United States,small_airport,"63.017949, -154.360399"
NIN,Ninilchik Airport,Ninilchik,US,United States,small_airport,"60.020199, -151.589005"
NIP,Jacksonville Naval Air Station (Towers Field),Jacksonville,US,United States,medium_airport,"30.2358, -81.680603"
NIR,Chase Field Industrial Airport,Beeville,US,United States,small_airport,"28.362444, -97.661917"
NJK,El Centro NAF Airport (Vraciu Field),El Centro,US,United States,medium_airport,"32.829201, -115.671996"
NKX,Miramar Marine Corps Air Station - Mitscher Field,San Diego,US,United States,medium_airport,"32.86840057, -117.1429977"
NLC,Lemoore Naval Air Station (Reeves Field) Airport,Lemoore,US,United States,medium_airport,"36.33300018, -119.9520035"
NLE,Jerry Tyler Memorial Airport,Niles,US,United States,small_airport,"41.835899353027, -86.225196838379"
NLG,Nelson Lagoon Airport,Nelson Lagoon,US,United States,small_airport,"56.0075, -161.160004"
NLN,Kneeland Airport,Kneeland,US,United States,small_airport,"40.718639, -123.927298"
NME,Nightmute Airport,Nightmute,US,United States,small_airport,"60.469129, -164.70407"
NNK,Naknek Airport,Naknek,US,United States,small_airport,"58.735633, -157.02216"
NNL,Nondalton Airport,Nondalton,US,United States,small_airport,"59.980202, -154.839005"
NOT,Marin County Airport - Gnoss Field,Novato,US,United States,small_airport,"38.143600463867, -122.55599975586"
NPA,Naval Air Station Pensacola Forrest Sherman Field,Pensacola,US,United States,medium_airport,"30.352699, -87.318604"
NPH,J. Randy McKnight Nephi Municipal Airport,Nephi,US,United States,small_airport,"39.73681, -111.870063"
NPT,Newport State Airport,Newport,US,United States,small_airport,"41.532398, -71.281502"
NQA,Millington-Memphis Airport,Millington,US,United States,medium_airport,"35.356701, -89.8703"
NQI,Kingsville Naval Air Station,Kingsville,US,United States,medium_airport,"27.5072002411, -97.8097000122"
NQX,Naval Air Station Key West/Boca Chica Field,Key West,US,United States,medium_airport,"24.57579994, -81.68890381"
NRB,Naval Station Mayport / Admiral David L McDonald Field,Jacksonville,US,United States,medium_airport,"30.3911, -81.424698"
NRI,Grand Lake Regional Airport,Afton,US,United States,small_airport,"36.577598571777, -94.86190032959"
NRS,Naval Outlying Field Imperial Beach (Ream Field),Imperial Beach,US,United States,small_airport,"32.5667, -117.116997"
NSE,Whiting Field Naval Air Station - North,Milton,US,United States,medium_airport,"30.7241993, -87.02189636"
NSL,Slayton Municipal Airport,Slayton,US,United States,small_airport,"43.986801, -95.7826"
NTD,Point Mugu Naval Air Station (Naval Base Ventura Co),Point Mugu,US,United States,medium_airport,"34.120300293, -119.121002197"
NTJ,Manti-Ephraim Airport,Manti,US,United States,small_airport,"39.32910156, -111.6149979"
NTU,Oceana Naval Air Station,Virginia Beach,US,United States,medium_airport,"36.820702, -76.033501"
NUI,Nuiqsut Airport,Nuiqsut,US,United States,medium_airport,"70.209999, -151.005998"
NUL,Nulato Airport,Nulato,US,United States,small_airport,"64.729301, -158.074005"
NUP,Nunapitchuk Airport,Nunapitchuk,US,United States,small_airport,"60.905591, -162.440454"
NUQ,Moffett Federal Airfield,Mountain View,US,United States,medium_airport,"37.4161, -122.049004"
NUW,Whidbey Island Naval Air Station (Ault Field),Oak Harbor,US,United States,medium_airport,"48.351799, -122.655998"
NVD,Nevada Municipal Airport,Nevada,US,United States,small_airport,"37.8521, -94.304901"
NVN,Nervino Airport,Beckwourth,US,United States,small_airport,"39.818501, -120.352997"
NWH,Parlin Field,Newport,US,United States,small_airport,"43.3881, -72.189301"
NYG,Quantico Marine Corps Airfield / Turner Field,Quantico,US,United States,medium_airport,"38.501701, -77.305298"
NZY,North Island Naval Air Station-Halsey Field,San Diego,US,United States,medium_airport,"32.69919968, -117.2149963"
OAJ,Albert J Ellis Airport,Richlands,US,United States,medium_airport,"34.829201, -77.612099"
OAK,San Francisco Bay Oakland International Airport,Oakland,US,United States,large_airport,"37.720085, -122.221184"
OAR,Marina Municipal Airport,Marina,US,United States,small_airport,"36.68190002, -121.762001"
OBE,Okeechobee County Airport,Okeechobee,US,United States,small_airport,"27.262800216699997, -80.8498001099"
OBU,Kobuk Airport,Kobuk,US,United States,small_airport,"66.9123, -156.897003"
OCA,Ocean Reef Club Airport,Key Largo,US,United States,small_airport,"25.325399398804, -80.274803161621"
OCE,Ocean City Municipal Airport,Ocean City,US,United States,small_airport,"38.310398101807, -75.124000549316"
OCF,Ocala International Airport - Jim Taylor Field,Ocala,US,United States,small_airport,"29.17259979, -82.22419739"
OCH,A L Mangham Jr. Regional Airport,Nacogdoches,US,United States,small_airport,"31.57799911, -94.70950317"
OCN,Oceanside Municipal Airport,Oceanside,US,United States,small_airport,"33.217947, -117.351683"
OCW,Warren Field,Washington,US,United States,small_airport,"35.570499420166, -77.049797058105"
ODC,Oakdale Airport,Oakdale,US,United States,small_airport,"37.75630188, -120.8000031"
ODM,Garrett County Airport,Accident,US,United States,small_airport,"39.580819, -79.33573"
ODT,Odessa Schlemeyer Field,Odessa,US,United States,small_airport,"31.920601, -102.387001"
ODW,AJ Eisenberg Airport,Oak Harbor,US,United States,small_airport,"48.251499176, -122.674003601"
OEA,O'Neal Airport,Lawrenceville,US,United States,small_airport,"38.68521, -87.543138"
OEO,L O Simenstad Municipal Airport,Osceola,US,United States,small_airport,"45.310001373291, -92.691902160645"
OFF,Offutt Air Force Base,Omaha,US,United States,medium_airport,"41.119307, -95.90851"
OFK,Karl Stefan Memorial Airport,Norfolk,US,United States,medium_airport,"41.985500335693, -97.435096740723"
OGA,Ogallala Municipal Airport Searle Field,Ogallala,US,United States,small_airport,"41.119499, -101.769997"
OGB,Orangeburg Municipal Airport,Orangeburg,US,United States,medium_airport,"33.456798553467, -80.859497070312"
OGD,Ogden Hinckley Airport,Ogden,US,United States,medium_airport,"41.195899963379, -112.0120010376"
OGG,Kahului International Airport,Kahului,US,United States,large_airport,"20.896263, -156.431837"
OGS,Ogdensburg International Airport,Ogdensburg,US,United States,medium_airport,"44.6819, -75.4655"
OIC,Lt Warren Eaton Airport,Norwich,US,United States,small_airport,"42.566600799561, -75.524101257324"
OJC,Johnson County Executive Airport,Olathe,US,United States,small_airport,"38.84759903, -94.73760223"
OKC,Will Rogers World Airport,Oklahoma City,US,United States,large_airport,"35.393388, -97.598248"
OKK,Kokomo Municipal Airport,Kokomo,US,United States,small_airport,"40.528198242188, -86.05899810791"
OKM,Okmulgee Regional Airport,Okmulgee,US,United States,small_airport,"35.668098449707, -95.948699951172"
OKS,Garden County Airport/King Rhiley Field,Oshkosh,US,United States,small_airport,"41.401001, -102.355003"
OLD,Dewitt Field - Old Town Municipal Airport,Old Town,US,United States,small_airport,"44.952801, -68.674301"
OLE,Cattaraugus County-Olean Airport,Olean,US,United States,small_airport,"42.241199, -78.371399"
OLF,L M Clayton Airport,Wolf Point,US,United States,medium_airport,"48.094501, -105.574997"
OLH,Old Harbor Airport,Old Harbor,US,United States,small_airport,"57.218102, -153.270004"
OLM,Olympia Regional Airport,Olympia,US,United States,medium_airport,"46.969399, -122.903"
OLS,Nogales International Airport,Nogales,US,United States,medium_airport,"31.4177, -110.848"
OLU,Columbus Municipal Airport,Columbus,US,United States,medium_airport,"41.448145, -97.340174"
OLV,Olive Branch Airport,Olive Branch,US,United States,small_airport,"34.9786987305, -89.78690338130001"
OLY,Olney Noble Airport,Olney-Noble,US,United States,small_airport,"38.721802, -88.176399"
OMA,Eppley Airfield,Omaha,US,United States,large_airport,"41.3032, -95.894096"
OME,Nome Airport,Nome,US,United States,medium_airport,"64.51219940185547, -165.44500732421875"
OMK,Omak Airport,Omak,US,United States,small_airport,"48.4644012451, -119.517997742"
ONA,Winona Municipal Airport Max Conrad Field,Winona,US,United States,small_airport,"44.077202, -91.708298"
ONH,Albert S Nader Regional Airport,Oneonta,US,United States,small_airport,"42.5247, -75.0644"
ONL,O'Neill Municipal Airport–John L Baker Field,O'Neill,US,United States,small_airport,"42.468916, -98.686989"
ONM,Socorro Municipal Airport,Socorro,US,United States,small_airport,"34.022499, -106.903"
ONO,Ontario Municipal Airport,Oregon,US,United States,medium_airport,"44.0198, -117.013289"
ONP,Newport Municipal Airport,Newport,US,United States,medium_airport,"44.580399, -124.057999"
ONT,Ontario International Airport,Ontario,US,United States,large_airport,"34.056, -117.600998"
ONY,Olney Municipal Airport,Olney,US,United States,small_airport,"33.350899, -98.819199"
OOA,Oskaloosa Municipal Airport,Cedar,US,United States,small_airport,"41.2262, -92.493896"
OOK,Toksook Bay Airport,Toksook Bay,US,United States,small_airport,"60.541401, -165.087006"
OPF,Miami-Opa Locka Executive Airport,Miami,US,United States,medium_airport,"25.907, -80.278397"
OPL,St Landry Parish Ahart Field,Opelousas,US,United States,small_airport,"30.558399, -92.099403"
ORD,Chicago O'Hare International Airport,Chicago,US,United States,large_airport,"41.9786, -87.9048"
ORF,Norfolk International Airport,Norfolk,US,United States,large_airport,"36.895341, -76.201"
ORH,Worcester Regional Airport,Worcester,US,United States,medium_airport,"42.2673, -71.875702"
ORI,Port Lions Airport,Port Lions,US,United States,small_airport,"57.884905, -152.847719"
ORL,Orlando Executive Airport,Orlando,US,United States,small_airport,"28.5455, -81.332901"
ORT,Northway Airport,Northway,US,United States,medium_airport,"62.9613, -141.929001"
ORV,Robert (Bob) Curtis Memorial Airport,Noorvik,US,United States,small_airport,"66.817902, -161.018997"
OSB,Grand Glaize Osage Beach Airport,Osage Beach,US,United States,small_airport,"38.1105, -92.680496"
OSC,Oscoda Wurtsmith Airport,Oscoda,US,United States,small_airport,"44.451599, -83.394096"
OSH,Wittman Regional Airport,Oshkosh,US,United States,medium_airport,"43.98440170288086, -88.55699920654297"
OSU,The Ohio State University Airport - Don Scott Field,Columbus,US,United States,medium_airport,"40.0798, -83.072998"
OSX,Kosciusko Attala County Airport,Kosciusko,US,United States,small_airport,"33.090302, -89.542"
OTG,Worthington Municipal Airport,Worthington,US,United States,small_airport,"43.65477, -95.577364"
OTH,Southwest Oregon Regional Airport,North Bend,US,United States,medium_airport,"43.41709899902344, -124.24600219726562"
OTK,Tillamook Airport,Tillamook,US,United States,small_airport,"45.4182014465, -123.814002991"
OTM,Ottumwa Regional Airport,Ottumwa,US,United States,medium_airport,"41.106368, -92.449837"
OTN,Ed-Air Airport,Oaktown,US,United States,small_airport,"38.851782, -87.49987"
OTS,Anacortes Airport,Anacortes,US,United States,small_airport,"48.498513, -122.662513"
OTZ,Ralph Wien Memorial Airport,Kotzebue,US,United States,medium_airport,"66.88469696, -162.598999"
OUN,University of Oklahoma Westheimer Airport,Norman,US,United States,small_airport,"35.2456, -97.472099"
OVE,Oroville Municipal Airport,Oroville,US,United States,small_airport,"39.487800598145, -121.62200164795"
OWA,Owatonna Degner Regional Airport,Owatonna,US,United States,small_airport,"44.123402, -93.260597"
OWB,Owensboro Daviess County Airport,Owensboro,US,United States,medium_airport,"37.74010086, -87.16680145"
OWD,Norwood Memorial Airport,Norwood,US,United States,medium_airport,"42.1904983521, -71.1728973389"
OWK,Central Maine/Norridgewock Airport,Norridgewock,US,United States,small_airport,"44.7155, -69.866501"
OXC,Waterbury Oxford Airport,Oxford,US,United States,small_airport,"41.47859954834, -73.135200500488"
OXD,Miami University Airport,Oxford,US,United States,small_airport,"39.50230026, -84.78440094"
OXR,Oxnard Airport,Oxnard,US,United States,medium_airport,"34.200801849365, -119.20700073242"
OZA,Ozona Municipal Airport,Ozona,US,United States,small_airport,"30.735300064087, -101.20300292969"
OZR,Cairns AAF (Fort Rucker) Air Field,Fort Rucker/Ozark,US,United States,medium_airport,"31.27569962, -85.71340179"
PAE,Seattle Paine Field International Airport,Everett,US,United States,medium_airport,"47.9063, -122.281998"
PAH,Barkley Regional Airport,Paducah,US,United States,medium_airport,"37.06079864501953, -88.7738037109375"
PAK,Port Allen Airport,Hanapepe,US,United States,small_airport,"21.8969, -159.602997"
PAM,Tyndall Air Force Base,Panama City,US,United States,medium_airport,"30.069599, -85.575401"
PAO,Palo Alto Airport,Palo Alto,US,United States,medium_airport,"37.461102, -122.114998"
PAQ,"Warren ""Bud"" Woods Palmer Municipal Airport",Palmer,US,United States,medium_airport,"61.594898, -149.08901"
PBF,"Pine Bluff Regional Airport, Grider Field",Pine Bluff,US,United States,medium_airport,"34.174121, -91.935643"
PBG,Plattsburgh International Airport,Plattsburgh,US,United States,medium_airport,"44.650901794433594, -73.46810150146484"
PBI,Palm Beach International Airport,West Palm Beach,US,United States,large_airport,"26.683201, -80.095596"
PCA,Portage Creek Airport,Portage Creek,US,United States,small_airport,"58.9065, -157.714"
PCD,Prairie Du Chien Municipal Airport,Prairie Du Chien,US,United States,small_airport,"43.019298553467, -91.12370300293"
PCT,Princeton Airport,Princeton/Rocky Hill,US,United States,small_airport,"40.3992004395, -74.6588973999"
PCU,Poplarville Pearl River County Airport,Poplarville,US,United States,small_airport,"30.785999298096, -89.504501342773"
PDB,Pedro Bay Airport,Pedro Bay,US,United States,small_airport,"59.796925, -154.129994"
PDK,DeKalb Peachtree Airport,Atlanta,US,United States,medium_airport,"33.87633, -84.30213"
PDT,Eastern Oregon Regional Airport at Pendleton,Pendleton,US,United States,medium_airport,"45.695099, -118.841003"
PDX,Portland International Airport,Portland,US,United States,large_airport,"45.588699, -122.598"
PEQ,Pecos Municipal Airport,Pecos,US,United States,small_airport,"31.382400512695, -103.51100158691"
PFC,Pacific City State Airport,Pacific City,US,United States,small_airport,"45.199799, -123.961998"
PGA,Page Municipal Airport,Page,US,United States,medium_airport,"36.924234, -111.447716"
PGC,Grant County Airport,Petersburg,US,United States,small_airport,"38.9948997498, -79.1458969116"
PGD,Punta Gorda Airport,Punta Gorda,US,United States,medium_airport,"26.9202, -81.990501"
PGL,Trent Lott International Airport,Pascagoula,US,United States,small_airport,"30.462799072266, -88.529197692871"
PGM,Port Graham Airport,Port Graham,US,United States,small_airport,"59.348355, -151.830025"
PGO,Stevens Field,Pagosa Springs,US,United States,small_airport,"37.28630066, -107.0559998"
PGR,Kirk Field,Paragould,US,United States,small_airport,"36.06290054, -90.50779724"
PGS,Grand Canyon Caverns Airport,Peach Springs,US,United States,small_airport,"35.528301, -113.247002"
PGV,Pitt-Greenville Airport,Greenville,US,United States,medium_airport,"35.635535, -77.384262"
PHD,Harry Clever Field,New Philadelphia,US,United States,small_airport,"40.470901489258, -81.419700622559"
PHF,Newport News Williamsburg International Airport,Newport News,US,United States,medium_airport,"37.131901, -76.492996"
PHK,Palm Beach County Glades Airport,Pahokee,US,United States,small_airport,"26.78499985, -80.69339752"
PHL,Philadelphia International Airport,Philadelphia,US,United States,large_airport,"39.871899, -75.241096"
PHN,St Clair County International Airport,Port Huron,US,United States,small_airport,"42.9109993, -82.52890015"
PHO,Point Hope Airport,Point Hope,US,United States,small_airport,"68.348801, -166.798996"
PHP,Philip Airport,Philip,US,United States,small_airport,"44.048527, -101.600933"
PHT,Henry County Airport,Paris,US,United States,small_airport,"36.338199615499995, -88.38289642330001"
PHX,Phoenix Sky Harbor International Airport,Phoenix,US,United States,large_airport,"33.435302, -112.005905"
PIA,General Wayne A. Downing Peoria International Airport,Peoria,US,United States,medium_airport,"40.6642, -89.693298"
PIB,Hattiesburg Laurel Regional Airport,Moselle,US,United States,medium_airport,"31.4671, -89.337097"
PIE,St. Petersburg Clearwater International Airport,Pinellas Park,US,United States,medium_airport,"27.9102, -82.687401"
PIH,Pocatello Regional Airport,Pocatello,US,United States,medium_airport,"42.9098014831543, -112.59600067138672"
PIM,Harris County Airport,Pine Mountain,US,United States,small_airport,"32.8406982422, -84.8824005127"
PIP,Pilot Point Airport,Pilot Point,US,United States,small_airport,"57.580399, -157.572006"
PIR,Pierre Regional Airport,Pierre,US,United States,medium_airport,"44.38270187, -100.2860031"
PIT,Pittsburgh International Airport,Pittsburgh,US,United States,large_airport,"40.491501, -80.232903"
PIZ,Point Lay LRRS Airport,Point Lay,US,United States,medium_airport,"69.732903, -163.005005"
PJB,Payson Airport,Payson,US,United States,small_airport,"34.256801605225, -111.33899688721"
PKA,Napaskiak Airport,Napaskiak,US,United States,small_airport,"60.7029, -161.778"
PKB,Mid Ohio Valley Regional Airport,Parkersburg (Williamstown),US,United States,medium_airport,"39.3451, -81.439201"
PKD,Park Rapids Municipal Airport Konshok Field,Park Rapids,US,United States,small_airport,"46.9006, -95.073095"
PKF,Park Falls Municipal Airport,Park Falls,US,United States,small_airport,"45.955001831055, -90.42440032959"
PLK,M. Graham Clark Downtown Airport,Branson / Hollister,US,United States,small_airport,"36.62590027, -93.22889709"
PLN,Pellston Regional Airport of Emmet County Airport,Pellston,US,United States,medium_airport,"45.57089996, -84.79669952"
PLR,St Clair County Airport,Pell City,US,United States,small_airport,"33.558799743652, -86.249099731445"
PLY,Plymouth Municipal Airport,Plymouth,US,United States,small_airport,"41.365100860596, -86.300498962402"
PMB,Pembina Municipal Airport,Pembina,US,United States,small_airport,"48.9425010681, -97.2407989502"
PMD,Palmdale Regional Airport / USAF Plant 42 Airport,Palmdale,US,United States,medium_airport,"34.629398, -118.084999"
PMH,Greater Portsmouth Regional Airport,Portsmouth,US,United States,small_airport,"38.8404998779, -82.84729766850002"
PML,Port Moller Airport,Cold Bay,US,United States,small_airport,"56.006001, -160.561005"
PNC,Ponca City Regional Airport,Ponca City,US,United States,medium_airport,"36.73199844, -97.09980011"
PNE,Northeast Philadelphia Airport,Philadelphia,US,United States,medium_airport,"40.082406, -75.010614"
PNN,Princeton Municipal Airport,Princeton,US,United States,small_airport,"45.200698852539, -67.564399719238"
PNS,Pensacola International Airport,Pensacola,US,United States,medium_airport,"30.4734, -87.1866"
PNU,Panguitch Municipal Airport,Panguitch,US,United States,small_airport,"37.84519958, -112.3919983"
PNX,North Texas Regional Airport Perrin Field,Denison,US,United States,medium_airport,"33.7141, -96.673698"
POB,Pope Field,Fort Bragg,US,United States,medium_airport,"35.170898, -79.014503"
POC,Brackett Field,La Verne,US,United States,small_airport,"34.091598510742, -117.78199768066"
POE,Polk Army Air Field,Fort Polk,US,United States,medium_airport,"31.0447998, -93.1917038"
POF,Poplar Bluff Municipal Airport,Poplar Bluff,US,United States,small_airport,"36.773899, -90.324898"
POH,Pocahontas Municipal Airport,Pocahontas,US,United States,small_airport,"42.742802, -94.647301"
POU,Dutchess County Airport,Poughkeepsie,US,United States,medium_airport,"41.6265983581543, -73.88420104980469"
POY,Powell Municipal Airport,Powell,US,United States,small_airport,"44.867198944092, -108.79299926758"
PPA,Perry Lefors Field,Pampa,US,United States,small_airport,"35.612998962402, -100.99600219727"
PPC,Prospect Creek Airport,Prospect Creek,US,United States,small_airport,"66.814102172852, -150.64399719238"
PPF,Tri-City Airport,Parsons,US,United States,small_airport,"37.32989883, -95.5062027"
PPM,Pompano Beach Airpark,Pompano Beach,US,United States,small_airport,"26.247100830078, -80.111099243164"
PQI,Presque Isle International Airport,Presque Isle,US,United States,medium_airport,"46.688999, -68.0448"
PQS,Pilot Station Airport,Pilot Station,US,United States,small_airport,"61.96169, -162.941944"
PRB,Paso Robles Municipal Airport,Paso Robles,US,United States,medium_airport,"35.67290115, -120.6269989"
PRC,Prescott International Airport - Ernest A. Love Field,Prescott,US,United States,medium_airport,"34.654499, -112.419998"
PRO,Perry Municipal Airport,Perry,US,United States,small_airport,"41.82799911, -94.15989685"
PRW,Prentice Airport,Prentice,US,United States,small_airport,"45.538313, -90.275978"
PRX,Cox Field,Paris,US,United States,medium_airport,"33.636600494385, -95.450798034668"
PRZ,Prineville Airport,Prineville,US,United States,small_airport,"44.286998748779, -120.90399932861"
PSB,Mid-State Regional Airport,Philipsburg,US,United States,small_airport,"40.884399, -78.087303"
PSC,Tri Cities Airport,Pasco,US,United States,medium_airport,"46.264702, -119.119003"
PSF,Pittsfield Municipal Airport,Pittsfield,US,United States,small_airport,"42.4268, -73.2929"
PSG,Petersburg James A Johnson Airport,Petersburg,US,United States,medium_airport,"56.80170059, -132.9450073"
PSK,New River Valley Airport,Dublin,US,United States,small_airport,"37.137298583984, -80.678497314453"
PSM,Portsmouth International at Pease Airport,Portsmouth,US,United States,medium_airport,"43.0778999329, -70.8233032227"
PSN,Palestine Municipal Airport,Palestine,US,United States,small_airport,"31.779699325562, -95.706298828125"
PSP,Palm Springs International Airport,Palm Springs,US,United States,medium_airport,"33.8297, -116.507004"
PSX,Palacios Municipal Airport,Palacios,US,United States,small_airport,"28.727500915527, -96.250999450684"
PTA,Port Alsworth Airport,Port Alsworth,US,United States,small_airport,"60.201681, -154.325863"
PTB,Dinwiddie County Airport,Petersburg,US,United States,small_airport,"37.183799743652, -77.507400512695"
PTH,Port Heiden Airport,Port Heiden,US,United States,medium_airport,"56.957893, -158.630219"
PTK,Oakland County International Airport,Pontiac,US,United States,medium_airport,"42.665500640869, -83.420097351074"
PTN,Harry P Williams Memorial Airport,Patterson,US,United States,small_airport,"29.709499359131, -91.338996887207"
PTS,Atkinson Municipal Airport,Pittsburg,US,United States,small_airport,"37.449501, -94.731102"
PTT,Pratt Regional Airport,Pratt,US,United States,small_airport,"37.70159912, -98.74690247"
PTU,Platinum Airport,Platinum,US,United States,medium_airport,"59.017675, -161.827927"
PTV,Porterville Municipal Airport,Porterville,US,United States,small_airport,"36.029598236084, -119.06300354004"
PTW,Heritage Field,Pottstown,US,United States,small_airport,"40.239601, -75.556702"
PUB,Pueblo Memorial Airport,Pueblo,US,United States,medium_airport,"38.289101, -104.497002"
PUC,Carbon County Regional Airport / Buck Davis Field,Price,US,United States,small_airport,"39.613899, -110.751"
PUW,Pullman-Moscow Regional Airport,Pullman,US,United States,medium_airport,"46.741601, -117.11163"
PVC,Provincetown Municipal Airport,Provincetown,US,United States,small_airport,"42.0718994141, -70.2213973999"
PVD,Theodore Francis Green State Airport,Warwick,US,United States,large_airport,"41.725038, -71.425668"
PVF,Placerville Airport,Placerville,US,United States,small_airport,"38.724201202393, -120.75299835205"
PVL,Pike County Airport Hatcher Field,Pikeville,US,United States,small_airport,"37.560795, -82.570051"
PVU,Provo-Utah Lake International Airport,Provo,US,United States,medium_airport,"40.2192, -111.723"
PVW,Hale County Airport,Plainview,US,United States,small_airport,"34.168098, -101.717003"
PWA,Wiley Post Airport,Oklahoma City,US,United States,small_airport,"35.53419876, -97.64710236"
PWD,Sher-Wood Airport,Plentywood,US,United States,small_airport,"48.790298461914, -104.53399658203"
PWK,Chicago Executive Airport,Chicago/Prospect Heights/Wheeling,US,United States,medium_airport,"42.114222, -87.901494"
PWM,Portland International Jetport,Portland,US,United States,large_airport,"43.646198, -70.309303"
PWT,Bremerton National Airport,Bremerton,US,United States,medium_airport,"47.490200042725, -122.76499938965"
PWY,Ralph Wenz Field,Pinedale,US,United States,medium_airport,"42.79550171, -109.8069992"
PXL,Polacca Airport,Polacca,US,United States,small_airport,"35.7916984558, -110.422996521"
PYM,Plymouth Municipal Airport,Plymouth,US,United States,small_airport,"41.909, -70.728798"
PYS,Paradise Skypark Airport,Paradise,US,United States,small_airport,"39.71029, -121.616528"
RAC,John H Batten Airport,Racine,US,United States,small_airport,"42.7606010437, -87.8152008057"
RAL,Riverside Municipal Airport,Riverside,US,United States,medium_airport,"33.9519, -117.445"
RAP,Rapid City Regional Airport,Rapid City,US,United States,medium_airport,"44.0452995300293, -103.05699920654297"
RBD,Dallas Executive Airport,Dallas,US,United States,small_airport,"32.6809005737, -96.8682022095"
RBF,Big Bear City Airport,Big Bear,US,United States,small_airport,"34.263802, -116.856003"
RBG,Roseburg Regional Airport,Roseburg,US,United States,small_airport,"43.238800048799995, -123.356002808"
RBK,French Valley Airport,Murrieta,US,United States,small_airport,"33.5742, -117.127998"
RBL,Red Bluff Municipal Airport,Red Bluff,US,United States,medium_airport,"40.1506996155, -122.251998901"
RBW,Lowcountry Regional Airport,Walterboro,US,United States,small_airport,"32.921001434299995, -80.6406021118"
RBY,Ruby Airport,Ruby,US,United States,medium_airport,"64.727203, -155.470001"
RCA,Ellsworth Air Force Base,Rapid City,US,United States,medium_airport,"44.14500046, -103.1039963"
RCE,Roche Harbor Airport,Roche Harbor,US,United States,small_airport,"48.612301, -123.139"
RCK,H H Coffield Regional Airport,Rockdale,US,United States,small_airport,"30.6315994263, -96.9897003174"
RCR,Fulton County Airport,Rochester,US,United States,small_airport,"41.065601348899996, -86.18170166019999"
RCT,Nartron Field,Reed City,US,United States,small_airport,"43.9000015259, -85.5167007446"
RDB,Red Dog Airport,Red Dog,US,United States,small_airport,"68.032097, -162.899002"
RDD,Redding Municipal Airport,Redding,US,United States,medium_airport,"40.50899887, -122.2929993"
RDG,Reading Regional Airport (Carl A Spaatz Field),Reading,US,United States,medium_airport,"40.378502, -75.965202"
RDM,Roberts Field,Redmond,US,United States,medium_airport,"44.254101, -121.150002"
RDR,Grand Forks Air Force Base,Grand Forks,US,United States,medium_airport,"47.961101532, -97.4011993408"
RDU,Raleigh Durham International Airport,Raleigh/Durham,US,United States,large_airport,"35.877602, -78.787498"
RDV,Red Devil Airport,Red Devil,US,United States,small_airport,"61.788101, -157.350006"
RED,Mifflin County Airport,Reedsville,US,United States,small_airport,"40.6773986816, -77.6268005371"
REE,Reese Airpark,Lubbock,US,United States,small_airport,"33.590301513672, -102.03700256348"
REO,Rome State Airport,Rome,US,United States,small_airport,"42.5777015686, -117.885002136"
RFD,Chicago Rockford International Airport,Chicago/Rockford,US,United States,medium_airport,"42.1954, -89.097198"
RFG,Rooke Field,Refugio,US,United States,small_airport,"28.2936, -97.322998"
RFK,Rollang Field,Rolling Fork,US,United States,small_airport,"32.953543, -90.845144"
RGR,Ranger Municipal Airport,Ranger,US,United States,small_airport,"32.4525985718, -98.682800293"
RHI,Rhinelander Oneida County Airport,Rhinelander,US,United States,medium_airport,"45.63119888305664, -89.46749877929688"
RHV,Reid-Hillview Airport of Santa Clara County,San Jose,US,United States,small_airport,"37.332901001, -121.819000244"
RIC,Richmond International Airport,Richmond,US,United States,large_airport,"37.505199, -77.319702"
RID,Richmond Municipal Airport,Richmond,US,United States,small_airport,"39.757198, -84.842796"
RIE,Rice Lake Regional Airport - Carl's Field,Rice Lake,US,United States,small_airport,"45.423024, -91.773127"
RIF,Richfield Municipal Airport,Richfield,US,United States,small_airport,"38.734068, -112.101603"
RIL,Garfield County Regional Airport,Rifle,US,United States,medium_airport,"39.526299, -107.726997"
RIR,Flabob Airport,Riverside,US,United States,small_airport,"33.9897, -117.411003"
RIV,March Air Reserve Base,Riverside,US,United States,medium_airport,"33.880699, -117.259003"
RIW,Central Wyoming Regional Airport,Riverton,US,United States,medium_airport,"43.064201, -108.459999"
RKD,Knox County Regional Airport,Rockland,US,United States,medium_airport,"44.060101, -69.099197"
RKH,Rock Hill - York County Airport,Rock Hill,US,United States,small_airport,"34.9878006, -81.05719757"
RKP,Aransas County Airport,Rockport,US,United States,small_airport,"28.0867996216, -97.0446014404"
RKR,Robert S Kerr Airport,Poteau,US,United States,small_airport,"35.021599, -94.6213"
RKS,Southwest Wyoming Regional Airport,Rock Springs,US,United States,medium_airport,"41.5942, -109.065001"
RKW,Rockwood Municipal Airport,Rockwood,US,United States,small_airport,"35.9222984314, -84.6896972656"
RLA,Rolla Downtown Airport,Rolla,US,United States,small_airport,"37.935699, -91.813499"
RLD,Richland Airport,Richland,US,United States,small_airport,"46.305599, -119.304001"
RME,Griffiss International Airport,Rome,US,United States,medium_airport,"43.23379898, -75.40699768"
RMG,Richard B Russell Airport,Rome,US,United States,medium_airport,"34.3506011963, -85.15799713130001"
RMP,Rampart Airport,Rampart,US,United States,small_airport,"65.507896, -150.141007"
RMY,Mariposa Yosemite Airport,Mariposa,US,United States,small_airport,"37.5108985901, -120.040000916"
RNC,Warren County Memorial Airport,Mc Minnville,US,United States,small_airport,"35.69869995, -85.84380341"
RND,Randolph Air Force Base,Universal City,US,United States,medium_airport,"29.529699, -98.2789"
RNH,New Richmond Regional Airport,New Richmond,US,United States,medium_airport,"45.1483, -92.538101"
RNO,Reno Tahoe International Airport,Reno,US,United States,large_airport,"39.4991, -119.767998"
RNT,Renton Municipal Airport,Renton,US,United States,small_airport,"47.4930992126, -122.216003418"
RNZ,Jasper County Airport,Rensselaer,US,United States,small_airport,"40.9478988647, -87.1826019287"
ROA,Roanoke–Blacksburg Regional Airport,Roanoke,US,United States,medium_airport,"37.3255, -79.975403"
ROC,Frederick Douglass Greater Rochester International Airport,Rochester,US,United States,medium_airport,"43.1189, -77.672401"
ROF,Montague-Yreka Rohrer Field,Montague,US,United States,small_airport,"41.7304000854, -122.54599762"
ROG,Rogers Municipal Airport-Carter Field,Rogers,US,United States,small_airport,"36.37229919, -94.10690308"
ROL,Roosevelt Municipal Airport,Roosevelt,US,United States,small_airport,"40.278301, -110.051003"
ROW,Roswell Air Center Airport,Roswell,US,United States,medium_airport,"33.301601, -104.530998"
ROX,Roseau Municipal Rudy Billberg Field,Roseau,US,United States,small_airport,"48.855999, -95.696999"
RPX,Roundup Airport,Roundup,US,United States,small_airport,"46.475095, -108.541497"
RQO,El Reno Regional Airport,El Reno,US,United States,small_airport,"35.472698, -98.005798"
RRL,Merrill Municipal Airport,Merrill,US,United States,small_airport,"45.1988983154, -89.7128982544"
RRT,Warroad International Memorial Airport,Warroad,US,United States,small_airport,"48.94139862, -95.3483963"
RSH,Russian Mission Airport,Russian Mission,US,United States,small_airport,"61.775071, -161.319466"
RSL,Russell Municipal Airport,Russell,US,United States,medium_airport,"38.872100830078, -98.811798095703"
RSN,Ruston Regional Airport,Ruston,US,United States,small_airport,"32.514187, -92.588517"
RST,Rochester International Airport,Rochester,US,United States,medium_airport,"43.908298, -92.5"
RSW,Southwest Florida International Airport,Fort Myers,US,United States,large_airport,"26.53619956970215, -81.75520324707031"
RTL,Spirit Lake Municipal Airport,Okoboji,US,United States,small_airport,"43.387501, -95.139198"
RTN,Raton Municipal Airport / Crews Field,Raton,US,United States,small_airport,"36.741501, -104.501999"
RUI,Sierra Blanca Regional Airport,Alto,US,United States,medium_airport,"33.462799, -105.535004"
RUT,Rutland - Southern Vermont Regional Airport,Rutland,US,United States,medium_airport,"43.5294, -72.9496"
RVR,Green River Municipal Airport,Green River,US,United States,small_airport,"38.9613990784, -110.226997375"
RVS,Tulsa Riverside Airport,Tulsa,US,United States,medium_airport,"36.0396, -95.984596"
RWF,Redwood Falls Municipal Airport,Redwood Falls,US,United States,medium_airport,"44.547199, -95.082298"
RWI,Rocky Mount Wilson Regional Airport,Rocky Mount,US,United States,medium_airport,"35.8563, -77.891899"
RWL,Rawlins Municipal Airport/Harvey Field,Rawlins,US,United States,medium_airport,"41.80559921, -107.1999969"
RXE,Rexburg Madison County Airport,Rexburg,US,United States,small_airport,"43.8339, -111.805002"
SAA,Shively Field,Saratoga,US,United States,small_airport,"41.444901, -106.823997"
SAC,Sacramento Executive Airport,Sacramento,US,United States,medium_airport,"38.5125007629, -121.492996216"
SAD,Safford Regional Airport,Safford,US,United States,small_airport,"32.85480118, -109.6350021"
SAF,Santa Fe Municipal Airport,Santa Fe,US,United States,medium_airport,"35.6171, -106.088997"
SAN,San Diego International Airport,San Diego,US,United States,large_airport,"32.7336006165, -117.190002441"
SAR,Sparta Community Airport - Hunter Field,Sparta,US,United States,small_airport,"38.148899, -89.6987"
SAS,Salton Sea Airport,Salton City,US,United States,small_airport,"33.2414016724, -115.952003479"
SAT,San Antonio International Airport,San Antonio,US,United States,large_airport,"29.533701, -98.469803"
SAV,Savannah Hilton Head International Airport,Savannah,US,United States,large_airport,"32.127602, -81.202103"
SBA,Santa Barbara Municipal Airport,Santa Barbara,US,United States,medium_airport,"34.426201, -119.839996"
SBD,San Bernardino International Airport,San Bernardino,US,United States,medium_airport,"34.095402, -117.235001"
SBM,Sheboygan County Memorial Airport,Sheboygan,US,United States,small_airport,"43.76959991, -87.85140228"
SBN,South Bend Regional Airport,South Bend,US,United States,medium_airport,"41.708698, -86.317299"
SBO,Salina Gunnison Airport,Salina,US,United States,small_airport,"39.029098510699995, -111.837997437"
SBP,San Luis County Regional Airport,San Luis Obispo,US,United States,medium_airport,"35.236801147499996, -120.641998291"
SBS,Steamboat Springs Bob Adams Field,Steamboat Springs,US,United States,small_airport,"40.5163002, -106.8659973"
SBX,Shelby Airport,Shelby,US,United States,small_airport,"48.5406990051, -111.871002197"
SBY,Salisbury Ocean City Wicomico Regional Airport,Salisbury,US,United States,medium_airport,"38.34049987792969, -75.51029968261719"
SCB,Scribner State Airport,Scribner,US,United States,small_airport,"41.610298, -96.629898"
SCC,Deadhorse Airport,Deadhorse,US,United States,medium_airport,"70.19470215, -148.4649963"
SCE,State College Regional Airport,State College,US,United States,medium_airport,"40.849374, -77.84852"
SCF,Scottsdale Airport,Scottsdale,US,United States,small_airport,"33.622898101807, -111.91100311279"
SCH,Schenectady County Airport,Schenectady,US,United States,medium_airport,"42.852500915527, -73.928901672363"
SCK,Stockton Metropolitan Airport,Stockton,US,United States,medium_airport,"37.893279, -121.238079"
SCM,Scammon Bay Airport,Scammon Bay,US,United States,small_airport,"61.84471, -165.575209"
SDF,Louisville Muhammad Ali International Airport,Louisville,US,United States,large_airport,"38.1744, -85.736"
SDM,Brown Field Municipal Airport,San Diego,US,United States,medium_airport,"32.572639, -116.980019"
SDP,Sand Point Airport,Sand Point,US,United States,medium_airport,"55.313908, -160.522099"
SDX,Sedona Airport,Sedona,US,United States,small_airport,"34.848598480225, -111.78800201416"
SDY,Sidney - Richland Regional Airport,Sidney,US,United States,medium_airport,"47.705141, -104.194422"
SEA,Seattle–Tacoma International Airport,Seattle,US,United States,large_airport,"47.447943, -122.310276"
SEE,Gillespie Field,San Diego/El Cajon,US,United States,small_airport,"32.826198577881, -116.97200012207"
SEF,Sebring Regional Airport,Sebring,US,United States,small_airport,"27.45639992, -81.3423996"
SEG,Penn Valley Airport,Selinsgrove,US,United States,small_airport,"40.820598602295, -76.863899230957"
SEM,Craig Field,Selma,US,United States,small_airport,"32.343898773193, -86.987800598145"
SEP,Stephenville Clark Regional Airport,Stephenville,US,United States,small_airport,"32.215302, -98.177696"
SER,Freeman Municipal Airport,Seymour,US,United States,small_airport,"38.923599243164, -85.907402038574"
SFB,Orlando Sanford International Airport,Orlando,US,United States,large_airport,"28.777599334716797, -81.23750305175781"
SFF,Felts Field,Spokane,US,United States,medium_airport,"47.682899, -117.321925"
SFM,Sanford Seacoast Regional Airport,Sanford,US,United States,small_airport,"43.393901824951, -70.708000183105"
SFO,San Francisco International Airport,San Francisco,US,United States,large_airport,"37.619806, -122.374821"
SFZ,North Central State Airport,Pawtucket,US,United States,small_airport,"41.9207992554, -71.49140167239999"
SGF,Springfield Branson National Airport,Springfield,US,United States,medium_airport,"37.245701, -93.388603"
SGH,Springfield-Beckley Municipal Airport,Springfield,US,United States,medium_airport,"39.840301513672, -83.840202331543"
SGR,Sugar Land Regional Airport,Houston,US,United States,medium_airport,"29.622299194336, -95.65650177002"
SGT,Stuttgart Municipal Airport / Carl Humphrey Field,Stuttgart,US,United States,small_airport,"34.599499, -91.574997"
SGU,St George Regional Airport,St George,US,United States,medium_airport,"37.036389, -113.510306"
SGY,Skagway Airport,Skagway,US,United States,small_airport,"59.460343, -135.316651"
SHD,Shenandoah Valley Regional Airport,Weyers Cave,US,United States,medium_airport,"38.263802, -78.8964"
SHG,Shungnak Airport,Shungnak,US,United States,small_airport,"66.88809967041, -157.16200256348"
SHH,Shishmaref Airport,Shishmaref,US,United States,small_airport,"66.249604, -166.089112"
SHN,Sanderson Field,Shelton,US,United States,small_airport,"47.233600616455, -123.14800262451"
SHR,Sheridan County Airport,Sheridan,US,United States,medium_airport,"44.76919937133789, -106.9800033569336"
SHV,Shreveport Regional Airport,Shreveport,US,United States,medium_airport,"32.446602, -93.8256"
SHX,Shageluk Airport,Shageluk,US,United States,small_airport,"62.692144, -159.569035"
SIK,Sikeston Memorial Municipal Airport,Sikeston,US,United States,small_airport,"36.898899078369, -89.561798095703"
SIT,Sitka Rocky Gutierrez Airport,Sitka,US,United States,medium_airport,"57.04710006713867, -135.36199951171875"
SIV,Sullivan County Airport,Sullivan,US,United States,small_airport,"39.1147, -87.448303"
SIY,Siskiyou County Airport,Montague,US,United States,small_airport,"41.781399, -122.468002"
SJC,Norman Y. Mineta San Jose International Airport,San Jose,US,United States,large_airport,"37.362452, -121.929188"
SJN,St Johns Industrial Air Park,St Johns,US,United States,small_airport,"34.51860046, -109.3789978"
SJT,San Angelo Regional Mathis Field,San Angelo,US,United States,medium_airport,"31.35770034790039, -100.49600219726562"
SKA,Fairchild Air Force Base,Spokane,US,United States,medium_airport,"47.615101, -117.655998"
SKF,Lackland Air Force Base,San Antonio,US,United States,medium_airport,"29.38419914, -98.58110046"
SKK,Shaktoolik Airport,Shaktoolik,US,United States,small_airport,"64.371101, -161.223999"
SKW,Skwentna Airport,Skwentna,US,United States,small_airport,"61.9653015137, -151.190994263"
SLB,Storm Lake Municipal Airport,Storm Lake,US,United States,small_airport,"42.5973014832, -95.24069976810001"
SLC,Salt Lake City International Airport,Salt Lake City,US,United States,large_airport,"40.78886, -111.979866"
SLE,Salem-Willamette Valley Airport/McNary Field,Salem,US,United States,medium_airport,"44.9095, -123.002998"
SLG,Smith Field,Siloam Springs,US,United States,small_airport,"36.191898, -94.489998"
SLK,Adirondack Regional Airport,Saranac Lake,US,United States,medium_airport,"44.38691, -74.204629"
SLN,Salina Municipal Airport,Salina,US,United States,medium_airport,"38.79100036621094, -97.6521987915039"
SLO,Salem–Leckrone Airport,Salem,US,United States,small_airport,"38.642899, -88.964203"
SLQ,Sleetmute Airport,Sleetmute,US,United States,small_airport,"61.7005, -157.166"
SLR,Sulphur Springs Municipal Airport,Sulphur Springs,US,United States,small_airport,"33.159801483154, -95.621101379395"
SLT,Salida Airport - Harriet Alexander Field,Salida,US,United States,small_airport,"38.5383, -106.049004"
SMD,Smith Field,Fort Wayne,US,United States,small_airport,"41.14339828, -85.15280151"
SME,Lake Cumberland Regional Airport,Somerset,US,United States,medium_airport,"37.053398132299996, -84.6158981323"
SMF,Sacramento International Airport,Sacramento,US,United States,large_airport,"38.6954, -121.591003"
SMK,St Michael Airport,St Michael,US,United States,small_airport,"63.49010086, -162.1100006"
SMN,Lemhi County Airport,Salmon,US,United States,medium_airport,"45.122233, -113.88196"
SMO,Santa Monica Municipal Airport,Santa Monica,US,United States,medium_airport,"34.0158, -118.450996"
SMU,Sheep Mountain Airport,Sheep Mountain,US,United States,small_airport,"61.812000274700004, -147.507003784"
SMX,Santa Maria Public Airport Captain G Allan Hancock Field,Santa Maria,US,United States,medium_airport,"34.898899, -120.457001"
SNA,John Wayne Orange County International Airport,Santa Ana,US,United States,large_airport,"33.675701, -117.867996"
SNK,Winston Field,Snyder,US,United States,small_airport,"32.690212, -100.948918"
SNL,Shawnee Regional Airport,Shawnee,US,United States,small_airport,"35.357898712158, -96.942802429199"
SNP,St Paul Island Airport,St Paul Island,US,United States,medium_airport,"57.166311, -170.222555"
SNS,Salinas Municipal Airport,Salinas,US,United States,medium_airport,"36.662799835205, -121.60600280762"
SNY,Sidney Municipal Airport Lloyd W Carr Field,Sidney,US,United States,medium_airport,"41.101299, -102.985001"
SOL,Solomon State Field,Solomon,US,United States,small_airport,"64.5605, -164.4457"
SOP,Moore County Airport,Carthage,US,United States,small_airport,"35.237184, -79.389381"
SOV,Seldovia Airport,Seldovia,US,United States,small_airport,"59.442981, -151.705227"
SOW,Show Low Regional Airport,Show Low,US,United States,medium_airport,"34.264062, -110.007091"
SPA,Spartanburg Downtown Memorial Airport,Spartanburg,US,United States,small_airport,"34.915699005127, -81.956497192383"
SPF,Black Hills Airport-Clyde Ice Field,Spearfish,US,United States,small_airport,"44.48030090332, -103.78299713135"
SPG,Albert Whitted Airport,St Petersburg,US,United States,small_airport,"27.7651, -82.626999"
SPI,Abraham Lincoln Capital Airport,Springfield,US,United States,medium_airport,"39.844101, -89.677902"
SPS,Wichita Falls Municipal Airport / Sheppard Air Force Base,Wichita Falls,US,United States,medium_airport,"33.9888, -98.491898"
SPW,Spencer Municipal Airport,Spencer,US,United States,small_airport,"43.165500640869, -95.202796936035"
SPZ,Springdale Municipal Airport,Springdale,US,United States,small_airport,"36.176399231, -94.1193008423"
SQA,Santa Ynez Airport,Santa Ynez,US,United States,small_airport,"34.60680008, -120.0759964"
SQI,Whiteside County Airport - Joseph H Bittorf Field,Rock Falls,US,United States,small_airport,"41.742175, -89.673629"
SQL,San Carlos Airport,San Carlos,US,United States,medium_airport,"37.51313, -122.250838"
SQV,Sequim Valley Airport,Sequim,US,United States,small_airport,"48.098098754883, -123.18699645996"
SRC,Searcy Municipal Airport,Searcy,US,United States,small_airport,"35.210602, -91.737503"
SRQ,Sarasota Bradenton International Airport,Sarasota/Bradenton,US,United States,large_airport,"27.394631, -82.554359"
SRV,Stony River 2 Airport,Stony River,US,United States,small_airport,"61.7897, -156.589005"
SRW,Mid-Carolina Regional Airport,Salisbury,US,United States,small_airport,"35.645901, -80.520302"
SSC,Shaw Air Force Base,Sumter,US,United States,medium_airport,"33.972698, -80.470596"
SSF,Stinson Municipal Airport,San Antonio,US,United States,medium_airport,"29.336999893188, -98.471099853516"
SSI,St Simons Island Airport,St Simons Island,US,United States,medium_airport,"31.1518, -81.391296"
SSW,Stuart Island Airpark,Friday Harbor,US,United States,small_airport,"48.673379, -123.175439"
STC,Saint Cloud Regional Airport,Saint Cloud,US,United States,medium_airport,"45.5466, -94.059898"
STE,Stevens Point Municipal Airport,Stevens Point,US,United States,small_airport,"44.5452003479, -89.530296325684"
STG,St George Airport,St George,US,United States,medium_airport,"56.577345, -169.663823"
STJ,Rosecrans Memorial Airport,St Joseph,US,United States,medium_airport,"39.771900177002, -94.909698486328"
STK,Sterling Municipal Airport,Sterling,US,United States,small_airport,"40.613497, -103.263833"
STL,St. Louis Lambert International Airport,St Louis,US,United States,large_airport,"38.748697, -90.370003"
STP,Saint Paul Downtown Holman Field,Saint Paul,US,United States,medium_airport,"44.93479, -93.060036"
STQ,St Marys Municipal Airport,St Marys,US,United States,small_airport,"41.412498474121, -78.502601623535"
STS,Charles M. Schulz Sonoma County Airport,Santa Rosa,US,United States,medium_airport,"38.50899887, -122.8130035"
SUA,Witham Field,Stuart,US,United States,small_airport,"27.18169975, -80.22109985"
SUD,Stroud Municipal Airport,Stroud,US,United States,small_airport,"35.789600372314, -96.655700683594"
SUE,Door County Cherryland Airport,Sturgeon Bay,US,United States,small_airport,"44.84370041, -87.42150116"
SUM,Sumter Airport,Sumter,US,United States,small_airport,"33.994998931885, -80.361297607422"
SUN,Friedman Memorial Airport,Hailey,US,United States,medium_airport,"43.50439835, -114.2959976"
SUO,Sunriver Airport,Sunriver,US,United States,small_airport,"43.876301, -121.453003"
SUS,Spirit of St Louis Airport,St Louis,US,United States,medium_airport,"38.662102, -90.652"
SUU,Travis Air Force Base,Fairfield,US,United States,medium_airport,"38.262699, -121.927002"
SUW,Richard I Bong Memorial Airport,Superior,US,United States,small_airport,"46.688612, -92.095041"
SUX,Sioux Gateway Airport / Brigadier General Bud Day Field,Sioux City,US,United States,medium_airport,"42.397605, -96.382237"
SVA,Savoonga Airport,Savoonga,US,United States,medium_airport,"63.686401, -170.492996"
SVC,Grant County Airport,Silver City,US,United States,medium_airport,"32.636701, -108.154736"
SVE,Susanville Municipal Airport,Susanville,US,United States,small_airport,"40.375702, -120.572998"
SVH,Statesville Regional Airport,Statesville,US,United States,small_airport,"35.765301, -80.953903"
SVN,Hunter Army Air Field,Savannah,US,United States,medium_airport,"32.00999832, -81.14569855"
SVS,Stevens Village Airport,Stevens Village,US,United States,small_airport,"66.016727, -149.056835"
SVW,Sparrevohn LRRS Airport,Sparrevohn,US,United States,medium_airport,"61.09740067, -155.5740051"
SWD,Seward Airport,Seward,US,United States,medium_airport,"60.130478, -149.418612"
SWF,New York Stewart International Airport,Newburgh,US,United States,medium_airport,"41.504101, -74.104797"
SWO,Stillwater Regional Airport,Stillwater,US,United States,medium_airport,"36.162132, -97.085581"
SWW,Avenger Field,Sweetwater,US,United States,small_airport,"32.467399597168, -100.46700286865"
SXP,Nunam Iqua Airport,Nunam Iqua,US,United States,small_airport,"62.520599, -164.848006"
SXQ,Soldotna Airport,Soldotna,US,United States,medium_airport,"60.474935, -151.038471"
SXY,Sidney Municipal Airport,Sidney,US,United States,small_airport,"42.302600860596, -75.416000366211"
SYA,Eareckson Air Station,Shemya,US,United States,medium_airport,"52.71229935, 174.1139984"
SYI,Bomar Field Shelbyville Municipal Airport,Shelbyville,US,United States,small_airport,"35.56010056, -86.44249725"
SYN,Stanton Airfield,Dennison,US,United States,small_airport,"44.475579, -93.016756"
SYR,Syracuse Hancock International Airport,Syracuse,US,United States,large_airport,"43.11119842529297, -76.1063003540039"
SYV,Sylvester Airport,Sylvester,US,United States,small_airport,"31.558500289917, -83.895698547363"
SZL,Whiteman Air Force Base,Knob Noster,US,United States,medium_airport,"38.730301, -93.547897"
SZN,Santa Cruz Island Airport,Santa Cruz Island,US,United States,small_airport,"34.06007, -119.915229"
SZP,Santa Paula Airport,Santa Paula,US,United States,small_airport,"34.34719849, -119.060997"
TAD,Perry Stokes Airport,Trinidad,US,United States,small_airport,"37.2593994141, -104.341003418"
TAL,Ralph M Calhoun Memorial Airport,Tanana,US,United States,small_airport,"65.1744, -152.108994"
TBC,Tuba City Airport,Tuba City,US,United States,small_airport,"36.091146, -111.38286"
TBN,Waynesville-St. Robert Regional Airport-Forney Field,Fort Leonard Wood,US,United States,medium_airport,"37.7416, -92.140701"
TBR,Statesboro Bulloch County Airport,Statesboro,US,United States,small_airport,"32.4827003479, -81.73690032959999"
TCC,Tucumcari Municipal Airport,Tucumcari,US,United States,medium_airport,"35.182800293, -103.602996826"
TCL,Tuscaloosa National Airport,Tuscaloosa,US,United States,medium_airport,"33.2206, -87.611397"
TCM,McChord Air Force Base,Tacoma,US,United States,medium_airport,"47.137699, -122.475998"
TCS,Truth or Consequences Municipal Airport,Truth or Consequences,US,United States,medium_airport,"33.2369, -107.272003"
TCT,Takotna Airport,Takotna,US,United States,small_airport,"62.993206, -156.029026"
TDO,Ed Carlson Memorial Field South Lewis County Airport,Toledo,US,United States,small_airport,"46.4771995544, -122.805999756"
TDW,Tradewind Airport,Amarillo,US,United States,small_airport,"35.1698989868, -101.825996399"
TDZ,Toledo Executive Airport,Toledo,US,United States,small_airport,"41.56489944, -83.4822998"
TEB,Teterboro Airport,Teterboro,US,United States,medium_airport,"40.850101, -74.060799"
TEH,Tetlin Airport,Tetlin,US,United States,small_airport,"63.124618, -142.518005"
TEK,Tatitlek Airport,Tatitlek,US,United States,small_airport,"60.871449, -146.690297"
TEX,Telluride Regional Airport,Telluride,US,United States,medium_airport,"37.9538, -107.907997"
THA,Tullahoma Regional Airport William Northern Field,Tullahoma,US,United States,small_airport,"35.3801, -86.246399"
THM,Thompson Falls Airport,Thompson Falls,US,United States,small_airport,"47.573501586914, -115.28099822998"
THP,Hot Springs County Airport,Thermopolis,US,United States,small_airport,"43.713602, -108.389687"
THV,York Airport,Thomasville,US,United States,small_airport,"39.917, -76.873001"
TIK,Tinker Air Force Base,Oklahoma City,US,United States,medium_airport,"35.4147, -97.386597"
TIW,Tacoma Narrows Airport,Tacoma,US,United States,medium_airport,"47.267407, -122.577295"
TIX,Space Coast Regional Airport,Titusville,US,United States,medium_airport,"28.514799118042, -80.799201965332"
TKA,Talkeetna Airport,Talkeetna,US,United States,medium_airport,"62.320499420166, -150.09399414062"
TKF,Truckee Tahoe Airport,Truckee,US,United States,medium_airport,"39.318628, -120.140562"
TKJ,Tok Junction Airport,Tok,US,United States,small_airport,"63.32949829, -142.9539948"
TLA,Teller Airport,Teller,US,United States,small_airport,"65.2404022217, -166.339004517"
TLF,Telida Airport,Telida,US,United States,small_airport,"63.393901824951, -153.26899719238"
TLH,Tallahassee Regional Airport,Tallahassee,US,United States,medium_airport,"30.3965, -84.350304"
TLJ,Tatalina LRRS Airport,Takotna,US,United States,medium_airport,"62.894401550299996, -155.977005005"
TLR,Mefford Field,Tulare,US,United States,small_airport,"36.15629959, -119.3259964"
TLT,Tuluksak Airport,Tuluksak,US,United States,small_airport,"61.086973, -160.922842"
TMA,Henry Tift Myers Airport,Tifton,US,United States,small_airport,"31.4290008545, -83.4885025024"
TMB,Miami Executive Airport,Miami,US,United States,medium_airport,"25.6479, -80.4328"
TNC,Tin City Long Range Radar Station Airport,Tin City,US,United States,small_airport,"65.563103, -167.921997"
TNK,Tununak Airport,Tununak,US,United States,small_airport,"60.569638, -165.246649"
TNP,Twentynine Palms Airport,Twentynine Palms,US,United States,small_airport,"34.133901, -115.947347"
TNT,Dade Collier Training and Transition Airport,Miami,US,United States,small_airport,"25.861799240112, -80.897003173828"
TNU,Newton Municipal Airport,Newton,US,United States,small_airport,"41.6744, -93.021698"
TOA,Zamperini Field,Torrance,US,United States,small_airport,"33.803398132324, -118.33999633789"
TOC,Toccoa Airport - R.G. Letourneau Field,Toccoa,US,United States,small_airport,"34.5938, -83.295799"
TOG,Togiak Airport,Togiak Village,US,United States,small_airport,"59.052799, -160.397003"
TOI,Troy Municipal Airport at N Kenneth Campbell Field,Troy,US,United States,medium_airport,"31.860399, -86.012101"
TOL,Eugene F. Kranz Toledo Express Airport,Toledo,US,United States,medium_airport,"41.5868, -83.8078"
TOP,Philip Billard Municipal Airport,Topeka,US,United States,medium_airport,"39.069899, -95.622606"
TOR,Torrington Municipal Airport,Torrington,US,United States,small_airport,"42.0644989, -104.1529999"
TPA,Tampa International Airport,Tampa,US,United States,large_airport,"27.9755, -82.533203"
TPF,Peter O Knight Airport,Tampa,US,United States,small_airport,"27.915599822998, -82.44930267334"
TPH,Tonopah Airport,Tonopah,US,United States,medium_airport,"38.06019974, -117.086998"
TPL,Draughon Miller Central Texas Regional Airport,Temple,US,United States,medium_airport,"31.1525, -97.407799"
TRH,Trona Airport,Trona,US,United States,small_airport,"35.8125, -117.327003479"
TRI,Tri-Cities Regional TN/VA Airport,Blountville,US,United States,medium_airport,"36.475201, -82.407401"
TRL,Terrell Municipal Airport,Terrell,US,United States,small_airport,"32.709202, -96.267403"
TRM,Jacqueline Cochran Regional Airport,Palm Springs,US,United States,medium_airport,"33.62670135498, -116.16000366211"
TRX,Trenton Municipal Airport,Trenton,US,United States,small_airport,"40.0835, -93.590599"
TSG,Tanacross Airport,Tanacross,US,United States,small_airport,"63.374401092499994, -143.335998535"
TSM,Taos Regional Airport,Taos,US,United States,medium_airport,"36.452494, -105.67749"
TSP,Tehachapi Municipal Airport,Tehachapi,US,United States,small_airport,"35.134998321533, -118.43900299072"
TTD,Portland Troutdale Airport,Portland,US,United States,medium_airport,"45.54940032959, -122.40100097656"
TTN,Trenton Mercer Airport,Ewing Township,US,United States,medium_airport,"40.276699, -74.813499"
TTO,Britton Municipal Airport,Britton,US,United States,small_airport,"45.815200805664, -97.743103027344"
TUH,Arnold Air Force Base,Manchester,US,United States,small_airport,"35.392601, -86.0858"
TUL,Tulsa International Airport,Tulsa,US,United States,large_airport,"36.19839859008789, -95.88809967041016"
TUP,Tupelo Regional Airport,Tupelo,US,United States,medium_airport,"34.26810073852539, -88.7698974609375"
TUS,Tucson International Airport / Morris Air National Guard Base,Tucson,US,United States,medium_airport,"32.115004, -110.938053"
TVC,Cherry Capital Airport,Traverse City,US,United States,medium_airport,"44.74140167236328, -85.58219909667969"
TVF,Thief River Falls Regional Airport,Thief River Falls,US,United States,medium_airport,"48.065701, -96.184998"
TVI,Thomasville Regional Airport,Thomasville,US,United States,small_airport,"30.901599884033, -83.881301879883"
TVL,Lake Tahoe Airport,South Lake Tahoe,US,United States,medium_airport,"38.89390182495117, -119.99500274658203"
TWA,Twin Hills Airport,Twin Hills,US,United States,small_airport,"59.074713, -160.274992"
TWD,Jefferson County International Airport,Port Townsend,US,United States,small_airport,"48.0537986755, -122.810997009"
TWE,Taylor Airport,Taylor,US,United States,small_airport,"65.6792984009, -164.798995972"
TWF,Joslin Field Magic Valley Regional Airport,Twin Falls,US,United States,medium_airport,"42.4818, -114.487999"
TXK,Texarkana Regional Airport (Webb Field),Texarkana,US,United States,medium_airport,"33.453701, -93.990997"
TYE,Tyonek Airport,Tyonek,US,United States,small_airport,"61.076556, -151.131363"
TYR,Tyler Pounds Regional Airport,Tyler,US,United States,medium_airport,"32.35409927368164, -95.40239715576172"
TYS,McGhee Tyson Airport,Alcoa,US,United States,medium_airport,"35.811001, -83.994003"
TYZ,Taylor Airport,Taylor,US,United States,small_airport,"34.45280075, -110.1149979"
TZC,Tuscola Area Airport,Caro,US,United States,small_airport,"43.458801, -83.445503"
UBS,Columbus Lowndes County Airport,Columbus,US,United States,small_airport,"33.4654006958, -88.3803024292"
UCC,Yucca Airstrip,Mercury,US,United States,small_airport,"36.934661, -116.00596"
UCE,Eunice Airport,Eunice,US,United States,small_airport,"30.466299057007, -92.423797607422"
UCY,Everett-Stewart Regional Airport,Union City,US,United States,small_airport,"36.38180161, -88.98539734"
UDD,Bermuda Dunes Airport,Bermuda Dunes,US,United States,small_airport,"33.748492, -116.275027"
UES,Waukesha County Airport,Waukesha,US,United States,small_airport,"43.041000366211, -88.237098693848"
UGB,Ugashik Bay Airport,Pilot Point,US,United States,small_airport,"57.424052, -157.74479"
UGN,Waukegan National Airport,Chicago/Waukegan,US,United States,small_airport,"42.422199249268, -87.867897033691"
UGS,Ugashik Airport,Ugashik,US,United States,small_airport,"57.523476, -157.396344"
UIL,Quillayute Airport,Quillayute,US,United States,small_airport,"47.936599731445, -124.56300354004"
UIN,Quincy Regional Airport Baldwin Field,Quincy,US,United States,medium_airport,"39.942699, -91.194603"
UKI,Ukiah Municipal Airport,Ukiah,US,United States,medium_airport,"39.125999, -123.200996"
UKN,Waukon Municipal Airport,Waukon,US,United States,small_airport,"43.280498504639, -91.469497680664"
UKT,Quakertown Airport,Quakertown,US,United States,small_airport,"40.4352, -75.381897"
ULM,New Ulm Municipal Airport,New Ulm,US,United States,small_airport,"44.319599151611, -94.502296447754"
UMM,Summit Airport,Cantwell,US,United States,small_airport,"63.331501, -149.126999"
UMT,Umiat Airport,Umiat,US,United States,small_airport,"69.371101, -152.136002"
UMZ,Mena Intermountain Municipal Airport,Mena,US,United States,small_airport,"34.545399, -94.202698"
UNK,Unalakleet Airport,Unalakleet,US,United States,medium_airport,"63.888401, -160.798996"
UNU,Dodge County Airport,Juneau,US,United States,small_airport,"43.42660141, -88.70320129"
UOS,Franklin County Airport,Sewanee,US,United States,small_airport,"35.204754, -85.899052"
UOX,University Oxford Airport,Oxford,US,United States,medium_airport,"34.384300231934, -89.536796569824"
UPP,Upolu Airport,Hawi,US,United States,small_airport,"20.265301, -155.860001"
USA,Concord-Padgett Regional Airport,Concord,US,United States,medium_airport,"35.387798, -80.709099"
USC,"Union County, Troy Shelton Field",Union,US,United States,small_airport,"34.687046, -81.64105"
UST,Northeast Florida Regional Airport,St Augustine,US,United States,medium_airport,"29.9592, -81.339798"
UTM,Tunica Municipal Airport,Tunica,US,United States,small_airport,"34.68505, -90.347757"
UTO,Indian Mountain LRRS Airport,Utopia Creek,US,United States,medium_airport,"65.992798, -153.703995"
UUK,Ugnu-Kuparuk Airport,Kuparuk,US,United States,small_airport,"70.33080291750001, -149.598007202"
UVA,Garner Field,Uvalde,US,United States,small_airport,"29.2112998962, -99.743598938"
UWA,Ware Airport,Ware,US,United States,small_airport,"42.282001495361, -72.214797973633"
VAD,Moody Air Force Base,Valdosta,US,United States,medium_airport,"30.9678001404, -83.1930007935"
VAK,Chevak Airport,Chevak,US,United States,small_airport,"61.5409, -165.6005"
VBG,Vandenberg Space Force Base,Lompoc,US,United States,medium_airport,"34.737301, -120.584"
VCT,Victoria Regional Airport,Victoria,US,United States,medium_airport,"28.85260009765625, -96.91850280761719"
VCV,Southern California Logistics Airport,Victorville,US,United States,small_airport,"34.597499847399995, -117.383003235"
VDI,Vidalia Regional Airport,Vidalia,US,United States,small_airport,"32.192699432373, -82.371200561523"
VDZ,Valdez Pioneer Field,Valdez,US,United States,medium_airport,"61.132712, -146.246567"
VEE,Venetie Airport,Venetie,US,United States,small_airport,"67.008698, -146.365997"
VEL,Vernal Regional Airport,Vernal,US,United States,medium_airport,"40.436214, -109.511661"
VEX,Tioga Municipal Airport,Tioga,US,United States,small_airport,"48.38050079, -102.8980026"
VGT,North Las Vegas Metropolitan International Airport,Las Vegas,US,United States,medium_airport,"36.210701, -115.194"
VHN,Culberson County Airport,Van Horn,US,United States,small_airport,"31.057800292969, -104.78399658203"
VIH,Rolla National Airport,Vichy,US,United States,small_airport,"38.127399, -91.769501"
VIS,Visalia Municipal Airport,Visalia,US,United States,medium_airport,"36.318699, -119.392998"
VJI,Virginia Highlands Airport,Abingdon,US,United States,small_airport,"36.687099, -82.033302"
VKS,Vicksburg Municipal Airport,Vicksburg,US,United States,small_airport,"32.23929977417, -90.928398132324"
VLA,Vandalia Municipal Airport,Vandalia,US,United States,small_airport,"38.991501, -89.166199"
VLD,Valdosta Regional Airport,Valdosta,US,United States,medium_airport,"30.782499313354492, -83.27670288085938"
VLE,Valle Airport,Grand Canyon,US,United States,small_airport,"35.65060043335, -112.14800262451"
VNC,Venice Municipal Airport,Venice,US,United States,small_airport,"27.070541, -82.440815"
VNY,Van Nuys Airport,Van Nuys,US,United States,medium_airport,"34.209800720215, -118.48999786377"
VOK,Volk Field,Camp Douglas,US,United States,medium_airport,"43.938999176025, -90.253402709961"
VPS,Destin-Fort Walton Beach Airport,Valparaiso,US,United States,medium_airport,"30.4832, -86.525398"
VPZ,Porter County Municipal Airport,Valparaiso,US,United States,medium_airport,"41.45399857, -87.00710297"
VQQ,Cecil Airport,Jacksonville,US,United States,medium_airport,"30.2187, -81.876701"
VRB,Vero Beach Regional Airport,Vero Beach,US,United States,medium_airport,"27.6556, -80.417901"
VRS,Roy Otten Memorial Airfield,Versailles,US,United States,small_airport,"38.427799224854, -92.875198364258"
VSF,Hartness State Airport,North Springfield,US,United States,small_airport,"43.343601, -72.517303"
VTN,Miller Field,Valentine,US,United States,medium_airport,"42.856211, -100.549192"
VYS,Illinois Valley Regional Airport Walter A Duncan Field,Peru,US,United States,small_airport,"41.351898, -89.153099"
WAA,Wales Airport,Wales,US,United States,small_airport,"65.622593, -168.095"
WAH,Harry Stern Airport,Wahpeton,US,United States,small_airport,"46.2440986633, -96.6073989868"
WAL,Wallops Flight Facility Airport,Wallops Island,US,United States,small_airport,"37.940813, -75.462255"
WAY,Greene County Airport,Waynesburg,US,United States,small_airport,"39.90112, -80.130733"
WBB,Stebbins Airport,Stebbins,US,United States,small_airport,"63.515999, -162.278"
WBK,West Branch Community Airport,West Branch,US,United States,small_airport,"44.244801, -84.179802"
WBQ,Beaver Airport,Beaver,US,United States,small_airport,"66.362198, -147.406998"
WBR,Roben Hood Airport,Big Rapids,US,United States,small_airport,"43.7225990295, -85.50409698490002"
WBU,Boulder Municipal Airport,Boulder,US,United States,small_airport,"40.039101, -105.226025"
WBW,Wilkes Barre Wyoming Valley Airport,Wilkes-Barre,US,United States,small_airport,"41.2971992493, -75.8511962891"
WCR,Chandalar Lake Airport,Chandalar Lake,US,United States,small_airport,"67.5045013428, -148.483001709"
WDG,Enid Woodring Regional Airport,Enid,US,United States,small_airport,"36.3791999817, -97.7910995483"
WDN,Waldron Airstrip,Eastsound,US,United States,small_airport,"48.71141, -123.018208"
WDR,Barrow County Airport,Winder,US,United States,small_airport,"33.98289871, -83.66739655"
WEA,Parker County Airport,Weatherford,US,United States,small_airport,"32.7463, -97.682404"
WFK,Northern Aroostook Regional Airport,Frenchville,US,United States,small_airport,"47.2854995728, -68.31279754639999"
WGO,Winchester Regional Airport,Winchester,US,United States,small_airport,"39.14350128, -78.14440155"
WHP,Whiteman Airport,Pacoima,US,United States,small_airport,"34.2593, -118.413002"
WHT,Wharton Regional Airport,Wharton,US,United States,small_airport,"29.254299, -96.154404"
WIB,Wilbarger County Airport,Vernon,US,United States,small_airport,"34.2257003784, -99.2837982178"
WJF,General William J Fox Airfield,Lancaster,US,United States,medium_airport,"34.7411, -118.219002"
WKK,Aleknagik / New Airport,Aleknagik,US,United States,medium_airport,"59.2826004028, -158.617996216"
WLD,Strother Field,Winfield / Arkansas City,US,United States,small_airport,"37.168598, -97.037598"
WLK,Selawik Airport,Selawik,US,United States,small_airport,"66.600098, -159.985992"
WLW,Willows Glenn County Airport,Willows,US,United States,small_airport,"39.51639938, -122.2180023"
WMC,Winnemucca Municipal Airport,Winnemucca,US,United States,medium_airport,"40.8965988159, -117.805999756"
WMH,Ozark Regional Airport,Mountain Home,US,United States,medium_airport,"36.3689002991, -92.47049713130001"
WMO,White Mountain Airport,White Mountain,US,United States,small_airport,"64.689201, -163.412994"
WNA,Napakiak Airport,Napakiak,US,United States,small_airport,"60.6903, -161.979004"
WOW,Willow Airport,Willow,US,United States,small_airport,"61.7542, -150.052002"
WPO,North Fork Valley Airport,Paonia,US,United States,small_airport,"38.8316993713, -107.646003723"
WRB,Robins Air Force Base,Warner Robins,US,United States,medium_airport,"32.640099, -83.591904"
WRG,Wrangell Airport,Wrangell,US,United States,medium_airport,"56.48429871, -132.3699951"
WRI,Mc Guire Air Force Base,Wrightstown,US,United States,medium_airport,"40.0155983, -74.59169769"
WRL,Worland Municipal Airport,Worland,US,United States,medium_airport,"43.965698, -107.950996"
WSF,Cape Sarichef Airport,Cape Sarichef,US,United States,small_airport,"54.583934, -164.905727"
WSG,Washington County Airport,Washington,US,United States,small_airport,"40.136501, -80.290199"
WSH,Brookhaven Calabro Airport,Shirley,US,United States,small_airport,"40.821899, -72.8694"
WSM,Wiseman Airport,Wiseman,US,United States,small_airport,"67.4046020508, -150.123001099"
WSN,South Naknek Number 2 Airport,South Naknek,US,United States,small_airport,"58.702362, -157.005444"
WST,Westerly State Airport,Westerly,US,United States,medium_airport,"41.349602, -71.803398"
WTK,Noatak Airport,Noatak,US,United States,small_airport,"67.561241, -162.980461"
WTL,Tuntutuliak Airport,Tuntutuliak,US,United States,small_airport,"60.351243, -162.654476"
WTR,Whiteriver Airport,Whiteriver,US,United States,small_airport,"33.810175, -109.986555"
WVI,Watsonville Municipal Airport,Watsonville,US,United States,small_airport,"36.9356994629, -121.790000916"
WVL,Waterville Robert Lafleur Airport,Waterville,US,United States,small_airport,"44.5331993103, -69.6754989624"
WWA,Wasilla Airport,Wasilla,US,United States,medium_airport,"61.571701, -149.539993"
WWD,Cape May County Airport,Wildwood,US,United States,medium_airport,"39.008499145500004, -74.9083023071"
WWR,West Woodward Airport,Woodward,US,United States,medium_airport,"36.438, -99.5226667"
WWT,Mertarvik Airport,Mertarvik,US,United States,small_airport,"60.81037, -164.499511"
WYS,Yellowstone Airport,West Yellowstone,US,United States,medium_airport,"44.6884, -111.117996"
XES,Grand Geneva Resort Airport,Lake Geneva,US,United States,small_airport,"42.614899, -88.389603"
XMD,Madison Municipal Airport,Madison,US,United States,small_airport,"44.01599884, -97.08589935"
XNA,Northwest Arkansas National Airport,Fayetteville/Springdale/Rogers,US,United States,medium_airport,"36.281898, -94.306801"
XPR,Pine Ridge Airport,Pine Ridge,US,United States,small_airport,"43.020902, -102.506089"
XSD,Tonopah Test Range Airport,Tonopah,US,United States,small_airport,"37.7988014221, -116.78099823"
XWA,Williston Basin International Airport,Williston,US,United States,medium_airport,"48.258387, -103.748797"
YAK,Yakutat Airport,Yakutat,US,United States,medium_airport,"59.508717, -139.660435"
YIP,Willow Run Airport,Detroit,US,United States,medium_airport,"42.23789978, -83.53040314"
YKM,Yakima Air Terminal McAllister Field,Yakima,US,United States,medium_airport,"46.56819916, -120.5439987"
YKN,Chan Gurney Municipal Airport,Yankton,US,United States,medium_airport,"42.916698455811, -97.385902404785"
YNG,Youngstown Warren Regional Airport,Youngstown/Warren,US,United States,medium_airport,"41.26070023, -80.67910004"
YUM,Yuma International Airport / Marine Corps Air Station Yuma,Yuma,US,United States,medium_airport,"32.650938, -114.609375"
ZNC,Nyac Airport,Nyac,US,United States,small_airport,"60.9807014465, -159.994003296"
ZPH,Zephyrhills Municipal Airport,Zephyrhills,US,United States,small_airport,"28.228201, -82.155899"
ZZV,Zanesville Municipal Airport,Zanesville,US,United States,medium_airport,"39.9444007874, -81.89209747310001"
ATI,Artigas International Airport,Artigas,UY,Uruguay,small_airport,"-30.4007, -56.5079"
BUV,Placeres Airport,Bella Union,UY,Uruguay,small_airport,"-30.319807, -57.558823"
CYR,Colonia Laguna de Los Patos International Airport,Colonia del Sacramento,UY,Uruguay,small_airport,"-34.456402, -57.770599"
DZO,Santa Bernardina International Airport,Durazno,UY,Uruguay,medium_airport,"-33.358898, -56.499199"
MLZ,Cerro Largo International Airport,Melo,UY,Uruguay,small_airport,"-32.337898, -54.216702"
MVD,Carrasco General Cesáreo L. Berisso International Airport,Ciudad de la Costa,UY,Uruguay,large_airport,"-34.835647, -56.026497"
PDP,Capitan Corbeta CA Curbelo International Airport,Punta del Este,UY,Uruguay,medium_airport,"-34.855099, -55.094299"
PDU,Tydeo Larre Borges Airport,Paysandú,UY,Uruguay,small_airport,"-32.3633, -58.061901"
RVY,Presidente General Don Oscar D. Gestido International Airport,Rivera,UY,Uruguay,small_airport,"-30.9746, -55.4762"
STY,Nueva Hesperides International Airport,Salto,UY,Uruguay,medium_airport,"-31.438499, -57.985298"
TAW,Tacuarembo Airport,Tacuarembo,UY,Uruguay,small_airport,"-31.749001, -55.925801"
TYT,Treinta y Tres Airport,Treinta y Tres,UY,Uruguay,small_airport,"-33.195714, -54.347246"
VCH,Vichadero Airport,Vichadero,UY,Uruguay,small_airport,"-31.739166, -54.587776"
AFS,Sugraly Airport,Zarafshan,UZ,Uzbekistan,small_airport,"41.613899, 64.2332"
AZN,Andizhan Airport,Andizhan,UZ,Uzbekistan,medium_airport,"40.727699, 72.293999"
BHK,Bukhara International Airport,Bukhara,UZ,Uzbekistan,medium_airport,"39.775002, 64.483299"
FEG,Fergana International Airport,Fergana,UZ,Uzbekistan,medium_airport,"40.358799, 71.745003"
KSQ,Karshi Airport,Karshi,UZ,Uzbekistan,small_airport,"38.802246, 65.773068"
MOK,Muynak Airport,Muynak,UZ,Uzbekistan,small_airport,"43.753636, 59.029884"
NCU,Nukus Airport,Nukus,UZ,Uzbekistan,medium_airport,"42.4884, 59.623299"
NMA,Namangan Airport,Namangan,UZ,Uzbekistan,small_airport,"40.9846, 71.556702"
NVI,Navoi Airport,Navoi,UZ,Uzbekistan,medium_airport,"40.117199, 65.170799"
OQN,Kokand Airport,Kokand,UZ,Uzbekistan,small_airport,"40.447183, 70.989144"
RBZ,Shahrisabz Southwest Airport,Shahrisabz,UZ,Uzbekistan,small_airport,"39.030067, 66.775825"
SKD,Samarkand Airport,Samarkand,UZ,Uzbekistan,medium_airport,"39.70050048828125, 66.98380279541016"
TAS,Tashkent International Airport,Tashkent,UZ,Uzbekistan,large_airport,"41.257900238, 69.2811965942"
TMJ,Termez Airport,Termez,UZ,Uzbekistan,medium_airport,"37.287261, 67.311869"
UGC,Urgench Airport,Urgench,UZ,Uzbekistan,medium_airport,"41.58430099487305, 60.641700744628906"
BQU,J F Mitchell Airport,Bequia,VC,Saint Vincent and the Grenadines,medium_airport,"12.9884, -61.262001"
CIW,Canouan Airport,Canouan,VC,Saint Vincent and the Grenadines,medium_airport,"12.699, -61.3424"
MQS,Mustique Airport,Lovell,VC,Saint Vincent and the Grenadines,medium_airport,"12.8879, -61.180199"
SVD,Argyle International Airport,Kingstown,VC,Saint Vincent and the Grenadines,medium_airport,"13.156695, -61.149945"
UNI,Union Island International Airport,Union Island,VC,Saint Vincent and the Grenadines,medium_airport,"12.600135, -61.411945"
AAO,Anaco Airport,Anaco,VE,Venezuela,medium_airport,"9.430225, -64.470726"
AGV,Oswaldo Guevara Mujica Airport,Acarigua,VE,Venezuela,medium_airport,"9.553375, -69.237869"
BLA,General José Antonio Anzoategui International Airport,Barcelona,VE,Venezuela,large_airport,"10.111111, -64.692222"
BNS,Barinas Airport,Barinas,VE,Venezuela,medium_airport,"8.615, -70.214167"
BRM,Barquisimeto International Airport,Barquisimeto,VE,Venezuela,medium_airport,"10.042747, -69.35862"
CAJ,Canaima Airport,Canaima,VE,Venezuela,medium_airport,"6.231989, -62.85485"
CBL,General Tomas de Heres Airport,Ciudad Bolivar,VE,Venezuela,medium_airport,"8.122161, -63.536957"
CBS,Oro Negro Airport,Cabimas,VE,Venezuela,small_airport,"10.3307, -71.322502"
CCS,Maiquetía Simón Bolívar International Airport,Maiquetía,VE,Venezuela,large_airport,"10.601194, -66.991222"
CLZ,Calabozo Airport,Guarico,VE,Venezuela,medium_airport,"8.924656, -67.417091"
CUM,Cumaná (Antonio José de Sucre) Airport,,VE,Venezuela,medium_airport,"10.450333, -64.13047"
CUP,General Francisco Bermúdez Airport,Carúpano,VE,Venezuela,medium_airport,"10.660014, -63.261681"
CUV,Casigua El Cubo Airport,Casigua El Cubo,VE,Venezuela,small_airport,"8.75814, -72.536301"
CXA,Caicara del Orinoco Airport,,VE,Venezuela,medium_airport,"7.62551, -66.162804"
CZE,José Leonardo Chirinos Airport,Coro,VE,Venezuela,medium_airport,"11.414944, -69.680901"
ELX,El Tigre Airport,El Tigre,VE,Venezuela,small_airport,"8.833546, -64.20828"
EOR,El Dorado Airport,Bolivar,VE,Venezuela,medium_airport,"6.71573, -61.638786"
EOZ,Elorza Airport,,VE,Venezuela,medium_airport,"7.059677, -69.4967"
GDO,Guasdualito Airport,Guasdualito,VE,Venezuela,medium_airport,"7.210834, -70.756386"
GUI,Guiria Airport,,VE,Venezuela,medium_airport,"10.574077606200001, -62.3126678467"
GUQ,Guanare Airport,Guanare,VE,Venezuela,medium_airport,"9.026944, -69.75515"
HGE,Higuerote Airport,Higuerote,VE,Venezuela,small_airport,"10.462474, -66.092779"
ICA,Icabarú Airport,,VE,Venezuela,small_airport,"4.33632, -61.739601"
ICC,Andrés Miguel Salazar Marcano Airport,Isla de Coche,VE,Venezuela,small_airport,"10.794432, -63.98159"
KAV,Kavanayen Airport,Kavanayén,VE,Venezuela,small_airport,"5.593056, -61.763333"
KTV,Kamarata Airport,Kamarata,VE,Venezuela,small_airport,"5.7171, -62.33727"
LFR,La Fria Airport,,VE,Venezuela,medium_airport,"8.239167, -72.271027"
LGY,Lagunillas Airport,Lagunillas,VE,Venezuela,small_airport,"10.12399959564209, -71.23799896240234"
LPJ,Armando Schwarck Airport,Guayabal,VE,Venezuela,small_airport,"6.57805, -66.816902"
LRV,Los Roques Airport,Gran Roque Island,VE,Venezuela,small_airport,"11.946177, -66.669836"
LSP,Josefa Camejo International Airport,Paraguaná,VE,Venezuela,medium_airport,"11.780775, -70.151497"
MAR,La Chinita International Airport,Maracaibo,VE,Venezuela,medium_airport,"10.5582084656, -71.7278594971"
MRD,Alberto Carnevalli Airport,Mérida,VE,Venezuela,medium_airport,"8.582078, -71.161041"
MUN,Maturín Airport,Maturín,VE,Venezuela,medium_airport,"9.749023, -63.153348"
MYC,Escuela Mariscal Sucre Airport,Maracay,VE,Venezuela,medium_airport,"10.249978, -67.649422"
PBL,General Bartolome Salom International Airport,,VE,Venezuela,medium_airport,"10.4805, -68.072998"
PDZ,Pedernales Airport,,VE,Venezuela,small_airport,"9.97924, -62.2286"
PMV,Del Caribe Santiago Mariño International Airport,Isla Margarita,VE,Venezuela,medium_airport,"10.912603378295898, -63.96659851074219"
PPH,Perai-Tepuy Airport,Parai-tepuí,VE,Venezuela,small_airport,"4.570275, -61.520262"
PPZ,Puerto Paez Airport,Puerto Paez,VE,Venezuela,small_airport,"6.220095, -67.447508"
PTM,Palmarito Airport,Palmarito,VE,Venezuela,medium_airport,"7.56667, -70.183296"
PYH,Cacique Aramare Airport,Puerto Ayacucho,VE,Venezuela,medium_airport,"5.61999, -67.606102"
PZO,General Manuel Carlos Piar International Airport,Puerto Ordaz-Ciudad Guayana,VE,Venezuela,medium_airport,"8.288530349731445, -62.760398864746094"
SBB,Santa Bárbara de Barinas Airport,Santa Bárbara,VE,Venezuela,small_airport,"7.803514, -71.165718"
SCI,Paramillo Airport,,VE,Venezuela,medium_airport,"7.80132, -72.202904"
SFD,San Fernando de Apure Las Flecheras National Airport,San Fernando de Apure,VE,Venezuela,medium_airport,"7.88332, -67.444"
SFX,Macagua Airport,Ciudad Guayana,VE,Venezuela,small_airport,"8.2788, -62.6652"
SNF,Sub Teniente Nestor Arias Airport,San Felipe,VE,Venezuela,medium_airport,"10.2787, -68.755203"
SNV,Santa Elena de Uairen Airport,,VE,Venezuela,medium_airport,"4.555, -61.150002"
SOM,San Tomé Airport,El Tigre,VE,Venezuela,medium_airport,"8.9451465606689, -64.151084899902"
STB,Miguel Urdaneta Fernández Airport,San Carlos del Zulia,VE,Venezuela,medium_airport,"8.97455, -71.943253"
STD,Mayor Buenaventura Vivas International Airport,Santo Domingo,VE,Venezuela,medium_airport,"7.56538, -72.035103"
SVV,San Salvador de Paul Airport,San Salvador de Paul,VE,Venezuela,small_airport,"7.0, -62.0"
SVZ,San Antonio Del Tachira Airport,,VE,Venezuela,medium_airport,"7.84083, -72.439697"
TMO,Tumeremo Airport,,VE,Venezuela,medium_airport,"7.24938, -61.52893"
TUV,Tucupita Airport,Tucupita,VE,Venezuela,medium_airport,"9.088994, -62.094173"
URM,Uriman Airport,,VE,Venezuela,small_airport,"5.333333, -62.766666"
VDP,Valle de La Pascua Airport,,VE,Venezuela,medium_airport,"9.22202777863, -65.9935836792"
VIG,Juan Pablo Pérez Alfonso Airport,El Vigía,VE,Venezuela,medium_airport,"8.624139, -71.672668"
VLN,Arturo Michelena International Airport,Valencia,VE,Venezuela,medium_airport,"10.14973258972168, -67.92839813232422"
VLV,Dr. Antonio Nicolás Briceño Airport,Valera,VE,Venezuela,medium_airport,"9.340478, -70.584061"
WOK,Wonken Airport,Wonken,VE,Venezuela,small_airport,"5.25, -61.733333587646484"
ZRZ,Zaraza Airport,Zaraza,VE,Venezuela,small_airport,"9.350306, -65.280655"
EIS,Terrance B. Lettsome International Airport,Beef Island,VG,British Virgin Islands,medium_airport,"18.445492, -64.541707"
NGD,Captain Auguste George Airport,Anegada,VG,British Virgin Islands,small_airport,"18.727734, -64.32852"
VIJ,Virgin Gorda Airport,Spanish Town,VG,British Virgin Islands,small_airport,"18.446634, -64.427932"
STT,Cyril E. King Airport,Charlotte Amalie,VI,U.S. Virgin Islands,medium_airport,"18.337091, -64.977251"
STX,Henry E Rohlsen Airport,Christiansted,VI,U.S. Virgin Islands,medium_airport,"17.701413, -64.802608"
BMV,Buon Ma Thuot Airport,Buon Ma Thuot,VN,Vietnam,medium_airport,"12.668299675, 108.120002747"
CAH,Cà Mau Airport,Ca Mau City,VN,Vietnam,medium_airport,"9.177667, 105.177778"
CXR,Cam Ranh International Airport / Cam Ranh Air Base,Cam Ranh,VN,Vietnam,medium_airport,"11.9982, 109.219002"
DAD,Da Nang International Airport,Da Nang,VN,Vietnam,medium_airport,"16.0439, 108.198997"
DIN,Dien Bien Phu Airport,Dien Bien Phu,VN,Vietnam,medium_airport,"21.3974990845, 103.008003235"
DLI,Lien Khuong Airport,Da Lat,VN,Vietnam,medium_airport,"11.750556, 108.366997"
HAN,Noi Bai International Airport,Hanoi (Soc Son),VN,Vietnam,large_airport,"21.221201, 105.806999"
HOO,Nhon Co Airfield,Đăk R'Lấp,VN,Vietnam,small_airport,"11.9787, 107.5638"
HPH,Cat Bi International Airport,Haiphong (Hai An),VN,Vietnam,medium_airport,"20.81686, 106.722994"
HUI,Phu Bai International Airport,Huế,VN,Vietnam,medium_airport,"16.400628, 107.703094"
PHA,Phan Rang Airport,Phan Rang,VN,Vietnam,small_airport,"11.6335, 108.952003"
PHU,Phu Giao Airport,Phu Giao,VN,Vietnam,small_airport,"11.30034, 106.79325"
PQC,Phu Quoc International Airport,Phu Quoc Island,VN,Vietnam,medium_airport,"10.1698, 103.9931"
PXU,Pleiku Airport,Pleiku,VN,Vietnam,medium_airport,"14.004500389099121, 108.01699829101562"
SGN,Tan Son Nhat International Airport,Ho Chi Minh City,VN,Vietnam,large_airport,"10.8188, 106.652"
SOA,Sóc Trăng Airport,Sóc Trăng,VN,Vietnam,small_airport,"9.5814, 105.9602"
SQH,Na San Airport,Mai Son,VN,Vietnam,small_airport,"21.215301, 104.032803"
TBB,Dong Tac Airport,Tuy Hoa,VN,Vietnam,medium_airport,"13.0496, 109.334"
THD,Tho Xuan Airport,Thanh Hóa,VN,Vietnam,small_airport,"19.901667, 105.467778"
UIH,Phu Cat Airport,Quy Nohn,VN,Vietnam,medium_airport,"13.955, 109.042"
VCA,Can Tho International Airport,Can Tho,VN,Vietnam,medium_airport,"10.0851, 105.711998"
VCL,Chu Lai Airport,Tam Nghĩa,VN,Vietnam,small_airport,"15.4033, 108.706001"
VCS,Con Dao Airport,Con Dao,VN,Vietnam,medium_airport,"8.73183, 106.633003"
VDH,Dong Hoi Airport,Dong Hoi,VN,Vietnam,medium_airport,"17.515, 106.590556"
VDO,Van Don International Airport,Van Don,VN,Vietnam,medium_airport,"21.120693, 107.41539"
VII,Vinh Airport,Vinh,VN,Vietnam,medium_airport,"18.7376003265, 105.67099762"
VKG,Rach Gia Airport,Rach Gia,VN,Vietnam,medium_airport,"9.95802997234, 105.132379532"
VTG,Vung Tau Airport,Vũng Tàu,VN,Vietnam,small_airport,"10.375093, 107.096185"
AUY,Aneityum Airport,Anatom Island,VU,Vanuatu,small_airport,"-20.249201, 169.770996"
AWD,Aniwa Airport,Aniwa,VU,Vanuatu,small_airport,"-19.2346, 169.6009"
CCV,Craig Cove Airport,Craig Cove,VU,Vanuatu,small_airport,"-16.264999, 167.923996"
DLY,Dillon's Bay Airport,Dillon's Bay,VU,Vanuatu,small_airport,"-18.7694, 169.001007"
EAE,Siwo Airport,Emae Island,VU,Vanuatu,small_airport,"-17.0903, 168.343002"
FTA,Futuna Airport,Futuna Island,VU,Vanuatu,small_airport,"-19.516399383499998, 170.231994629"
IPA,Ipota Airport,Ipota,VU,Vanuatu,small_airport,"-18.856389, 169.283333"
LNB,Lamen Bay Airport,Lamen Bay,VU,Vanuatu,small_airport,"-16.584199905400002, 168.158996582"
LNE,Lonorore Airport,Lonorore,VU,Vanuatu,small_airport,"-15.865599632299999, 168.17199707"
LOD,Longana Airport,Longana,VU,Vanuatu,small_airport,"-15.3066997528, 167.966995239"
LPM,Lamap Airport,Lamap,VU,Vanuatu,small_airport,"-16.4611228, 167.829253"
MTV,Mota Lava Airport,Ablow,VU,Vanuatu,small_airport,"-13.666, 167.712006"
MWF,Maewo-Naone Airport,Maewo Island,VU,Vanuatu,small_airport,"-14.997222, 168.081111"
NUS,Norsup Airport,Norsup,VU,Vanuatu,small_airport,"-16.0797, 167.401001"
OLJ,North West Santo Airport,Olpoi,VU,Vanuatu,small_airport,"-14.881699562099998, 166.557998657"
PBJ,Tavie Airport,Paama Island,VU,Vanuatu,small_airport,"-16.431955, 168.235511"
RCL,Redcliffe Airport,Redcliffe,VU,Vanuatu,small_airport,"-15.472, 167.835007"
SLH,Sola Airport,Sola,VU,Vanuatu,small_airport,"-13.8516998291, 167.537002563"
SON,Santo Pekoa International Airport,Luganville,VU,Vanuatu,medium_airport,"-15.505000114399998, 167.220001221"
SSR,Sara Airport,Pentecost Island,VU,Vanuatu,small_airport,"-15.4708003998, 168.151992798"
SWJ,Southwest Bay Airport,Malekula Island,VU,Vanuatu,small_airport,"-16.4864, 167.4472"
TAH,Tanna Airport,,VU,Vanuatu,medium_airport,"-19.45509910583496, 169.2239990234375"
TGH,Tongoa Airport,Tongoa Island,VU,Vanuatu,small_airport,"-16.8910999298, 168.550994873"
TOH,Torres Airstrip,Loh/Linua,VU,Vanuatu,small_airport,"-13.328, 166.638"
ULB,Uléi Airport,Ambrym Island,VU,Vanuatu,small_airport,"-16.3297, 168.3011"
VLI,Bauerfield International Airport,Port Vila,VU,Vanuatu,large_airport,"-17.699301, 168.320007"
VLS,Valesdir Airport,Epi Island,VU,Vanuatu,small_airport,"-16.796100616500002, 168.177001953"
WLH,Walaha Airport,Walaha,VU,Vanuatu,small_airport,"-15.412, 167.690994"
ZGU,Gaua Island Airport,Gaua Island,VU,Vanuatu,medium_airport,"-14.2181, 167.587006"
FUT,Pointe Vele Airport,Futuna Island,WF,Wallis and Futuna,small_airport,"-14.311565, -178.066492"
WLS,Hihifo Airport,Wallis Island,WF,Wallis and Futuna,medium_airport,"-13.2383003235, -176.199005127"
AAU,Asau Airport,Asau,WS,Samoa,small_airport,"-13.505132, -172.627888"
APW,Faleolo International Airport,Apia,WS,Samoa,medium_airport,"-13.829999923706055, -172.00799560546875"
FGI,Fagali'i Airport,Apia,WS,Samoa,small_airport,"-13.849167, -171.739866"
MXS,Maota Airport,Maota,WS,Samoa,small_airport,"-13.7423, -172.257996"
PRN,Priština Adem Jashari International Airport,Prishtina,XK,Kosovo,medium_airport,"42.5728, 21.035801"
AAY,Al Ghaydah International Airport,Al Ghaydah,YE,Yemen,medium_airport,"16.193341, 52.174186"
ADE,Aden International Airport,Aden,YE,Yemen,medium_airport,"12.8295, 45.028801"
AXK,Ataq Airport,Ataq,YE,Yemen,medium_airport,"14.5513, 46.826199"
BHN,Beihan Airport,Beihan,YE,Yemen,small_airport,"14.781714, 45.719703"
BUK,Al-Bough Airport,Al-Bough,YE,Yemen,small_airport,"17.350352, 44.625542"
BYD,Al-Bayda Airport,Al-Bayda,YE,Yemen,small_airport,"14.105974, 45.441079"
DAH,Dathina Airport,Dathina,YE,Yemen,small_airport,"13.866884, 46.133473"
DHL,Ad-Dali Airport,Ad-Dali,YE,Yemen,small_airport,"13.73846, 44.72719"
EAB,Abs Airport,Abs,YE,Yemen,small_airport,"16.010983, 43.176771"
GXF,Seiyun Hadhramaut International Airport,Seiyun,YE,Yemen,medium_airport,"15.9661, 48.7883"
IHN,Qishn Airport,Qishn,YE,Yemen,small_airport,"15.417, 51.682999"
KAM,Kamaran Airport,Kamaran,YE,Yemen,small_airport,"15.368755, 42.612515"
MYN,Marib Airport,Marib,YE,Yemen,small_airport,"15.469228, 45.327272"
RIY,Riyan Mukalla International Airport,Riyan,YE,Yemen,medium_airport,"14.6626, 49.375"
RXA,Ar Rawdah Airport,Ar Rawdah,YE,Yemen,small_airport,"14.44872, 47.27955"
SAH,Sanaa International Airport,Sanaa,YE,Yemen,medium_airport,"15.4763, 44.2197"
SCT,Socotra International Airport,Mori,YE,Yemen,medium_airport,"12.6307, 53.9058"
SYE,Sadah Airport,Sa'dah,YE,Yemen,small_airport,"16.967542, 43.728103"
TAI,Ta'izz International Airport,Ta'izz,YE,Yemen,medium_airport,"13.6859998703, 44.139099121099996"
UKR,Mukeiras Airport,Mukayras,YE,Yemen,small_airport,"13.9368, 45.657"
WDA,"Al Ain Airport Ain District, Shabwah Governorate, Yemen",Ain District,YE,Yemen,small_airport,"14.859579, 45.545705"
DZA,Dzaoudzi Pamandzi International Airport,Dzaoudzi,YT,Mayotte,medium_airport,"-12.809319, 45.281815"
AAM,Malamala Airport,Malamala,ZA,South Africa,medium_airport,"-24.816866, 31.544085"
ADY,Alldays Airport,Alldays,ZA,South Africa,small_airport,"-22.679001, 29.0555"
AFD,Port Alfred Airport,Port Alfred,ZA,South Africa,small_airport,"-33.555057, 26.881656"
AGZ,Aggeneys Airport,Aggeneys,ZA,South Africa,medium_airport,"-29.281799, 18.8139"
ALJ,Alexander Bay Airport,Alexander Bay,ZA,South Africa,medium_airport,"-28.575001, 16.5333"
ASS,Arathusa Safari Lodge Airport,Arathusa,ZA,South Africa,small_airport,"-24.744165, 31.522499"
BFN,Bram Fischer International Airport,Bloemfontain,ZA,South Africa,medium_airport,"-29.092699, 26.302401"
BIY,Bisho Airport,Bisho,ZA,South Africa,medium_airport,"-32.897099, 27.2791"
CDO,Cradock Airport,Cradock,ZA,South Africa,small_airport,"-32.1567001343, 25.6455993652"
CPT,Cape Town International Airport,Cape Town,ZA,South Africa,large_airport,"-33.9648017883, 18.6016998291"
DUK,Mubatuba Airport,Mubatuba,ZA,South Africa,small_airport,"-28.36840057373047, 32.24810028076172"
DUR,King Shaka International Airport,Durban,ZA,South Africa,large_airport,"-29.6144444444, 31.1197222222"
ELL,Ellisras Matimba Airport,Ellisras,ZA,South Africa,small_airport,"-23.726699829101562, 27.68829917907715"
ELS,King Phalo Airport,East London,ZA,South Africa,medium_airport,"-33.035599, 27.825899"
EMG,Empangeni Airport,Empangeni,ZA,South Africa,small_airport,"-28.719999313354492, 31.889999389648438"
FCB,Ficksburg Sentraoes Airport,Ficksburg,ZA,South Africa,medium_airport,"-28.82309913635254, 27.908899307250977"
GCJ,Grand Central Airport,Midrand,ZA,South Africa,medium_airport,"-25.986299514799995, 28.1401004791"
GIY,Giyani Airport,Giyani,ZA,South Africa,small_airport,"-23.2833, 30.65"
GRJ,George Airport,George,ZA,South Africa,medium_airport,"-34.0056, 22.378902"
GSS,Sabi Sabi Airport,Belfast,ZA,South Africa,small_airport,"-24.947375434199998, 31.4488477707"
HDS,Hoedspruit Air Force Base Airport,Hoedspruit,ZA,South Africa,small_airport,"-24.368600845299998, 31.0487003326"
HLA,Lanseria International Airport,Johannesburg,ZA,South Africa,medium_airport,"-25.938499, 27.9261"
HLW,Hluhluwe Airport,Hluhluwe,ZA,South Africa,small_airport,"-28.0166049887, 32.2751712799"
HRS,Harrismith Airport,Harrismith,ZA,South Africa,medium_airport,"-28.2351, 29.106199"
HZV,Hazyview Airport,Hazyview,ZA,South Africa,small_airport,"-25.050100326538086, 31.131900787353516"
INY,Inyati Airport,Inyati,ZA,South Africa,small_airport,"-24.777700424194336, 31.385499954223633"
JNB,O.R. Tambo International Airport,Johannesburg,ZA,South Africa,large_airport,"-26.1392, 28.246"
JOH,Port St Johns Airport,Port St Johns,ZA,South Africa,medium_airport,"-31.60612, 29.52175"
KHO,Khoka Moya Airport,Khoka Moya,ZA,South Africa,small_airport,"-24.593000411987305, 31.41510009765625"
KIG,Koingnaas Airport,Koingnaas,ZA,South Africa,small_airport,"-30.187136, 17.282706"
KIM,Kimberley Airport,Kimberley,ZA,South Africa,medium_airport,"-28.802799224900003, 24.7651996613"
KLZ,Kleinsee Airport,Kleinsee,ZA,South Africa,medium_airport,"-29.6884002686, 17.093999862700002"
KMH,Johan Pienaar Airport,Kuruman,ZA,South Africa,medium_airport,"-27.45669937133789, 23.411399841308594"
KOF,Komatipoort Airport,Komatipoort,ZA,South Africa,small_airport,"-25.44029998779297, 31.93000030517578"
KXE,P C Pelser Airport,Klerksdorp,ZA,South Africa,medium_airport,"-26.871099, 26.718"
LAY,Ladysmith Airport,Ladysmith,ZA,South Africa,medium_airport,"-28.5816993713, 29.749700546299998"
LCD,Louis Trichardt Airport,Louis Trichardt,ZA,South Africa,small_airport,"-23.061899185180664, 29.864700317382812"
LDZ,Londolozi Airport,Londolozi,ZA,South Africa,small_airport,"-24.7478, 31.4743"
LLE,Malelane Airport,Malelane,ZA,South Africa,small_airport,"-25.473333, 31.565556"
LMR,Lime Acres Finsch Mine Airport,Lime Acres,ZA,South Africa,medium_airport,"-28.36009979248047, 23.43910026550293"
LTA,Tzaneen Airport,Tzaneen,ZA,South Africa,medium_airport,"-23.8244, 30.3293"
LUJ,Lusikisiki Airport,Lusikisiki,ZA,South Africa,small_airport,"-31.36669921875, 29.58329963684082"
MBD,Mmabatho International Airport,Mafeking,ZA,South Africa,medium_airport,"-25.798400878900004, 25.548000335699996"
MBM,Mkambati Airport,Mkambati,ZA,South Africa,small_airport,"-31.2849, 29.9884"
MEZ,Musina(Messina) Airport,Musina,ZA,South Africa,small_airport,"-22.355672, 29.9862"
MGH,Margate Airport,Margate,ZA,South Africa,medium_airport,"-30.8574008942, 30.343000412"
MQP,Kruger Mpumalanga International Airport,Mpumalanga,ZA,South Africa,medium_airport,"-25.3831996918, 31.1056003571"
MWR,Motswari Airport,Motswari Private Game Reserve,ZA,South Africa,small_airport,"-24.1903, 31.3864"
MZQ,Mkuze Airport,Mkuze,ZA,South Africa,medium_airport,"-27.626100540161133, 32.0443000793457"
MZY,Mossel Bay Airport,Mossel Bay,ZA,South Africa,small_airport,"-34.158746, 22.055676"
NCS,Newcastle Airport,Newcastle,ZA,South Africa,medium_airport,"-27.7705993652, 29.976900100699996"
NGL,Ngala Airport,Ngala,ZA,South Africa,small_airport,"-24.389, 31.326"
NLP,Nelspruit Airport,Nelspruit,ZA,South Africa,small_airport,"-25.5, 30.9137992859"
NTY,Pilanesberg International Airport,Pilanesberg,ZA,South Africa,small_airport,"-25.333799, 27.173401"
OUH,Oudtshoorn Airport,Oudtshoorn,ZA,South Africa,medium_airport,"-33.6069984436, 22.188999176"
OVG,Overberg Airport,Overberg,ZA,South Africa,small_airport,"-34.563474, 20.252438"
PBZ,Plettenberg Bay Airport,Plettenberg Bay,ZA,South Africa,medium_airport,"-34.08816, 23.328723"
PCF,Potchefstroom Airport,Potchefstroom,ZA,South Africa,medium_airport,"-26.670999527, 27.0818996429"
PHW,Hendrik Van Eck Airport,Phalaborwa,ZA,South Africa,medium_airport,"-23.937200546299998, 31.1553993225"
PLZ,Chief Dawid Stuurman International Airport,Gqeberha (Port Elizabeth),ZA,South Africa,medium_airport,"-33.984901, 25.6173"
PRK,Prieska Airport,Prieska,ZA,South Africa,small_airport,"-29.6835994720459, 22.770599365234375"
PRY,Wonderboom Airport,Pretoria,ZA,South Africa,medium_airport,"-25.6539, 28.224199"
PTG,Polokwane International Airport,Polokwane,ZA,South Africa,medium_airport,"-23.845269, 29.458615"
PZB,Pietermaritzburg Airport,Pietermaritzburg,ZA,South Africa,medium_airport,"-29.649000167799997, 30.3987007141"
PZL,Zulu Inyala Airport,Phinda,ZA,South Africa,small_airport,"-27.84939956665039, 32.30970001220703"
QRA,Rand Airport,Johannesburg,ZA,South Africa,medium_airport,"-26.2425, 28.151199"
RCB,Richards Bay Airport,Richards Bay,ZA,South Africa,medium_airport,"-28.740999221800003, 32.0920982361"
ROD,Robertson Airport,Robertson,ZA,South Africa,medium_airport,"-33.812199, 19.9028"
RVO,Reivilo Airport,Reivilo,ZA,South Africa,small_airport,"-27.547199249267578, 24.172500610351562"
SBU,Springbok Airport,Springbok,ZA,South Africa,medium_airport,"-29.689300537109375, 17.939599990844727"
SDB,Langebaanweg Airport,Langebaanweg,ZA,South Africa,medium_airport,"-32.968898773199996, 18.1602993011"
SIS,Sishen Airport,Sishen,ZA,South Africa,medium_airport,"-27.6486, 22.9993"
SSX,Singita Safari Lodge Airport,Singita Safari Lodge,ZA,South Africa,small_airport,"-24.801985, 31.42194"
SZK,Skukuza Airport,Skukuza,ZA,South Africa,medium_airport,"-24.960899353, 31.5886993408"
TCU,Thaba Nchu Tar Airport,Homeward,ZA,South Africa,small_airport,"-29.317800521850586, 26.822799682617188"
TDT,Tanda Tula Airport,Timbavati,ZA,South Africa,small_airport,"-24.525533, 31.289748"
THY,Thohoyandou Airport,Thohoyandou,ZA,South Africa,small_airport,"-23.0769, 30.3836"
TSD,Tshipise Airport,Tshipise,ZA,South Africa,small_airport,"-22.619300842285156, 30.175600051879883"
ULD,Prince Mangosuthu Buthelezi Airport,Ulundi,ZA,South Africa,medium_airport,"-28.3206005096, 31.4165000916"
ULX,Ulusaba Airport,Ulusaba,ZA,South Africa,small_airport,"-24.7854003906, 31.3549003601"
UTE,Bultfontein Airport,Bultfontein,ZA,South Africa,small_airport,"-28.273369, 26.135835"
UTN,Pierre Van Ryneveld Airport,Upington,ZA,South Africa,medium_airport,"-28.39909935, 21.260200500499998"
UTT,K. D. Matanzima Airport,Mthatha,ZA,South Africa,medium_airport,"-31.546363184900002, 28.6733551025"
UTW,Queenstown Airport,Queenstown,ZA,South Africa,medium_airport,"-31.92020034790039, 26.882200241088867"
VIR,Virginia Airport,Durban,ZA,South Africa,medium_airport,"-29.770599, 31.058399"
VRE,Vredendal Airport,Vredendal,ZA,South Africa,medium_airport,"-31.641000747680664, 18.5447998046875"
VRU,Vryburg Airport,Vyrburg,ZA,South Africa,medium_airport,"-26.9824008942, 24.7287998199"
VYD,Vryheid Airport,Vryheid,ZA,South Africa,small_airport,"-27.78689956665039, 30.79640007019043"
WEL,Welkom Airport,Welkom,ZA,South Africa,small_airport,"-27.996825, 26.663334"
WKF,Waterkloof Air Force Base,Pretoria,ZA,South Africa,medium_airport,"-25.829999923699997, 28.222499847399998"
ZEC,Secunda Airport,Secunda,ZA,South Africa,medium_airport,"-26.52409935, 29.170099258399997"
BBZ,Zambezi Airport,Zambezi,ZM,Zambia,small_airport,"-13.535996, 23.10559"
CGJ,Kasompe Airport,Chingola,ZM,Zambia,medium_airport,"-12.572799682617, 27.893899917603"
CGX,Chunga Airstrip,Chunga,ZM,Zambia,small_airport,"-15.053957, 25.985673"
CIP,Chipata Airport,Chipata,ZM,Zambia,small_airport,"-13.5583, 32.5872"
JEK,Jeki Airport,Jeki,ZM,Zambia,small_airport,"-15.6334, 29.6036"
KAA,Kasama Airport,Kasama,ZM,Zambia,small_airport,"-10.210169, 31.123045"
KIW,Southdowns Airport,Kitwe,ZM,Zambia,medium_airport,"-12.9005, 28.1499"
KLB,Kalabo Airport,Kalabo,ZM,Zambia,small_airport,"-14.998818, 22.648372"
KMZ,Kaoma Airport,Kaoma,ZM,Zambia,small_airport,"-14.8, 24.783001"
LUN,Kenneth Kaunda International Airport,Lusaka,ZM,Zambia,large_airport,"-15.330833, 28.452722"
LVI,Harry Mwanga Nkumbula International Airport,Livingstone,ZM,Zambia,medium_airport,"-17.8218, 25.822701"
LXU,Lukulu Airport,Lukulu,ZM,Zambia,small_airport,"-14.375891, 23.248648"
MFU,Mfuwe Airport,Mfuwe,ZM,Zambia,medium_airport,"-13.258899688720703, 31.936599731445312"
MMQ,Mbala Airport,Mbala,ZM,Zambia,small_airport,"-8.85917, 31.336399"
MNR,Mongu Airport,Mongu,ZM,Zambia,medium_airport,"-15.2545, 23.1623"
MNS,Mansa Airport,Mansa,ZM,Zambia,small_airport,"-11.137, 28.872601"
NLA,Simon Mwansa Kapwepwe International Airport,Ndola,ZM,Zambia,medium_airport,"-12.961667, 28.516667"
RYL,Royal Zambezi Lodge Airstrip,Lower Zambezi River,ZM,Zambia,small_airport,"-15.724789, 29.303541"
SJQ,Sesheke Airport,Sesheke,ZM,Zambia,small_airport,"-17.47632, 24.306089"
SLI,Solwesi Airport,Solwesi,ZM,Zambia,small_airport,"-12.173700332641602, 26.365100860595703"
SXG,Senanga Airport,Senanga,ZM,Zambia,small_airport,"-16.113, 23.2982"
UMB,Kalumbila Airport,Kalumbila,ZM,Zambia,medium_airport,"-12.25358, 25.44432"
ZGM,Ngoma Airport,Ngoma,ZM,Zambia,small_airport,"-15.9658, 25.9333"
ZKB,Kasaba Bay Airport,Kasaba Bay,ZM,Zambia,small_airport,"-8.525, 30.663"
BFO,Buffalo Range Airport,Chiredzi,ZW,Zimbabwe,medium_airport,"-21.008101, 31.5786"
BUQ,Joshua Mqabuko Nkomo International Airport,Bulawayo,ZW,Zimbabwe,medium_airport,"-20.017401, 28.617901"
BZH,Bumi Hills Airport,Bumi,ZW,Zimbabwe,small_airport,"-16.816485, 28.344786"
CHJ,Chipinge Airport,Chipinge,ZW,Zimbabwe,small_airport,"-20.206699, 32.6283"
GWE,Gweru - Thornhill Air Base,Gweru,ZW,Zimbabwe,medium_airport,"-19.436718, 29.861945"
HRE,Robert Gabriel Mugabe International Airport,Harare,ZW,Zimbabwe,large_airport,"-17.931801, 31.0928"
HWN,Hwange National Park Airport,Gwayi River Farms,ZW,Zimbabwe,medium_airport,"-18.6299, 27.021"
KAB,Kariba International Airport,Kariba,ZW,Zimbabwe,medium_airport,"-16.5198, 28.885"
MJW,Mahenye Airport,Gonarezhou National Park,ZW,Zimbabwe,small_airport,"-21.231, 32.3336"
MVZ,Masvingo International Airport,Masvingo,ZW,Zimbabwe,medium_airport,"-20.0553, 30.8591"
UTA,Mutare Airport,Mutare,ZW,Zimbabwe,small_airport,"-18.997499465942, 32.627201080322"
VFA,Victoria Falls International Airport,Victoria Falls,ZW,Zimbabwe,medium_airport,"-18.09589958190918, 25.839000701904297"
WKI,Hwange (Town) Airport,Hwange,ZW,Zimbabwe,small_airport,"-18.362967, 26.519791"
ADI,Arandis Airport,Arandis,NA,Namibia,medium_airport,"-22.461875, 14.979322"
AIW,Ai-Ais Airport,Ai-Ais,NA,Namibia,small_airport,"-27.995, 17.5966"
BQI,Bagani Airport,Bagani,NA,Namibia,small_airport,"-18.11848, 21.623296"
ERS,Eros Airport,Windhoek,NA,Namibia,medium_airport,"-22.612199783325195, 17.080400466918945"
GFY,Grootfontein Airport,Grootfontein,NA,Namibia,medium_airport,"-19.6022, 18.1227"
GOG,Gobabis Airport,Gobabis,NA,Namibia,small_airport,"-22.5044, 18.973101"
HAL,Halali Airport,Halali,NA,Namibia,small_airport,"-19.0285, 16.4585"
KAS,Karasburg Airport,Karasburg,NA,Namibia,small_airport,"-28.0297, 18.7385"
KMP,Keetmanshoop Airport,Keetmanshoop,NA,Namibia,medium_airport,"-26.539801, 18.111401"
LHU,Lianshulu Lodge Airstrip,Muneambuanas,NA,Namibia,small_airport,"-18.116495, 23.39346"
LUD,Luderitz Airport,Luderitz,NA,Namibia,medium_airport,"-26.687400817871094, 15.242899894714355"
MJO,Mount Etjo Airport,Mount Etjo Safari Lodge,NA,Namibia,small_airport,"-21.0233001709, 16.4528007507"
MPA,Katima Mulilo Airport,Mpacha,NA,Namibia,medium_airport,"-17.634258, 24.176688"
MQG,Midgard Airport,Midgard,NA,Namibia,small_airport,"-22.0106, 17.37"
NDU,Rundu Airport,Rundu,NA,Namibia,medium_airport,"-17.956499099731, 19.719400405884"
NNI,Namutoni Airport,Namutoni,NA,Namibia,small_airport,"-18.8064, 16.9272"
OGV,Ongava Lodge Airstrip,Ombika,NA,Namibia,small_airport,"-19.328533, 15.915003"
OHI,Oshakati Airport,Oshakati,NA,Namibia,small_airport,"-17.797, 15.6993"
OKF,Okaukuejo Airport,Okaukuejo,NA,Namibia,small_airport,"-19.1492, 15.9119"
OKU,Mokuti Lodge Airport,Mokuti Lodge,NA,Namibia,small_airport,"-18.812799, 17.059401"
OMD,Oranjemund Airport,Oranjemund,NA,Namibia,medium_airport,"-28.5847, 16.446699"
OMG,Omega Airport,Omega,NA,Namibia,small_airport,"-18.0303, 22.189699"
OND,Ondangwa Airport,Ondangwa,NA,Namibia,medium_airport,"-17.878201, 15.9526"
OPW,Opuwa Airport,Opuwa,NA,Namibia,small_airport,"-18.061424, 13.85047"
OTJ,Otjiwarongo Airport,Otjiwarongo,NA,Namibia,small_airport,"-20.4347, 16.660801"
RHN,Skorpion Mine Airport,Rosh Pinah,NA,Namibia,small_airport,"-27.8764, 16.6478"
SWP,Swakopmund Municipal Aerodrome,Swakopmund,NA,Namibia,small_airport,"-22.6619, 14.5681"
SZM,Sesriem Airport,Sesriem,NA,Namibia,small_airport,"-24.5128, 15.7467"
TCY,Terrace Bay Airport,Terrace Bay,NA,Namibia,small_airport,"-19.9713, 13.0249"
TSB,Tsumeb Airport,Tsumeb,NA,Namibia,medium_airport,"-19.26189994812, 17.732500076294"
WDH,Hosea Kutako International Airport,Windhoek,NA,Namibia,large_airport,"-22.4799, 17.4709"
WVB,Walvis Bay Airport,Rooikop,NA,Namibia,medium_airport,"-22.979332, 14.647102"
AEI,Algeciras,Algeciras,ES,Spain,heliport,"36.1288, -5.4411"
AGM,Tasiilaq,Tasiilaq,GL,Greenland,heliport,"65.6125, -37.6253"
AGN,Angoon,Angoon,US,United States,seaplane_base,"57.5036, -134.585"
AHA,Naha Air Force Base,Naha,JP,Japan,medium_airport,"26.1958, 127.646"
AOQ,Aappilattoq-Upernanik Heliport,Aappilattoq,GL,Greenland,heliport,"72.8833, -55.9833"
BPR,Borongan,Borongan,PH,Philippines,medium_airport,"11.6706, 125.4789"
BSZ,Manas,Bishkek,KG,Kyrgyzstan,medium_airport,"43.0613, 74.4776"
BYY,Yabello,Yabello,ET,Ethiopia,small_airport,"4.8833, 38.0833"
CGA,Craig,Craig,US,United States,seaplane_base,"55.4742, -133.136"
CXH,Vancouver Coal Harbour,Vancouver,CA,Canada,seaplane_base,"49.2894, -123.1169"
DHH,Brkol Dahe,Hami,CN,China,medium_airport,"43.6067, 92.8361"
DPP,Datia,Datia,IN,India,small_airport,"25.6833, 78.4667"
EDA,Edna Bay,Edna Bay,US,United States,seaplane_base,"55.9753, -133.6631"
EKK,Ekiti Agro Allied Cargo,Ado Ekiti,NG,Nigeria,medium_airport,"7.5458, 5.3056"
ELV,Elfin Cove,Elfin Cove,US,United States,seaplane_base,"58.1947, -136.3469"
HHP,Sheung Wan Heliport,Hong Kong,HK,Hong Kong,heliport,"22.2881, 114.1528"
HYG,Hydaburg Sea Plane Base,Hydaburg,US,United States,seaplane_base,"55.2047, -132.825"
HYL,Hollis,Hollis,US,United States,seaplane_base,"55.4853, -132.6519"
IKE,Ikerasak Heliport,Ikerasak,GL,Greenland,heliport,"70.5117, -51.3033"
IOQ,Isortoq Heliport,Isortoq,GL,Greenland,heliport,"65.5483, -38.9717"
IUI,Innarsuit Heliport,Innarsuit,GL,Greenland,heliport,"72.8058, -56.0272"
JCH,Qasigiannguit,Qasigiannguit,GL,Greenland,heliport,"68.8214, -51.1739"
JCU,Ceuta Heliport,Ceuta,ES,Spain,heliport,"35.8925, -5.3083"
JGO,Qeqertarsuaq Heliport,Qeqertarsuaq,GL,Greenland,heliport,"69.245, -53.5358"
JJU,Qaqortoq,Qaqortoq,GL,Greenland,heliport,"60.7161, -46.0319"
JNH,Jiaxing Nanhu,Jiaxing,CN,China,medium_airport,"30.7417, 120.6861"
JNN,Nanortalik Heliport,Nanortalik,GL,Greenland,heliport,"60.1342, -45.2344"
JNS,Narsaq Heliport,Narsaq,GL,Greenland,heliport,"60.9161, -46.0469"
JRK,Arsuk Heliport,Arsuk,GL,Greenland,heliport,"61.1683, -48.4553"
JUK,Ukkusissat Heliport,Ukkusissat,GL,Greenland,heliport,"71.0531, -51.8903"
KAE,Kake Sea Plane Base,Kake,US,United States,seaplane_base,"56.9744, -133.9406"
KCC,Coffman Cove,Coffman Cove,US,United States,seaplane_base,"56.0128, -132.8272"
KGQ,Kangersuatsiaq Heliport,Kangersuatsiaq,GL,Greenland,heliport,"72.3811, -55.5264"
KHQ,Kullorsuaq Heliport,Kullorsuaq,GL,Greenland,heliport,"74.5761, -57.2189"
KIV,Chisinau,Chisinau,MD,Moldova,medium_airport,"46.9277, 28.931"
KPB,Point Baker,Point Baker,US,United States,seaplane_base,"56.3517, -133.6231"
KTB,Thorne Bay,Thorne Bay,US,United States,seaplane_base,"55.6811, -132.5317"
KTI,Kratie,Kratie,KH,Cambodia,small_airport,"12.5181, 106.015"
KUB,Kunsan Ab,Gunsan,KR,South Korea,medium_airport,"35.9039, 126.616"
KUZ,Kuummiit Heliport,Kuummiit,GL,Greenland,heliport,"65.8642, -37.0097"
KVD,Gyandzha,Ganja,AZ,Azerbaijan,medium_airport,"40.7366, 46.3181"
KXA,Kasaan,Kasaan,US,United States,seaplane_base,"55.5392, -132.3989"
LKE,Lake Union Sea Plane Base,Seattle,US,United States,seaplane_base,"47.6292, -122.3389"
LLU,Alluitsup Paa Heliport,Alluitsup Paa,GL,Greenland,heliport,"60.4631, -45.5683"
MCM,Monaco,Monaco,MC,Monaco,heliport,"43.7256, 7.4189"
MLH,Bale Mulhouse,Mulhouse,FR,France,medium_airport,"47.59, 7.5292"
MTM,Metlakatla,Metlakatla,US,United States,seaplane_base,"55.1306, -131.5794"
NIQ,Niaqornat Heliport,Niaqornat,GL,Greenland,heliport,"70.7911, -53.6492"
NKI,Naukiti,Naukiti,US,United States,seaplane_base,"55.8731, -133.1894"
NSB,Bimini,Bimini,BS,Bahamas,seaplane_base,"25.7275, -79.2981"
NSQ,Nuussuaq Heliport,Nuussuaq,GL,Greenland,heliport,"74.1119, -56.1478"
NVK,Framnes,Narvik,NO,Norway,medium_airport,"68.4361, 17.3872"
OBY,Ittoqqortoormiit Heliport,Ittoqqortoormiit,GL,Greenland,heliport,"70.4858, -21.9825"
PEC,Pelican,Pelican,US,United States,seaplane_base,"57.9575, -136.2239"
PHH,Phan Thiet,Phan Thiet,VN,Vietnam,medium_airport,"10.9333, 108.1"
PPV,Port Protection,Port Protection,US,United States,seaplane_base,"56.3267, -133.6125"
PQT,Qeqertaq Heliport,Qeqertaq,GL,Greenland,heliport,"70.0039, -51.3094"
PUM,Pomala,Pomalaa,ID,Indonesia,small_airport,"-4.1833, 121.6"
PXN,Purnea,Purnia,IN,India,medium_airport,"25.76, 87.4092"
QCU,Akunnaag Heliport,Akunnaaq,GL,Greenland,heliport,"68.4489, -52.3278"
QDU,Dusseldorf Hauptbahnhof,Düsseldorf,DE,Germany,train_station,"51.2198, 6.7938"
QFI,Iginniarfik Heliport,Iginniarfik,GL,Greenland,heliport,"68.1492, -53.1728"
QFN,Narsaq Kujalleq Heliport,Narsaq Kujalleq,GL,Greenland,heliport,"59.9408, -44.3853"
QGQ,Attu Heliport,Attu,GL,Greenland,heliport,"67.9391, -53.6231"
QJE,Kitsissuarsuit Heliport,Kitsissuarsuit,GL,Greenland,heliport,"68.8569, -53.1189"
QJG,Itilleq,Itilleq,GL,Greenland,heliport,"66.5781, -53.4981"
QJI,Ikamiut Heliport,Ikamiut,GL,Greenland,heliport,"68.6331, -51.8319"
QKL,Cologne Railway,Cologne,DE,Germany,train_station,"50.9431, 6.9586"
QMK,Niagornaarsuk Heliport,Niaqornaarsuk,GL,Greenland,heliport,"68.2375, -52.8681"
QPP,Berlin Hauptbahnhof,Berlin,DE,Germany,train_station,"52.5251, 13.3694"
QPW,Kangaatsiaq Heliport,Kangaatsiaq,GL,Greenland,heliport,"68.3075, -53.4619"
QQP,Paddington Station,London,GB,United Kingdom,train_station,"51.5167, -0.1764"
QQS,St Pancras Railway Station,London,GB,United Kingdom,train_station,"51.5314, -0.1261"
QRY,Ikerasaarsuk Heliport,Ikerasaarsuk,GL,Greenland,heliport,"68.1369, -53.5489"
QUP,Saqqaq Heliport,Saqqaq,GL,Greenland,heliport,"70.0108, -51.9442"
QUV,Aappilattoq-Nanortalik Heliport,Aappilattoq,GL,Greenland,heliport,"60.155, -44.2867"
QUW,Ammassivik Heliport,Ammassivik,GL,Greenland,heliport,"60.5969, -45.3958"
RTW,Central,Saratov,RU,Russia,medium_airport,"51.565, 46.0467"
SAE,Saattut Heliport,Saattut,GL,Greenland,heliport,"70.8031, -51.6219"
SGG,Sermiligaaq Heliport,Sermiligaaq,GL,Greenland,heliport,"65.8978, -36.3811"
SPB,St. Thomas Seaplane Base,Charlotte Amalie,VI,U.S. Virgin Islands,seaplane_base,"18.3386, -64.9433"
SRK,Siorapaluk Heliport,Siorapaluk,GL,Greenland,heliport,"77.7847, -70.6272"
SSB,Christiansted Harbor Seaplane Base,Christiansted,VI,U.S. Virgin Islands,seaplane_base,"17.7497, -64.7061"
SVR,Savissivik Heliport,Savissivik,GL,Greenland,heliport,"76.0225, -65.0811"
SXF,Berlin Schönefeld,Berlin,DE,Germany,medium_airport,"52.38, 13.5225"
SZC,Sarfannguit Heliport,Sarfannguit,GL,Greenland,heliport,"66.8997, -52.8631"
TKE,Tenakee Springs,Tenakee Springs,US,United States,seaplane_base,"57.7783, -135.2167"
TQA,Tasiusaq Heliport (Upernavik),Tasiusaq,GL,Greenland,heliport,"73.3664, -56.0561"
TQI,Tiniteqilaaq Heliport,Tiniteqilaaq,GL,Greenland,heliport,"65.885, -37.7797"
TQR,San Domino Island Heliport,San Domino Island,IT,Italy,heliport,"42.1178, 15.4907"
UMD,Uummannaq,Uummannaq,GL,Greenland,heliport,"70.6781, -52.1283"
UPK,Upernavik Kujalleq Heliport,Upernavik Kujalleq,GL,Greenland,heliport,"72.1558, -55.5264"
VIF,Vieste Heliport,Vieste,IT,Italy,heliport,"41.8906, 16.1558"
VLO,Vlora airport,Vlorë,AL,Albania,medium_airport,"40.6055, 19.4261"
VRY,Vaeroy Heliport,Værøy,NO,Norway,heliport,"67.6533, 12.6842"
WFB,Ketchikan Harbor Sea Plane Base,Ketchikan,US,United States,seaplane_base,"55.3414, -131.6744"
WMK,Meyers Chuck,Meyers Chuck,US,United States,seaplane_base,"55.7431, -132.2614"
WPL,Powell Lake,Powell River,CA,Canada,seaplane_base,"49.8833, -124.5333"
WWP,Whale Pass,Whale Pass,US,United States,seaplane_base,"56.1136, -133.1206"
XDB,Lille,Lille,FR,France,train_station,"50.6394, 3.0758"
XDS,Train Station,Ottawa,CA,Canada,train_station,"45.4161, -75.6517"
XEF,Train Station,Florence,IT,Italy,train_station,"43.7765, 11.2479"
XEG,Kingston Train Station,Kingston,CA,Canada,train_station,"44.2589, -76.5303"
XEQ,Tasiusaq (Nanotalik) Heliport,Tasiusaq,GL,Greenland,heliport,"60.1558, -44.5931"
XIQ,Ilimanaq Heliport,Ilimanaq,GL,Greenland,heliport,"69.0789, -51.0708"
XNB,Dubai,Dubai,AE,United Arab Emirates,bus_station,"25.2667, 55.3"
XSH,Saint-Pierre-des-Corps,Tours,FR,France,train_station,"47.3853, 0.7258"
XWG,Gare de Strasbourg,Strasbourg,FR,France,train_station,"48.5851, 7.7342"
XYD,Lyon Part-Dieu Railway,Lyon,FR,France,train_station,"45.7606, 4.8597"
XZM,Macau Ferry Pier,Macau,MO,Macau,ferry_port,"22.2, 113.55"
YGG,Ganges Seaplane Base,Ganges,CA,Canada,seaplane_base,"48.85, -123.5"
YHH,Campbell River Sea Plane Base,Campbell River,CA,Canada,seaplane_base,"50.0406, -125.2472"
YTP,Tofino Harbour Sea Plane Base,Tofino,CA,Canada,seaplane_base,"49.1531, -125.9011"
YWH,Victoria Inner Harbour,Victoria,CA,Canada,seaplane_base,"48.4233, -123.3883"
YWS,Green Lake Sea Plane Base,Whistler,CA,Canada,seaplane_base,"50.1444, -122.9483"
ZFV,Philadelphia 30th St Station,Philadelphia,US,United States,train_station,"39.9558, -75.182"
ZGC,Zhongchuan,Lanzhou,CN,China,large_airport,"36.5167, 103.6211"
ZNA,Nanaimo Harbour Water,Nanaimo,CA,Canada,seaplane_base,"49.165, -123.9358"
ZWS,Stuttgart Railway Station,Stuttgart,DE,Germany,train_station,"48.7831, 9.1811"
ZYA,Amsterdam Centraal,Amsterdam,NL,Netherlands,train_station,"52.3792, 4.9003"
ZYK,Shekou Port,Shenzhen,CN,China,ferry_port,"22.4667, 113.9167"
ZYR,Brussels Gare du Midi,Brussels,BE,Belgium,train_station,"50.8358, 4.3364"